# source=derived from resources/aligned_lex/arb.tsv + strongs_freq.tsv (roadmap R2: function-word stopwords); license=inherits aligned_lex
surface	codes	max_share
丌禺賻乇購賵賳賻	G0243	0.714
丌賲賽賷賳	G0281	1.000
丌賲賽賷賳賻	G0281,H0543	0.586
丌賴賽	H0162,H0577,H1945	0.368
兀賻兀賻賳賿鬲賻	G4771,H0859	0.448
兀賻亘賻丿丕賸	G1519,G2532,G3756	0.463
兀賻孬賿賳賻丕亍賽	G1722,G2532,G3342	0.438
兀賻噩賿賱賽	G1223,H5921	0.217
兀賻噩賿賱賽賰購賲賿	G1223,G4012,G5228	0.292
兀賻噩賿賱賽賳賻丕	G1223,G5228,H1157,H4480	0.600
兀賻噩賿賱賽賴賽	G0846,G1223,G4012	0.444
兀賻噩賿賱賽賷	G1752,G5228,H1157	0.619
兀賻爻賻丕爻賽	G1223,G1537,G2596	0.571
兀賻爻賿賮賻賱購	G2736,H4295,H8478	0.435
兀賻賮賻賱丕	G3756,G3780	0.500
兀賻賮賻賱賻丕	G3756,G3780,H3808	0.533
兀賻賮賻賲賻丕	G3756,H3808	0.500
兀賻賱丕	G3756,G3768,G3780	0.684
兀賻賱賻丕	G3756,H3808	0.615
兀賻賱賻爻賿鬲賻	G3361,G3756,G3780,H3808	0.400
兀賻賱賻爻賿鬲購賲賿	G3756,G3780	0.750
兀賻賱賻毓賻賱賾賻	G3361,G3385	0.692
兀賻賱賻賲賿	G3756,H3808	0.525
兀賻賱賻賷賿爻賻	G3756,G3780,H3808	0.532
兀賻賱賻賷賿爻賻鬲賿	G3756,G3780,H3808	0.542
兀賻賱賾丕	G3361,G3756	0.674
兀賻賲賻丕	G3756,H3808	0.514
兀賻賲賻賾丕	G1161	0.713
兀賻賲賽	G1535,G2228	0.484
兀賻賲賾賻丕	G1161	0.128
兀賻賲賿	G1535,G2228,H0518	0.508
兀賻賳賻丕	G1473,H0589,H0595	0.368
兀賻賳賻賾	G1161,G3754	0.491
兀賻賳賻賾賰賻	G3754	0.806
兀賻賳賻賾賰購賲賿	G3754	0.444
兀賻賳賻賾賳賻丕	G1161,G3754	0.512
兀賻賳賻賾賴購	G3754	0.523
兀賻賳賻賾賴購賲賿	G1161,G2532,G3754	0.205
兀賻賳賽賾賷	G1161,G3754	0.414
兀賻賳賾賻	G3754,H3588	0.255
兀賻賳賾賻賰賻	G3754,H3588	0.321
兀賻賳賾賻賰購賲賿	G3754,H3588	0.300
兀賻賳賾賻賳賻丕	G3754,H3588	0.615
兀賻賳賾賻賴賻丕	G3754,H3588	0.477
兀賻賳賾賻賴購	G3754,H3588	0.316
兀賻賳賾賻賴購賲賿	G3754,H0834,H3588	0.263
兀賻賳賾賽賷	G3754,H3588	0.508
兀賻賳賿鬲賻	G4771,H0859	0.560
兀賻賳賿鬲購賲購	G3588,G5210,H0859	0.250
兀賻賳賿鬲購賲賿	G5210,H0859	0.392
兀賻賳賿鬲賽	H0859	0.638
兀賻賵賻	G2228,G3361,G3761,G3780,H0518	0.500
兀賻賵賽	G2228,H0176	0.346
兀賻賵賿	G2228,H0176	0.406
兀賻賷賻賾	G3367,G3739,G5101	0.273
兀賻賷賾購	G5101,H4100,H4310	0.273
兀賻賷賿囟丕賸	G2532	0.842
兀賻賷賿囟賸丕	G2532,H1571	0.432
兀賻賷賿賳賻	G4159,G4226,H0346	0.326
兀購賵賱卅賽賰賻	G1565,G3588	0.222
兀購賵賱賻卅賽賰賻	G1565,H0428,H1992	0.320
廿賽匕賸丕	G0686,G3767,G5620	0.309
廿賽匕賻丕	H3588	0.272
廿賽匕賻賳賿	G0686,G3767,G5620	0.591
廿賽匕賿	G1063	0.111
廿賽賱賻丕	H3588,H7535	0.500
廿賽賱賻賶	G1519,H0413,H5704	0.212
廿賽賱賻賷賻賾	G3427,G4314	0.490
廿賽賱賻賷賾賻	H0413	0.788
廿賽賱賻賷賿賰賻	G4314,H0413	0.613
廿賽賱賻賷賿賰購賲賿	G4314,G5213,H0413	0.384
廿賽賱賻賷賿賰賽	H0413,H5704,H5921	0.500
廿賽賱賻賷賿賳賻丕	G4314,H0413	0.300
廿賽賱賻賷賿賴賻丕	H0413,H8033	0.413
廿賽賱賻賷賿賴賽	G0846,G4314,H0413	0.333
廿賽賱賻賷賿賴賽賲賻丕	G0846,H0413	0.364
廿賽賱賻賷賿賴賽賲賿	G0846,G4314,H0413	0.306
廿賽賱賾丕	G1161,G1487	0.335
廿賽賱賾賻丕	G1487,H3588,H7535	0.410
廿賽賳賻賾	G3754	0.356
廿賽賳賻賾賲賻丕	G0235,G1161	0.265
廿賽賳賻賾賴購	G3754	0.255
廿賽賳賽	G1437,G1487,H0518	0.344
廿賽賳賾賻	G3754,H3588	0.221
廿賽賳賾賻賰賻	G3754,H0859,H3588	0.231
廿賽賳賾賻賰購賲賿	G3754,H0859,H3588	0.357
廿賽賳賾賻賲賻丕	H0389,H3588,H7535	0.353
廿賽賳賾賻賳賻丕	G3754,H0587	0.179
廿賽賳賾賻賴賻丕	H1931,H1992	0.521
廿賽賳賾賻賴購	G3754,H1931,H3588	0.245
廿賽賳賾賻賴購賲賿	G3754,H1992,H3588	0.152
廿賽賳賾賽賷	H0589,H3588	0.131
廿賽賳賿	G1437,G1487,H0518	0.300
丕孬賿賳賻丕	G1427	1.000
丕孬賿賳賻鬲賻賷賿	G1427	0.923
丕孬賿賳賻賷賿賳賽	G1417	0.952
丕賱丌亘賻	G3588	0.931
丕賱丌亘賽丿賽賷賳賻	G3588	0.950
丕賱丌禺賻乇賻	G0240,G3588	0.471
丕賱丌賳賻	G0737,G3568	0.517
丕賱兀賻亘賻丿賽	G3588	0.875
丕賱兀賻乇賿囟賽	G3588	0.845
丕賱兀賻乇賿睾賽賮賻丞賻	G3588	0.909
丕賱兀賻賲賿乇賽	G3588	0.355
丕賱兀賻賷賻賾丕賲賽	G3588	0.897
丕賱兀購乇賿丿購賳賽賾	G3588	1.000
丕賱兀購賲賻賲賻	G3588	0.917
丕賱兀購賵賱賻賶	G2532,G3588	0.667
丕賱廿賽賳賿噩賽賷賱賽	G3588,G3739	0.852
丕賱丕賽亘賿賳賻	G3588	1.000
丕賱丕賽亘賿賳購	G3588	1.000
丕賱丕賽孬賿賳賻賷賿	G3588	0.938
丕賱鬲賻賾丕賱賽賷	G1161,G3588	0.333
丕賱鬲賻賾賱丕賲賽賷匕購	G3588	0.765
丕賱鬲賻賾賱丕賲賽賷匕賽	G3588	0.893
丕賱丿賻賾丕禺賽賱賽	G2080,G2081	0.667
丕賱乇賻賾噩購賱購	G3588,G3778	0.600
丕賱乇購賾爻購賱購	G3588	0.882
丕賱乇購賾爻購賱賽	G3588	0.818
丕賱夭賻賾賲賻丕賳賽	G3588	0.714
丕賱爻賻賾亘賻亘賽	G1223,G5484	0.650
丕賱爻賻賾亘賿毓賻丞購	G2033,G3588	0.833
丕賱爻賻賾亘賿毓賻丞賽	G2033,G3588	0.615
丕賱爻賻賾賲賻丕亍賻	G3588	1.000
丕賱卮賻賾丕胤賽卅賽	G3588	0.769
丕賱卮賻賾毓賿亘購	G3588	0.842
丕賱卮賻賾毓賿亘賽	G3588	0.943
丕賱卮賻賾賲賿爻購	G3588	0.833
丕賱卮賻賾賷賿胤賻丕賳購	G3588	0.870
丕賱卮購賾賷購賵禺購	G3588	0.909
丕賱卮賽賾乇賽賾賷乇賽	G3588	0.917
丕賱氐賻賾賱賽賷亘賽	G3588	0.909
丕賱氐賽賾睾賻丕乇賽	G3588	1.000
丕賱囟賻賾賮賻賾丞賽	G3588,G4008	0.600
丕賱胤賻賾乇賽賷賯賻	G3588	0.929
丕賱胤賻賾乇賽賷賯賽	G3588	0.829
丕賱賱賴購	G3588	0.680
丕賱賳賻賾亘賽賷賽賾	G3588	1.000
丕賱賻賾鬲賽賷	G3588,G3739	0.262
丕賱賻賾匕賽賷	G3739	0.310
丕賱賻賾匕賽賷賳賻	G3588	0.160
丕賱賿亘賻丕亘賽	G3588	0.833
丕賱賿亘賻乇賽賾賷賻賾丞賽	G3588	0.913
丕賱賿亘賻賷賿鬲賽	G3588	0.791
丕賱賿亘購丨賻賷賿乇賻丞賽	G3588	0.871
丕賱賿噩賻亘賻賱賽	G3588	0.966
丕賱賿噩賻賱賽賷賱賽	G3588	0.893
丕賱賿噩賻賲賿毓購	G3588	0.905
丕賱賿噩購賲購賵毓賻	G3588	1.000
丕賱賿噩購賲購賵毓購	G3588	0.952
丕賱賿噩購賳購賵丿購	G3588	0.625
丕賱賿噩賽賷賱賽	G3588	1.000
丕賱賿丨賻賯賻賾	G0281,G3588	0.765
丕賱賿禺賻丕乇賽噩賽	G1854,G1855	0.462
丕賱賿禺賻丕氐賻賾丞賽	G1438,G2398,G3588	0.500
丕賱賿禺賻胤賽賷卅賻丞購	G3588	0.846
丕賱賿毓賻丕賱賻賲賻	G3588	0.920
丕賱賿毓賻丕賱賻賲購	G3588	0.923
丕賱賿毓賻乇賽賷爻購	G1161,G3588	0.900
丕賱賿毓賻乇賿卮賽	G3588	0.960
丕賱賿毓賽賷丿賽	G3588	0.929
丕賱賿賮賻乇賽賾賷爻賽賷購賾賵賳賻	G3588	0.917
丕賱賿賮賽氐賿丨賽	G3588	1.000
丕賱賿賯賻丕乇賽亘賽	G3588	0.909
丕賱賿賯賻亘賿乇賽	G3588	1.000
丕賱賿賰賻乇賿賲賽	G3588	0.917
丕賱賿賰賻賱丕賲賻	G3588	0.538
丕賱賿賰賻賱賽賲賻丞賻	G3588	0.950
丕賱賿賰賻賳賽賷爻賻丞賽	G3588	0.789
丕賱賿賰賻賴賻賳賻丞賽	G3588	0.826
丕賱賿賰賽鬲賻丕亘賻	G3588	0.800
丕賱賿賲賻孬賻賱賻	G3588	0.909
丕賱賿賲賻噩賻丕賲賽毓賽	G3588	0.933
丕賱賿賲賻噩賿賲賻毓賽	G3588	0.800
丕賱賿賲賻丿賽賷賳賻丞賻	G3588	1.000
丕賱賿賲賻丿賽賷賳賻丞賽	G3588	0.912
丕賱賿賲賻匕賿亘賻丨賽	G3588	0.917
丕賱賿賲賻賰賻丕賳賽	G3588	0.667
丕賱賿賲賻賱丕賰購	G2532,G3588	0.737
丕賱賿賲賻賱丕賰賽	G0846,G3588	0.727
丕賱賿賲購賯賻丕亘賽賱賻丞賽	G3588,G4008	0.611
丕賱賿賲賽卅賻丞賽	G3588	0.812
丕賱賿賴賻賷賿賰賻賱賻	G3588	0.917
丕賱賿賴賻賷賿賰賻賱賽	G3588	0.964
丕賱賿賵賻丨賿卮賽	G3588	0.929
丕賱賿賵賻賯賿鬲賽	G3588,G5119	0.526
丕賱賿賵賻賷賿賱購	G3759	0.950
丕賱賿賷賻賴購賵丿賽賷賻賾丞賽	G3588	0.878
丕賱賿賷賻賵賿賲賻	G3588,G4594	0.784
丕賱賿賷賻賵賿賲賽	G2532,G3588	0.540
丕賻賱賾賻匕賽賷	G3588,G3739,H0834	0.500
丕賻賱賿丌賳賻	G3568,H6258	0.682
丕賻賱賿丨賻賯賾賻	G0281	0.975
亘賻丿賻賱賻	H8478	0.692
亘賻毓賿丿賻	G3326,H0310	0.349
亘賻毓賿丿賻賲賻丕	G3326,H0310	0.114
亘賻毓賿丿賻賴購	G3326,H0310	0.750
亘賻毓賿丿購	G2089,H5750	0.575
亘賻毓賿丿賽賷	G3326,G3694,H0310	0.588
亘賻毓賿囟丕賸	G0240,G5100	0.538
亘賻毓賿囟賸丕	G0240	0.609
亘賻毓賿囟賻	G5100	0.267
亘賻毓賿囟購	G5100	0.423
亘賻毓賿囟購賰購賲賿	G0240,G1438	0.730
亘賻毓賿囟購賳賻丕	G0240	0.889
亘賻賱賽	G0235,H3588	0.576
亘賻賱賿	G0235,H3588	0.597
亘賻賷賿賳賻	G1722,H0996	0.287
亘賻賷賿賳賻賰購賲賿	G1722	0.596
亘賻賷賿賳賻賴購賲賿	G1722,G4314	0.267
亘賻賷賿賳賽賷	H0996	1.000
亘賽兀賻賳賻賾	G3754	0.595
亘賽兀賻賳賻賾賴購	G3754	0.571
亘賽兀賻賳賾賻	H1768,H3588	0.700
亘賽兀購賲購賵乇賽	G3588	1.000
亘賽丕爻賿賲賽賷	G1519,G1722,G1909	0.474
亘賽丕賱兀賻丨賿乇賻賶	G3123	0.926
亘賽丕賱乇賻賾亘賽賾	G1722,G1909,G3588	0.524
亘賽丕賱賱賴賽	G1519,G3588	0.519
亘賽噩賻丕賳賽亘賽	H0681	0.519
亘賽丨賻爻賻亘賽	G2596	0.565
亘賽丿購賵賳賽	G5565,H1107	0.533
亘賽賰購賲賿	H0853	0.210
亘賽賱賻丕	H0369,H1097,H3808	0.206
亘賽賲賻丕	G3739,H0834	0.212
亘賽賲賻丕匕賻丕	G5101,H4100	0.659
亘賽賲賻賳賿	G1722,G1909,G3739,H4310	0.185
亘賽賲賽孬賿賱賽	G3588,H0428,H2088	0.312
亘賽賳賻丕	G1223,G2254	0.174
亘賽賴賽	G0846	0.118
亘賽賵賻丕爻賽胤賻丞賽	G1223	0.769
亘賽俦賱賿丨賻乇賽賷賾賽	G3123,H0637	0.619
鬲賻丨賿鬲賻	G5259,H8478	0.455
鬲賻丨賿鬲賻賴購	H8478	0.800
鬲賻丨賿鬲購	G2736,H4295,H8478	0.538
鬲賻丨賿鬲賽	H8478	0.879
鬲賽賱賿賰賻	G1565,H1931	0.323
孬賻賲賾賻	G2532,G3606,H8033	0.700
孬購賲賻賾	G1161,G2532	0.614
孬購賲賾賻	G2532	0.180
噩賽丿賾丕賸	G3029,G4056,G4970	0.132
噩賽丿賾賸丕	H3966	0.768
噩賽賴賻鬲賽賰購賲賿	G4012,G5228	0.429
丨賻丕卮賻丕	G3361,H2486	0.587
丨賻鬲賻賾賶	G2193,G2443,G2532	0.192
丨賻鬲賾賻賶	H5704	0.340
丨賻賯賾丕賸	G0230,G3303,G3689	0.263
丨賻賷賿孬購	G3699,H0834	0.371
丨賽賷賳賻卅賽匕賺	G5119,H0116,H0227	0.424
丨賽賷賳賻賲賻丕	G3752,H3588	0.262
禺賻丕乇賽噩丕賸	G1854	0.818
丿賻丕卅賽賲丕賸	G0104,G1223,G3842	0.291
丿購賵賳賻	G3361,G3756	0.203
匕賻丕鬲賽賴賽	G1438	0.792
匕賻丕賰賻	G1565,H2088	0.509
爻賻亘賽賷賱賽	G2596,G3588	0.360
爻賻賵賻丕亍賹	G1535	0.565
爻賽賱賻丕賴賿	H5542	1.000
爻賽賷賾賻賲賻丕	G3122,G4056	0.769
囟賽丿賾賻	G2596,H0413,H5921	0.308
毓賻賱賻賶	G1909,H5921	0.389
毓賻賱賻賷賻賾	G1909,G3165,G3427	0.212
毓賻賱賻賷賾賻	H5921	0.619
毓賻賱賻賷賿賰賻	H5921	0.520
毓賻賱賻賷賿賰購賲賿	G5209,H5921	0.432
毓賻賱賻賷賿賰賽	H5921	0.688
毓賻賱賻賷賿賳賻丕	G1909,H5921	0.477
毓賻賱賻賷賿賴賻丕	H5921	0.588
毓賻賱賻賷賿賴賽	G0846,G1909,H5921	0.390
毓賻賱賻賷賿賴賽賲賻丕	G0846,H5921	0.486
毓賻賱賻賷賿賴賽賲賽	G1909,G2532,H5921	0.500
毓賻賱賻賷賿賴賽賲賿	G0846,G1909,H5921	0.494
毓賻賳賽	G0575,H5921	0.137
毓賻賳賽賾賷	G0575,G3165,G4012	0.333
毓賻賳賾賻丕	H4480,H5921	0.476
毓賻賳賾賽賷	H4480,H5921	0.404
毓賻賳賿	H5921	0.154
毓賻賳賿賰賻	G0575,G4012,H4480,H5921	0.191
毓賻賳賿賰購賲賿	G4012,H5921	0.306
毓賻賳賿賰賽	G0575,H4480,H5921	0.350
毓賻賳賿賴賻丕	H4480,H5921	0.200
毓賻賳賿賴購	G4012,H4480,H5921,H8478	0.215
毓賻賳賿賴購賲賿	G0575,H5921	0.415
毓賽賳賿丿賻	G3844	0.112
毓賽賳賿丿賻卅賽匕賺	G5119	0.706
毓賽賳賿丿賻賲賻丕	G3752	0.224
毓賽賵賻囟丕賸	G4012,G5228	0.900
毓賽賵賻囟賸丕	H8478	0.925
睾賻賷賿乇賻	G3361	0.179
睾賻賷賿乇賽賷	G0243,H1107,H5750	0.312
賮賻兀賻賳賻丕	G1473,H0589	0.218
賮賻兀賻賷賿賳賻	G4226,H0335,H0346	0.400
賮賻廿賽匕賸丕	G0686,G3767	0.571
賮賻廿賽匕賿	G3767	0.340
賮賻廿賽賳賻賾	G1063,G3754	0.547
賮賻廿賽賳賻賾賰購賲賿	G1063,G3754	0.388
賮賻廿賽賳賻賾賳賻丕	G1063	0.684
賮賻廿賽賳賻賾賴購	G1063,G3754	0.425
賮賻廿賽賳賻賾賴購賲賿	G1063,G3754	0.389
賮賻廿賽賳賽賾賷	G1063,G1473	0.596
賮賻廿賽賳賾賻	G1063,G3754,H3588	0.402
賮賻廿賽賳賾賻賰購賲賿	G1063,H3588	0.591
賮賻廿賽賳賾賻賳賻丕	G1063	0.652
賮賻廿賽賳賾賻賴賻丕	G1063,H1931,H3588	0.333
賮賻廿賽賳賾賻賴購	G1063,H3588	0.276
賮賻廿賽賳賾賻賴購賲賿	G1063,H1992,H3588	0.286
賮賻廿賽賳賾賽賷	G1063,H3588	0.220
賮賻廿賽賳賿	G1437,G1487,H0518	0.332
賮賻鬲賻賯賻丿賻賾賲賻	G2532,G5119	0.625
賮賻丨賻鬲賻賾賶	G2532,G3761	0.625
賮賻丨賽賷賳賻卅賽匕賺	G5119,H0227	0.826
賮賻匕賻賱賽賰賻	G5228,H1931	0.500
賮賻氐賻丕毓賽丿賸丕	H1973,H4605	0.830
賮賻賮賽賷	G1722,G3916	0.273
賮賻賯賻丿賿	G1063	0.114
賮賻賰賻匕賻賱賽賰賻	G2532,G3779	0.846
賮賻賰賻賲賻丕	G5618	0.500
賮賻賰賻賷賿賮賻	G4459,H0349	0.552
賮賻賱丕	G2532,G3361,G3756	0.376
賮賻賱賻丕	G3361,H0408,H3808	0.519
賮賻賱賻賲賿	G2532,G3756,H3808	0.588
賮賻賱賻賳賿	G3756	0.778
賮賻賱賻賵賿	G1487,G3754	0.667
賮賻賱賻賷賿爻賻	G3756,H0369	0.558
賮賻賱賽匕賻賱賽賰賻	G1352,H3651,H5921	0.536
賮賻賱賽賲賻丕匕賻丕	G5101,H4069,H4100	0.423
賮賻賲賻丕	G5101	0.222
賮賻賲賻丕匕賻丕	G5101,H4100	0.578
賮賻賲賻賳賿	G5101,H4310	0.379
賮賻賴賻匕賻丕	G3739,G3778,H1931	0.400
賮賻賴賻賰賻匕賻丕	G3779,H3541	0.524
賮賻賵賿賯賻	H5921	0.418
賮賻賵賿賯購	G0509,H4605	0.701
賮賻俦賱賾賻匕賽賷	G3588,G3739,H0834	0.529
賮賻俦賱賿丌賳賻	H6258	0.919
賮賽賷	G1722	0.244
賮賽賷賰購賲賿	G1722	0.850
賮賽賷賰賽	G1722,H0413	0.842
賮賽賷賲賻丕	G4314	0.268
賮賽賷賳賻丕	G1722	0.625
賮賽賷賴賻丕	G1722,H8033	0.293
賮賽賷賴賽	G1722,H8033	0.323
賮賽賷賴賽賲賿	G0846,G1722	0.378
賮賽賷賻賾	G1722	0.842
賮賽賷賾賻	G1722,H5921	0.643
賯賻胤購賾	G3763,G4218,G4455	0.444
賯賻胤賾購	G3763,G4218,G4455	0.350
賯賻賵賿賲賹	G5100	0.840
賰賻兀賻賳賻賾賴購	G5613,G5616	0.629
賰賻兀賻賳賾賻賴購	G5613	0.586
賰賻匕賱賽賰賻	G2532,G3668,G3779,G5615	0.308
賰賻匕賻賱賽賰賻	G3779,H3651	0.424
賰賻賱賾賻丕	G3365,G3756,G3780,H3808	0.417
賰賻賲賻丕	G2531,G5613,H0834	0.365
賰賻賲賻賳賿	G5613	0.500
賰賻賳賻賮賿爻賽賰賻	G5613,H3644	0.846
賰賻賴賻匕賻丕	H2088	0.741
賰賻賴賻匕賽賴賽	H0428,H2063,H2088	0.643
賰賻賷賿	G2443	0.667
賰賻賷賿賮賻	G4459,H0349	0.456
賱兀賻噩賿賱賽	G1223,G1519,G5228	0.246
賱兀賻噩賿賱賽賰購賲賿	G5228	0.714
賱兀賻噩賿賱賽賳賻丕	G4012,G5228	0.545
賱兀賻賳賻賾	G1063,G3754	0.496
賱兀賻賳賻賾賰賻	G1063,G3754	0.652
賱兀賻賳賻賾賰購賲賿	G1063,G3754	0.535
賱兀賻賳賻賾賳賻丕	G1063,G3754	0.476
賱兀賻賳賻賾賴賻丕	G1063,G3754	0.579
賱兀賻賳賻賾賴購	G1063,G3754	0.387
賱兀賻賳賻賾賴購賲賿	G1063,G3754	0.450
賱兀賻賳賽賾賷	G1063,G3754	0.526
賱丕	G3361,G3756	0.412
賱賻丕	G3361,G3756,H0408,H3808	0.351
賱賻丿賻賷賿賴賽	G0846,H5921	0.444
賱賻爻賿鬲賻	G3756,H0369,H3808	0.438
賱賻爻賿鬲購	G3756	0.788
賱賻爻賿鬲購賲賿	G3756	0.740
賱賻爻賿賳賻丕	G3756	0.778
賱賻毓賻賱賾賻	H0194,H6435	0.647
賱賻毓賻賱賾賻賴購	H0194,H6435	0.444
賱賻賰賽賳賽	G0235,G1161,H0389,H7535	0.333
賱賻賰賽賳賾賻	G0235,G1161	0.421
賱賻賰賽賳賾賻賴購	G0235,H3651,H3808	0.312
賱賻賰賽賳賿	G0235,H0518	0.432
賱賻賲賻丕	G3756,H3808	0.543
賱賻賲賾賻丕	G3753	0.105
賱賻賲賿	G3756,H3808	0.469
賱賻賳賿	G3756,H3808	0.508
賱賻賴購賲賻丕	G0846,H0413	0.673
賱賻賴購賲購	G0846,H0413	0.455
賱賻賴購賲賿	G0846,H0413	0.546
賱賻賵賿	G1437,G1487	0.591
賱賻賷賿爻賻	G3756,H0369,H3808	0.461
賱賻賷賿爻賻鬲賿	G3756,H0369,H3808	0.432
賱賻賷賿爻購賵丕	G3756,H0369,H3808	0.519
賱賽兀賻噩賿賱賽	G5228,H5921	0.167
賱賽兀賻噩賿賱賽賰購賲賿	G1519,G5228	0.500
賱賽兀賻噩賿賱賽賳賻丕	G4012,G5228,H1157	0.545
賱賽兀賻賳賾賻	G1063,H3588	0.655
賱賽兀賻賳賾賻賰賻	G3754,H3588	0.750
賱賽兀賻賳賾賻賰購賲賿	G1063,G3754,H3588	0.323
賱賽兀賻賳賾賻賰賽	H0834,H3588	0.640
賱賽兀賻賳賾賻賳賻丕	G1063,G3754,H3588	0.450
賱賽兀賻賳賾賻賳賽賷	G1063,H3588	0.727
賱賽兀賻賳賾賻賴賻丕	G3754,H3588	0.699
賱賽兀賻賳賾賻賴購	G1063,H3588	0.619
賱賽兀賻賳賾賻賴購賲賻丕	H3588	0.812
賱賽兀賻賳賾賻賴購賲賿	G1063,G3754,H3588	0.639
賱賽兀賻賳賾賽賷	G1063,H3588	0.675
賱賽兀賻賳賿	G1063	0.689
賱賽卅賻賱賾丕	G2443,G3361,G3379	0.541
賱賽卅賻賱賾賻丕	G2443,G3361,H3808,H6435	0.456
賱賽亘賻毓賿囟賺	G0240,G4314	0.463
賱賽匕賱賽賰賻	G1223,G1352,G1565	0.333
賱賽匕賻賱賽賰賻	G1352,H3651,H5921	0.411
賱賽爻賻亘賻亘賽	G1223	0.704
賱賽賰賻賷賿	G2443,H4616	0.451
賱賽賰賻賷賿賱賻丕	H1115,H3808,H4616	0.375
賱賽賱賾賻匕賽賷	G3588,H0834	0.524
賱賽賱賾賻匕賽賷賳賻	G3588	0.519
賱賽賱賿賵賻賯賿鬲賽	G1519,G1824,G2112	0.600
賱賽賲賻丕匕賻丕	G5101,H4069,H4100	0.389
賱賽賲賻賳賿	G3588,G5101	0.173
賱賽賴賻匕賻丕	G1223,G1519,H2088	0.315
賱賽賷賻	G3427,H0413	0.419
賱賽賷賻鬲賽賲賻賾	G2443,G3704	0.769
賲賻丕	G3739,H0834	0.227
賲賻丕匕賻丕	G5101,H4100	0.500
賲賻鬲賻賶	G3752,G4219,H3588,H4970	0.299
賲賻乇賻賾丕鬲賺	G2034,G5151	0.632
賲賻乇賻賾丞賸	G0530,G3825	0.309
賲賻毓賸丕	H3162	0.729
賲賻賰賻丕賳賻賴購	H8478	0.818
賲賻賳賽	G3588,G3739,H4310	0.158
賲賻賳賿	G5101,H4310	0.175
賲賻賴賿賲賻丕	G3739,H4100	0.391
賲購賯賻丕亘賽賱賻	H4136,H5048,H5227,H5921	0.246
賲購賯賻丕亘賽賱賽	G0481,H5048,H5227	0.700
賲購賳賿匕購	G0575	0.326
賲賽孬賿賱賻賲賻丕	G2531,G5613	0.571
賲賽孬賿賱賽賷	G5613,H3644	0.565
賲賽乇賻丕乇賸丕	G4178	0.857
賲賽賲賻賾丕	G3588,G3739	0.189
賲賽賲賾賻丕	G2228,G3739,H0834	0.358
賲賽賳賻	G1537,H4480	0.171
賲賽賳賻賾丕	G1537,G2257,G3844	0.273
賲賽賳賽賾賷	G0575,G3450,G3844	0.227
賲賽賳賾賻丕	G1537,G3844,G5259,H4480	0.296
賲賽賳賾賽賷	H4480	0.349
賲賽賳賿胤賻賯賻丞賽	G3588	0.938
賲賽賳賿賰賻	G4571,H4480	0.352
賲賽賳賿賰購賲賿	G1537,G5216	0.414
賲賽賳賿賰賽	G1537,H4480	0.429
賲賽賳賿賴賻丕	G1537,H4480	0.361
賲賽賳賿賴購	G0575,G0846,H4480	0.269
賳賻丨賿賳購	G2249,H0587	0.302
賳賻丨賿賵賻	H0413	0.111
賳賻馗賻乇賽	G1799,G3588,G3844	0.438
賳賻毓賻賲賿	G3483	0.824
賴賰賻匕賻丕	G3779	0.769
賴賻丐購賱賻丕亍賽	G3778,H0428	0.668
賴賻匕賻丕	G3778,H2088	0.354
賴賻匕賻丕賳賽	G1417,G3778,H0428,H1931	0.368
賴賻匕賽賴賽	H0428,H2063	0.288
賴賻賰賻匕賻丕	G3779,H3541,H3651	0.537
賴賻賱賿	G1487	0.104
賴賻賴購賳賻丕	G5602,H2088,H6311	0.378
賴購賲賻丕	G0846,H1992	0.333
賴購賲賿	G0846,H1992	0.362
賴購賳賻丕	G5602,H2008,H2088,H6311	0.328
賴購賳賻丕賰賻	G1563,H8033	0.672
賴購賵賻	H1931	0.246
賴賽賷賻	H1931	0.245
賵賻兀賻賲賻賾丕	G1161	0.850
賵賻兀賻賲賾賻丕	G1161	0.449
賵賻兀賻賳賻丕	G2532,H0589,H0595	0.304
賵賻兀賻賳賻賾賴購	G1161,G2532	0.900
賵賻兀賻賳賾賻賴購	G2532,G3754,H3588	0.353
賵賻兀賻賳賿	G2532	0.551
賵賻兀賻賳賿鬲賻	G2532,G4771,H0859	0.635
賵賻兀賻賳賿鬲購賲賿	G2532,G5210,H0859	0.353
賵賻兀賻賳賿鬲賽	G2532,G4771,H0859	0.500
賵賻兀賻賷賿囟丕賸	G2532,G3825	0.857
賵賻兀賻賷賿囟賸丕	H1571	0.657
賵賻兀賻賷賿賳賻	G4226,H0335,H0346,H0575	0.294
賵賻廿匕賻丕	G1487,G2532	0.692
賵賻廿賱賻賾丕	G1161,G1487,G1893	0.333
賵賻廿賽匕賿	G1161,G2532	0.338
賵賻廿賽賱賻賶	G2532,H0413,H5704	0.326
賵賻廿賽賱賾賻丕	G1487,G1893,H0518	0.360
賵賻廿賽賳賻賾賲賻丕	G0235,G1161	0.625
賵賻廿賽賳賽	G1437,G1487,G2532,H0518	0.421
賵賻廿賽賳賾賻賲賻丕	G1161	0.625
賵賻廿賽賳賿	G1437,G1487,G2532,H0518	0.376
賵賻丕賱丌賳賻	G1161,G2532,G3568,G3767	0.400
賵賻丕賱乇賻賾亘賽賾	G2532	1.000
賵賻丕賱卮購賾賷購賵禺購	G2532,G3326	0.857
賵賻丕賱賻賾匕賽賷	G1161,G2532,G3739	0.455
賵賻丕賱賻賾匕賽賷賳賻	G2532	0.739
賵賻丕賱賿賮賻乇賽賾賷爻賽賷購賾賵賳賻	G2532,G3588	0.900
賵賻丕賱賿賰賻鬲賻亘賻丞購	G2532	0.889
賵賻亘賻毓賿丿賻	G2532,G3326,H0310	0.261
賵賻亘賻毓賿丿賻賲賻丕	G1161,G2532	0.442
賵賻亘賻毓賿丿賻賴購	H0310	0.947
賵賻亘賻毓賿丿購	G3588,H0310,H5750	0.615
賵賻亘賻賷賿賳賻	H0996	0.809
賵賻亘賻賷賿賳賻賰賻	H0996	1.000
賵賻亘賻賷賿賳賻賰購賲賿	G2532,H0996	0.833
賵賻亘賻賷賿賳賻賲賻丕	G1161,G2532	0.253
賵賻亘賽賲賻丕匕賻丕	G5101,H4100	0.727
賵賻鬲賻丨賿鬲賻	H8478	0.867
賵賻鬲賻賱丕賲賽賷匕購賴購	G2532,G3326	0.615
賵賻丨賻鬲賾賻賶	G0891,H3588,H5704	0.700
賵賻丨賽賷賳賻卅賽匕賺	G5119	0.824
賵賻匕賻賱賽賰賻	G2443,G2532	0.182
賵賻乇賻丕亍賻	H0310	0.772
賵賻乇賻丕亍賻賴賻丕	H0310	0.833
賵賻乇賻丕亍賻賴購	G3694,H0310	0.702
賵賻乇賻丕亍賻賴購賲賿	H0310	0.812
賵賻乇賻丕亍賽	H0310,H1157	0.889
賵賻乇賻丕卅賽賴賽	G3693,G3694,H0310	0.688
賵賻乇賻丕卅賽賷	G3694,H0310	0.478
賵賻毓賻賱賻賶	G2532,H5921	0.540
賵賻毓賻賳賽	G2532,H4480,H5921	0.333
賵賻毓賻賳賿	G2532,H5921	0.311
賵賻毓賽賳賿丿賻卅賽匕賺	G2443,G2532,G5119	0.583
賵賻賮賽賷	G2532	0.221
賵賻賮賽賷賲賻丕	G1161,G2532	0.348
賵賻賮賽賷賴賽	G1352,G1722,G2532,G3699,G3753,H8033	0.400
賵賻賮賿賯丕賸	G2531,G2596	0.680
賵賻賯賻丿賽	G2532	0.353
賵賻賯賻丿賿	G2532	0.264
賵賻賰賻匕賱賽賰賻	G2532,G3668	0.500
賵賻賰賻匕賻丕	H1571,H2063	0.333
賵賻賰賻匕賻賱賽賰賻	G2532,G3668,G5615,H1571	0.333
賵賻賰賻賲賻丕	G2531,G2532,G5613,H0834	0.314
賵賻賰賻賷賿賮賻	G2532,G4459,G5613,H0834,H4100	0.316
賵賻賰購賱賽賾	G2532,G3842	0.900
賵賻賱丕	G2532,G3366,G3761	0.369
賵賻賱賰賽賳賻賾	G1161,G2532	0.653
賵賻賱賰賽賳賻賾賰購賲賿	G0235,G1161,G2532	0.286
賵賻賱賰賽賳賻賾賴購	G1161,G2532	0.596
賵賻賱賰賽賳賻賾賴購賲賿	G0235,G1161,G2532	0.550
賵賻賱賰賽賳賽賾賷	G0235,G1161	0.455
賵賻賱賰賽賳賿	G0235,G1161	0.638
賵賻賱賻丕	H3808	0.433
賵賻賱賻爻賿鬲購	G2532,G3756,H3808	0.360
賵賻賱賻爻賿鬲購賲賿	G2532,G3756	0.700
賵賻賱賻賰賽賳賻賾	G0235,G1161,G2532	0.577
賵賻賱賻賰賽賳賻賾賰購賲賿	G0235,G1161,G2532	0.333
賵賻賱賻賰賽賳賻賾賳賻丕	G0235,G1161	0.583
賵賻賱賻賰賽賳賻賾賴購	G0235,G1161,G2532	0.467
賵賻賱賻賰賽賳賻賾賴購賲賿	G0235,G1161,G2532	0.667
賵賻賱賻賰賽賳賽	G1161	0.585
賵賻賱賻賰賽賳賽賾賷	G0235,G1161,G2532	0.548
賵賻賱賻賰賽賳賾賻	G1161	0.617
賵賻賱賻賰賽賳賾賻賳賽賷	G1161	0.458
賵賻賱賻賰賽賳賾賻賴購	G1161,H3808	0.371
賵賻賱賻賰賽賳賾賻賴購賲賿	G1161,H3808	0.320
賵賻賱賻賰賽賳賾賽賷	G1161,H0589	0.387
賵賻賱賻賰賽賳賿	G0235,G1161	0.517
賵賻賱賻賲賻賾丕	G1161,G2532	0.433
賵賻賱賻賲賿	G2532,H3808	0.627
賵賻賱賻賳賿	G2532,G3756,G3761,H3808	0.500
賵賻賱賻賵賿	G1487,G2532,H0518	0.254
賵賻賱賻賷賿爻賻	G2532,G3756,H0369,H3808	0.422
賵賻賱賽匕賻賱賽賰賻	G1223,G1352,G2532,H3651	0.261
賵賻賱賽賰賻賷賿	G2443,G2532,H4616	0.276
賵賻賱賽賱賿賵賻賯賿鬲賽	G2112	0.929
賵賻賱賽賲賻丕匕賻丕	G2532,G5101,H4100	0.459
賵賻賱賽賴賻匕賻丕	G1223,G1519,G2532,H2088	0.267
賵賻賲賻丕	G2532	0.375
賵賻賲賻丕匕賻丕	G5101,H4100	0.565
賵賻賲賻鬲賻賶	G1161,G3752	0.255
賵賻賲賻毓賻賴購賲賿	G2532,G3326,H5973	0.500
賵賻賲賻賳賿	G2532,H4310	0.366
賵賻賲賻賴賿賲賻丕	G2532,G3739,H0834	0.333
賵賻賲賽賳賻	G2532,H4480	0.244
賵賻賲賽賳賿	G2532	0.182
賵賻賲賽賳賿賴購賲賿	G1537,G1722,G2532,G3588,G3739,G5037	0.400
賵賻賳賻丨賿賳購	G2532,H0587	0.330
賵賻賴賰賻匕賻丕	G2532,G3767,G3779,G5620	0.400
賵賻賴賻丐購賱賻丕亍賽	H0428	0.816
賵賻賴賻匕賻丕	G2532,G3778,H2088	0.413
賵賻賴賻匕賽賴賽	H0428,H2063	0.431
賵賻賴賻賰賻匕賻丕	G2532,G3779,H3541,H3651	0.323
賵賻賴購賲賿	G2532,H1992	0.226
賵賻賴購賳賻丕賰賻	G2532,H8033	0.537
賵賻賴購賵賻	G2532,H1931	0.294
賵賻賴賽賷賻	G2532,H1931	0.336
賵賻賷購賵丨賻賳賻賾丕	G2532	0.818
賵賻賷賿賱賹	G3759,H0188,H1945	0.381
賵賻俦賱賾賻鬲賽賷	H0834	0.857
賵賻俦賱賾賻匕賽賷	G2532,G3588,H0834	0.279
賵賻俦賱賾賻匕賽賷賳賻	G2532,G3588,H0834	0.232
賵賻俦賱賿丌賳賻	G3568,H6258	0.834
賷購賵賻丕賮賽賯購	G2596,G5613	0.692
俦賱賱賾賻匕賻丕賳賽	H0834	0.762
俦賱賱賾賻匕賻賷賿賳賽	H0834	0.773
俦賱賱賾賻賵賻丕鬲賽賷	H0834	0.533
俦賱賾賻鬲賽賷	H0834	0.741
俦賱賾賻匕賽賷	G3588,G3739,H0834	0.519
俦賱賾賻匕賽賷賳賻	G3588,H0834	0.417
俦賱賿丌賳賻	G3568,H6258	0.389
俦賱賿丨賻丕賱賽	G3916	0.947
