strong	gloss
H0001	far
H0006	gå til grunde
H0014	ville, ønske, akceptere
H0034	fattig, undertrykt
H0047	stærk, magtfuld
H0049	Abishag
H0054	Ebjatar
H0061	sandelig; men, imidlertid
H0068	sten
H0073	bælte
H0074	Abner
H0083	vinge
H0085	Abraham
H0086	Hil dig? (uvist)
H0087	Abram
H0098	dam, sø med siv
H0101	skål
H0106	næve
H0108	kilde, tåge
H0113	herre
H0117	mægtig; fornemme (n pl)
H0120	mand, menneske
H0123	Edom
H0127	jord
H0134	fodstykke, sokkel
H0136	Herre
H0138	Adonija
H0155	Kappe, herlighed
H0157	elske
H0162	ak, åh
H0165	hvor
H0168	telt
H0175	Aron
H0176	eller, eller endog
H0181	brændeknude, træstump
H0183	ønske, længes efter, have lyst til
H0188	ve!
H0190	ve!
H0194	måske
H0199	dog, på den anden side
H0205	ondskab, uretfærdighed
H0215	være lys
H0216	lys
H0218	Ur
H0226	tegn
H0227	da; dengang, eftersom
H0231	ysop
H0241	øre
H0247	spænde bælte om
H0251	ak, åh
H0256	Ahab
H0259	en, engang
H0269	søster
H0270	gribe, tage fat i
H0271	Akaz
H0272	ejendom, jord
H0305	hvis blot
H0309	sinke, blive bagved
H0310	efter, bagved, bagside
H0312	en anden
H0314	sidst, bagerst; til sidst
H0319	ende, fremtid
H0322	baglæns
H0339	hvordan dog (interj)
H0341	være en fjende af
H0342	fjendskab
H0346	hvor
H0347	Job
H0349	hvordan (exclam), hvor (interr)
H0352	vædder, handyr af fåreslægten, leder
H0360	styrke; hjælp
H0365	hind
H0367	rædsel
H0369	der er ikke, ikke-eksistens
H0371	hvor (interr)
H0375	hvor (interr)
H0376	mand, menneske, væsen, en eller anden, alle
H0389	virkelig, kun, imidlertid
H0398	spise, fortære
H0400	mad
H0402	mad
H0403	visselig, virkelig
H0408	ikke
H0413	Gud, gud, Den Mægtige
H0428	disse
H0430	Gud, guder, gud
H0436	eg, terebinte
H0451	fedthale
H0452	Elias
H0461	Eliezer
H0464	Elifaz
H0480	ve
H0483	stum
H0490	enke
H0499	Eleazar
H0505	tusind
H0517	mor
H0518	hvis, da (adv), så (adv)
H0519	tjenestepige, slavinde, tjenerinde, underdanig kvinde (ANE høflighed)
H0520	alen, underarm (mål)
H0530	troskab, trofasthed
H0531	Amos
H0533	stærk
H0536	svag, faldefærdig
H0539	stå fast, være tro imod, være pålidelig
H0543	visselig, amen
H0546	virkelig (emph)
H0552	virkelig, sandelige (emph)
H0553	være stærk
H0559	sige, tænke
H0567	amorittisk
H0571	sandhed, troværdighed, stabilitet
H0573	Ammitai
H0575	hvor, hvorfra (interr)
H0577	dog, venligst (emph)
H0579	lade ske, tillade at det sker
H0585	suk, stønnen
H0587	vi
H0589	jeg
H0591	skib
H0595	jeg
H0599	være vred
H0611	ulykke, dødsfald
H0622	samle
H0639	næse, vrede, næsebor
H0645	så, derfor
H0657	ende, intethed (n), uden (adv)
H0665	aske, støv
H0669	Efraim
H0676	finger, tå
H0681	ved siden af, side
H0702	fire
H0727	ark, kiste
H0730	cedertræ
H0734	sti, vej
H0738	løve
H0745	løve
H0748	gøre lang, forlænge
H0750	sen, lang
H0758	Aram
H0776	jord, land, territorie
H0779	forbande
H0784	ild
H0802	kvinde, hustru
H0804	Assyrien, assyrisk; Assur
H0817	skyldoffer, skyld, fejl
H0834	som (rel); at, så at, fordi (konj)
H0835	lykke, glæde
H0853	OM; objektsmarkør
H0859	du
H0864	I
H0875	brønd, grube
H0887	stinke
H0894	Babylon, Babel
H0899	tøj
H0905	alene, bærestænger, skud
H0914	skille fra, gøre forskel
H0916	bedellium
H0922	tom, øde
H0926	være skræmt, være rædselsslagen
H0929	husdyr, kvæg
H0935	komme, ankomme, gå ind
H0953	cisterne, grube, vandtank
H0954	skamme sig
H0959	foragte
H0970	ung mand
H0980	Bahurim
H0982	stole på
H0990	mave, bug
H0994	vær venlig at
H0996	mellem, interval (n)
H0998	indsigt
H1004	hus, familie
H1008	Betel
H1058	græde
H1060	førstefødte
H1065	gråd, græden
H1077	ikke
H1085	Bildad
H1097	uden
H1101	forvirre
H1104	sluge
H1115	ikke (neg biltî)
H1116	kulthøj
H1121	Benajahu, Benaja
H1129	bygge
H1141	Benaja
H1157	bag, til fordel for
H1167	ejer, ægtemand; Baal
H1197	brænde, afgræsse
H1219	være umulig, være utilgængelig
H1234	kløve
H1237	slette, dal
H1241	køer, okse, kvæg
H1242	morgen
H1245	søge
H1247	søn
H1254	skabe
H1265	enebærtræ, fyrretræ
H1270	jern
H1271	Barzillaj
H1272	flygte
H1280	portslå, tværlægte
H1285	pagt, aftale
H1288	velsigne
H1293	velsigne
H1295	dam
H1300	lyn
H1316	Basan
H1320	kød
H1323	datter
H1327	kløft
H1330	ung pige, jomfru
H1334	skære i stykker, halvere
H1335	del
H1346	majestæt, ophøjethed
H1347	storhed, stolthed
H1350	løskøbe
H1361	være høj
H1364	høj
H1366	grænse, territorie
H1368	kriger, stormand
H1379	afspærre, sætte grænse
H1389	bakke, kulthøj
H1391	Gibeon
H1397	stærk mand, ung mand
H1419	stor
H1431	blive stor
H1433	storhed
H1469	turteldue, ung fugl
H1471	folk, nation
H1478	dø, udånde
H1481	frygte, være bange for
H1486	lod, udlodning, lodkastning
H1494	klippe, skære af
H1503	rodskud
H1506	stykke
H1512	bug
H1516	dal
H1518	bryde frem
H1521	Gihon
H1530	bølge
H1540	afdække, åbenbare, rejse bort
H1548	barbere
H1556	rulle
H1558	takket være, for skyld, på grund af
H1567	Gilead
H1568	Gilead
H1569	gileaditisk
H1571	også, i sandhed
H1580	handle, vænne af med at die
H1581	kamel
H1588	have
H1589	stjæle
H1606	trussel, bebrejdelse
H1610	som single, krop
H1612	vintræ
H1616	fremmed
H1617	Gera
H1622	girgashit
H1623	skrabe sig selv
H1639	formindske
H1644	drive ud, formene adgang
H1665	gittit (term.)
H1682	bi
H1692	holde sig til, klæbe til
H1696	tale
H1697	ord, ting, gerning
H1706	honning
H1709	fisk
H1710	fisk
H1715	korn
H1732	David
H1747	tavshed
H1748	tyst, i stilhed
H1749	voks
H1755	generation, slægtsled, livstid, alder
H1767	tilstrækkelig, nødvendig forsyning
H1777	blive i
H1800	hjælpeløs, fattig
H1805	spand
H1817	dør
H1818	blod
H1819	sammenligne med, overveje
H1823	lighed. form
H1831	most, hvad der presses eller drypper ud
H1832	tårer
H1834	Damaskus
H1847	viden, kundskab
H1851	tynd, mager, fin
H1852	forhæng (?), slør (?)
H1863	tidsel
H1869	træde på
H1870	vej, rejse, skik
H1875	søge, spørge om
H1877	grønt græs
H1878	fed, den fede
H1887	her er, se bare, værsgo
H1889	ah
H1897	mumle, kurre
H1920	skubbe
H1921	ære
H1926	udsmykning
H1929	ak
H1930	ve
H1931	han
H1949	være i forvirring
H1961	være, blive til, forekomme
H1973	videre, der hen
H1975	der henne
H1976	der henne
H1980	gå, vandre
H1984	prise
H1988	hertil
H1992	hemmelige kunster
H1993	larme, brøle
H2005	se, se bare (udråb), her er jeg (med suffiks)
H2007	her, nu
H2015	ødelægges, vendes rundt
H2022	bjerg, bjergland
H2026	myrde, dræbe
H2029	gravid
H2032	graviditet
H2040	rive ned
H2063	denne, dette
H2070	fluer
H2076	slagte, ofre
H2077	slagtoffer
H2088	denne, dette
H2090	denne, dette
H2091	guld
H2098	denne, som
H2100	flyde
H2102	blive ophidset, behandle groft
H2108	undtagen
H2114	fremmed, forbudt, underlig
H2120	Zohelet
H2132	oliven, oliventræ
H2135	være ren, være ulastelig
H2142	huske
H2143	errindring, minde
H2145	mand
H2161	planlægge, udtænke
H2167	lovprise, synge
H2173	spil, musik
H2180	hale, ende
H2181	være utro, have sex uden for ægteskab
H2188	sved
H2196	være bekymret
H2197	rase
H2199	råbe
H2204	være gammel
H2205	gammel, ældre person
H2206	skæg
H2220	arm, underarm
H2224	skinne, stå op
H2232	så
H2233	frø, efterkommer
H2236	stænke på, strø, sprede
H2239	håndfuld, ½ alen, ca. 25 cm
H2244	skjule sig, være skjult
H2250	sår, flænge
H2254	tage pant
H2259	sømand
H2275	Hebron
H2280	sadle, binde, forbinde
H2284	græshopper
H2290	lændeklæde, bælte
H2294	Haggit
H2296	spænde bælte, binde lændeklæde omkring sig
H2308	ophøre med
H2310	tab, ophør
H2313	Tigris
H2315	kammer, soveværelse
H2319	ny, frisk, fornyet
H2320	måned, nymåne
H2329	hvælv, cirkel
H2332	Eva
H2340	hivvitter
H2341	Havila
H2342	fødes, komme til at bæve
H2344	sand, mudder
H2346	mur
H2347	bekymre sig om, vise barmhjertighed
H2351	uden for, udenfor, uden (adv), gade (n),
H2363	haste, skynde sig
H2368	segl, signetring
H2372	se, forstå, stirre
H2373	bryststykke
H2388	være stærk, blive stærk
H2389	stærk, høj
H2390	stærk
H2394	styrke
H2398	synde, blive skyldig, ramme forbi
H2399	synd, skyld, fejl
H2400	synder, syndig
H2416	liv; livstid (pl)
H2421	være i live, leve, komme til kræfterve
H2428	styrke, rigdom, hær
H2436	bryst, skød
H2449	være vis, handle klogt
H2450	vis, dygtig
H2451	visdom, evner, erfaring
H2460	fedt, det bedste
H2461	mælk
H2470	være syg, være svag
H2472	drøm
H2483	sygdom
H2485	fløjte
H2486	langtfra, det kan umuligt være sådan at
H2490	begynde
H2498	passere forbi, følge efter
H2502	befri, plydre
H2503	lænd
H2505	sprede
H2526	Kam
H2529	surmælk
H2530	begære, have lyst til
H2534	vrede, gift
H2543	æselhoppe
H2549	femte
H2555	vold, uret
H2563	mørtel, ler
H2564	tjære, asfalt
H2568	fem
H2580	anerkendelse, påskønnelse, overbærenhed, nåde, ynde
H2583	slå lejr
H2587	nåde, imødekommende
H2595	spyd, kastespyd
H2600	uden vederlag
H2603	være nådig mod, være imødekommende
H2617	loyalitet, venlighed, trofasthed, kærlighed
H2620	søge tilflugt
H2623	from, trofast, hengiven, loyal
H2624	stork
H2637	lade savne
H2648	skynde sig væk
H2654	have lyst til, glæde sig over
H2656	lyst, glæde, begær
H2658	grave, søge efter
H2670	frigivet
H2671	pil, lyn
H2672	udhugge
H2673	dele
H2677	halvdel, midte
H2682	græs
H2689	trumpet
H2691	beboelse, indhegning, gårdsplads
H2706	forordning, lov, bestemmelse, vejledning
H2708	bestemmelse, forordning, sædvane
H2710	indgravere, udhugge
H2714	undersøgelse, eftersøgning
H2719	sværd, dolk
H2722	Horeb
H2729	bæve, ryste
H2734	være vred, blive varm (om næse)
H2740	vrede, raseri
H2748	mirakelmager, varselstagere
H2750	være, raseri
H2759	gloende, brændende (om vind)
H2771	Karan
H2781	vanære, irettesættelse
H2789	ler, potteskår
H2795	døv
H2796	håndværker, kunstner
H2803	beregne, regne for, anse, vurdere
H2820	skåne, holde tilbage
H2821	formørke
H2822	mørke
H2825	mørke
H2850	hittitter
H2854	svøb, bånd til svøb omkring spædbørn
H2859	svigerfar
H2860	brudgom, svigersøn, slægtning
H2864	bryde igennem, ro
H2865	rystes, gribes af rædsel
H2870	Tab’al
H2875	slagtning
H2883	synke ned i
H2889	ren, renset
H2891	være ren, være renset
H2896	god, godhed
H2898	godhed, det bedste
H2903	tegn, fylakterier
H2904	kaste
H2930	være uren
H2940	smag, dekret
H2962	endnu ikke (neg)
H2963	sønderrive, rive i stykker
H2964	bytte, mad
H2966	kadaver, dyr sønderrevet af rovdyr
H2975	Nilen, Eufrat, stor flod
H2981	afgrøde
H2983	Jebusit
H3001	være tør, visne
H3004	landjord, det tørre land
H3006	landjord, det tørre land
H3015	sorg
H3021	være træt
H3027	hånd, kraft, monument
H3034	takke, prise
H3045	vide, kende, bemærke, lære
H3050	Jah, JHVH, Herren
H3051	kom nu! giv!
H3058	Jehu
H3063	Juda
H3068	JHWH, JHVH, Jahve, HERREN
H3077	Jojada
H3091	Josva
H3092	Joshafat
H3097	Joab
H3104	vædderhorn, jubelår
H3117	dag
H3119	om dagen
H3126	skud
H3129	Jonatan
H3130	Josef
H3138	efterårsregn, tidlig regn
H3147	Jotam
H3162	sammen, samtidig
H3173	kun, alene
H3179	være i brunst
H3190	være god, gå godt
H3196	vin, druk
H3198	irettesætte
H3201	kunne, være i stand til
H3205	føde, få afkom, blive far
H3206	dreng, barn, ung mand
H3220	hav, vest
H3225	højre hånd, syd, højre side
H3228	-jaminit, benjaminit
H3238	undertrykke
H3243	amme, die
H3254	tilføje, fortsætte
H3256	lære sig selv
H3259	udpege, bestemme til
H3278	bjergged
H3282	fordi, på grund af
H3287	træt
H3289	rådgive, råde
H3290	Jakob
H3293	skov, tykning
H3303	smuk, flot, ret
H3305	Jafo
H3315	Jafet
H3318	gå ud
H3320	stille sig op, stå fast, ankomme
H3324	olivenolie
H3327	Isak
H3335	forme
H3336	planer, forehavender
H3364	være vågen, vågne op
H3372	bange for, angst (adj)
H3374	frygt, gudsfrygt
H3379	Jeroboam
H3381	gå ned
H3383	Jordan
H3384	undervise, instruere i
H3389	Jerusalem
H3394	måne
H3407	forhæng
H3411	fjernliggende, bagerst, nederst
H3414	Jeremias
H3418	planter, det grønne
H3423	tage i eje, arve, tage ejendom fra
H3426	der er
H3427	sidde, dvæle, bebo
H3444	frelse, udfrielse
H3462	søvn
H3467	frelse
H3474	udjævne, rette op, gå lige
H3476	moral, retskaffenhed
H3477	ret, retskaffen, ordentlig
H3478	Israel
H3483	retskaffenhed
H3490	forældreløs
H3498	efterlades
H3499	overflod, det der levnes
H3503	Jetro
H3508	leverlap
H3511	lidelse
H3513	æres, være rig, tung
H3515	lever, spådom ud fra leveren
H3519	ære, herlighed, rigdom, ejendele
H3526	valke,  rengøre tøj
H3533	underlægge sig
H3536	ovn
H3541	således, det følgende
H3548	præst
H3555	brandsår
H3556	stjerne
H3557	tage
H3559	blive rejst, stå fast
H3568	Kush, Nubien
H3581	styrke, magt
H3588	for, at, så snart, selv om, ja sandelig
H3602	sådan
H3605	alle, enhver; helhed
H3611	hund
H3627	beholder, redskab
H3629	nyre
H3632	hel, fuld, heloffer
H3644	ligesom
H3648	vækkes til live
H3651	således, det forudgående
H3658	lyre
H3667	Kana'an
H3669	kanaanæer
H3671	vinge, ende, kant
H3678	trone, tronstol
H3680	tilgive, skjule
H3682	dække, tøj
H3690	tillid
H3701	sølv, penge
H3707	ærgrelse, vrede
H3709	hånd, håndflade
H3715	ungløve
H3718	dobbelt
H3722	sone, skabe forsoning
H3724	bestikkelse
H3727	låg, sonedække
H3738	udgrave
H3742	kerub
H3754	vingård
H3766	knæle
H3772	skære af, slutte pagt
H3774	kretisk
H3778	Kaldæa, kaldæisk
H3782	snuble
H3784	øve troldom
H3789	skrive
H3801	kjortel, tunika
H3803	omringe
H3807	male, knuse, findele
H3808	ikke (neg), nej
H3816	folk
H3820	hjerte, det inderste
H3824	hjerte, indre
H3827	flamme, (usikker)
H3830	tøj, klæding
H3835	fremstille lertegl
H3837	Laban
H3843	lertegl
H3844	Libanon
H3847	tage tøj på, iføre sig
H3857	brænde, fortære
H3858	flamme
H3860	derfor
H3863	hvis blot
H3867	udlåne
H3871	tavle
H3876	Lot
H3878	Levit
H3882	Livjatan
H3885	overnatte
H3898	føre krig, kæmpe
H3899	brød, mad
H3905	presse, undertrykke
H3909	hemmelige kunster, troldom
H3915	nat
H3925	lære
H3940	fakkel, lyn
H3947	tage, gribe
H3950	samle
H3956	sprog, tunge
H3966	meget (adv), magt (n)
H3967	hundrede, to hundrede (du)
H3972	noget overhovedet
H3974	lampe, lyslegeme
H3976	vægt, vægtskåle
H3978	føde
H3979	kniv
H3985	nægte, vægre sig ved
H3988	foragte, afvise
H3996	indgang
H4026	tårn
H4033	ophold i udland, borgerrettigheder og beskyttelse i det fremmede
H4043	skjold
H4057	ørken, steppe, græsningsareal
H4058	måle
H4069	hvorfor
H4080	Midjan
H4100	hvad (interr), hvorledes (interr)
H4109	dagsrejse
H4120	hurtigt (adv), hast (n)
H4124	Moab
H4127	ryste, bølge, smelte
H4131	vakle
H4132	vaklen
H4138	efterkommere, oprindelse
H4139	omskærelse
H4146	grundvold
H4148	opdragelse, irettesættelse, forbedring
H4149	bånd
H4150	højtid, aftalt sted, sæson
H4159	tegn, varsel
H4171	bæver, giver efter
H4176	More, lærer (betydning III)
H4179	Moria
H4181	ejendom
H4191	dø
H4194	død
H4196	alter
H4201	dørstolpe, karm
H4209	plan,
H4210	salme
H4211	beskærekniv
H4229	tørre af, fjerne
H4236	syn
H4237	bjælkebugt, krumning opad på skibsdæk
H4264	lejr, hær
H4266	Mahanajim
H4268	tilflugtssted
H4279	i morgen
H4283	næste dag
H4284	tanke, plan, idé
H4294	stav, stamme, pil, scepter
H4296	seng
H4305	give regn
H4306	regn
H4310	hvem (interr)
H4325	vand, vande
H4327	art, slags
H4334	slette
H4349	sted, fundament
H4370	bukser
H4373	beløb
H4374	dække
H4376	sælge
H4393	fylde, overflod
H4395	overflod, fylde
H4397	budbringer, engel
H4399	arbejde, beskæftigelse, opgave
H4405	ord, budskab
H4410	kongedømme, kongelighed
H4411	herberge
H4419	sømand, søfolk
H4421	kamp, krig
H4422	undslippe
H4428	konge
H4456	forårsregn, senregn
H4461	mål
H4467	kongerige
H4468	kongerige
H4475	herredømme, magt
H4478	hvad
H4480	fra, ud fra, på grund af (præp); end (komp, supp)
H4487	tælles, regnes
H4503	gave, kornoffer, afgift
H4513	tilbageholde
H4519	Manasse
H4529	få til at smelte, opløse, væde
H4535	ellers
H4546	vej, hovedvej
H4549	smeltes, opløses
H4557	antal
H4564	skjule, holde hænder for ansigt i græmmelse
H4576	hakke
H4585	skjulested, bolig
H4592	få (adj), smule (n)
H4598	kappe
H4599	kilde
H4605	oven over, opad, højeste del
H4609	valfart, festrejse, opstigen
H4616	på grund af, for at
H4639	arbejde, gerning
H4659	gerning, arbejde
H4672	finde
H4676	stenstøtte
H4687	befaling, ordre
H4691	lidelse, pinsel
H4701	turban,
H4713	egypter
H4723	samling
H4725	sted
H4735	kvæg, ejendom
H4751	dråbe
H4758	syn, udseende
H4782	Mordokaj
H4791	høj, højt sted, det høje
H4806	fedekvæg, dyr avlet til opfedning
H4820	nedtrampet land
H4823	nedtrampet land
H4834	være skadellig,, være pinefuld
H4836	syl
H4854	last, byde, afgift
H4863	dejtrug
H4869	højt sted, tilflugststed
H4872	Moses
H4886	salve, indvi
H4893	skamferet, vansiret ansigt
H4899	salvet
H4900	gribe, trække
H4904	seng, sofa, leje
H4908	bolig, mødetelt, tabernakel
H4910	styre, regere
H4911	lave spottevise
H4916	gøremål, forehavende, aktiviet
H4931	krav, forpligtelse
H4932	kopi, anden bydel
H4938	stok, krykke, støtte
H4940	storfamilie, slægt, klan
H4941	dom, retfærdighed, beslutning, skik
H4943	arv, søn af arv=arving (?)
H4960	fest, middag med udskænkning af drikkevarer
H4969	sprede ud
H4970	hvornår
H4975	lænder
H4994	vær venlig at, dog, nu
H5002	udsagn, ytring
H5003	bryde ægteskab
H5009	jamren, stønnen
H5027	se efter, se på
H5030	profet
H5034	visne, forsvinde, være dum
H5036	tåbelig, gudløs, tåbe
H5045	Sydlandet, Negev
H5046	gøre kendt, fortælle, rapportere
H5048	mod, overfor (n, prep, adv)
H5055	stange
H5056	stangende
H5057	leder, regent, prins, embedsmand
H5058	strengespil
H5060	røre, skade, ankomme
H5061	slag, angreb, plage
H5062	skade, slå, forøve legemesbekadigelse
H5065	banke, inddrive, presse
H5066	nærme sig, være nær ved
H5081	frivillig, fornemme
H5087	aflægge løfte
H5088	løfte
H5090	føre, lede, drive
H5095	lede, rådgive
H5097	vandingsplads
H5104	flod
H5110	vise sympati, svaje, være hjemløs
H5123	falde i søvn
H5127	flygte
H5128	ryste, vakle
H5130	svinge med, bevæge frem og tilbage
H5137	bestænkes
H5146	Noa
H5148	lede
H5157	arve ejendom
H5158	wadi, flodleje der kun er vandfyldt i regntiden
H5159	arvelod, ejendom
H5162	være ked af, fortryde
H5168	vi
H5175	slange
H5186	strække ud, vende
H5193	plante
H5203	efterlade, forlade, tillade
H5210	Nineve
H5221	blive ramt
H5237	fremmed
H5254	sætte på prøve, lade afprøve
H5258	hælde ud, skænke op, støbe
H5265	rejse
H5275	sandal
H5279	Na’ama
H5284	na'amatit, fra Na'ama
H5285	tjørnebusk
H5287	rystes af
H5288	ung, dreng, karl
H5291	ung pige
H5301	puste, blæse
H5303	herskere, kæmper, nefilim
H5307	falde, ligge
H5310	splintre, slå itu
H5314	få vejret, ånde lettet op
H5315	sjæl, levende væsen, liv, selv, svælg
H5324	stille sig, stå
H5327	komme op at slås
H5332	vedvarende, herlighed
H5337	udfri, rive væk (pi)
H5341	vogte, holde øje med
H5347	kvinde
H5352	frigives, befries, renses ud
H5355	uskyldig, friet for
H5357	kløft
H5358	skaffe oprejsnig, hævne
H5362	fuldende, lave en årlig rundtur
H5369	Ner
H5375	løfte op, bære, fjerne, tilgive
H5380	blæse
H5383	låne ud
H5387	stormand, fyrste
H5392	renter
H5394	tage af, fjerne
H5397	åndedræt, indblæsning af Guds ånde
H5398	blæse
H5401	kysse
H5404	ørn, grib
H5414	give, anbringe
H5416	Natan
H5423	rive væk, trække af
H5437	omgive, gå rundt om
H5439	gå rundt om, kredsløb, rundt omkring, omsluttende
H5442	krat
H5445	bære
H5450	tvangsarbejde
H5459	ejendom, personligt eje
H5462	lukke
H5475	råd, fortrolig samtale
H5483	hest
H5488	siv
H5493	dreje af, gå til side
H5511	Sihon
H5514	Sinaj
H5521	hytte, solskærm
H5526	lukke inde, isolere
H5532	være anvendelig, være til tjeneste
H5542	Selah (term.)
H5545	tilgive
H5553	klippe, stenformation for gravkammer, som bjergtinde
H5557	fordreje, forvanske, ødelægge
H5564	understøtte, forsyne med livsfornødenheder
H5572	tjørnebusk
H5582	styrke sig, understøtte
H5591	storm
H5595	fjerne, feje bort
H5596	forbinde med, knytte til
H5600	skib
H5608	tælle, skrive, opregne
H5612	bogrulle
H5619	stene
H5640	stoppe til, lukke for, hemmeligholde
H5641	skjule sig
H5645	sky, skydække
H5647	tjene
H5650	slave, tjener
H5656	arbejde, tjeneste
H5657	slaver, tjenere
H5668	på grund af, med henblik på, for at
H5674	gå forbi, overtræde
H5676	på den anden side, modsat
H5678	stolthed, hovmod, vrede
H5680	hebræer
H5688	reb, snor
H5697	kvie
H5699	vogn, stridsvogn, kærre
H5704	til, helt til, indtil, imens
H5707	vidne, vidneforklaring
H5713	menighed, forsamling
H5715	bestemmelser (de ti ord), love, skudsmål (om person)
H5731	Eden
H5739	flok (får og geder)
H5747	Og
H5749	omgive
H5750	stadig, igen
H5763	die
H5769	gammel tid, fjern tid, lang tid, for evigt, evighed
H5771	overtrædelse, skyld, straf
H5774	flyve
H5775	fugle, flyvende dyr, insekter
H5780	Uz
H5782	vække, ophidse
H5785	hud, læder
H5786	gøre blind
H5787	blind
H5795	ged, gedehår
H5797	beskyttelse, tilflugt
H5799	Azazel
H5800	forlade, efterlade
H5810	være stærk, vinde over
H5826	hjælpe
H5828	hjælper
H5833	hjælp, hjælper
H5844	pakke ind i, svøbe, dække
H5849	krone
H5857	Aj
H5861	rovfugl
H5869	øje, kilde
H5883	Rogel-kilden
H5892	by
H5903	nøgen
H5921	på, over; imod
H5927	gå op
H5929	blad, blade
H5930	brændoffer
H5939	mørke
H5944	tagkammer, festsal, privat rum på øverste etage
H5945	øverst, Den Højeste
H5956	skjule
H5959	ung pige, jomfru
H5968	tildække sig, besvime
H5970	juble over
H5971	folk, slægtskab, slægtning
H5973	med, sammen med, ligesom
H5975	stå, stå op; stoppe
H5978	med, selskab
H5983	Ammon
H5999	nød, bekymring, behov
H6021	Amasa
H6030	svare
H6031	ydmyge sig selv, blive ydmyget
H6035	fattig, ydmyg, svag
H6039	trængsel?
H6040	fattigdom, elende, lidelse
H6041	fattig, undertrykt, ydmyg
H6051	skyer, tykt skydække
H6064	lægge bøde på
H6074	løvværk, kraftig vækst på grenene
H6083	støv, tør jord, affald
H6086	træ, skov
H6087	finde fejl ved, gøre ondt
H6089	byrdefuldt arbejde, smerte
H6093	smerte
H6098	ulydighed, modstand
H6099	mægtig, talrig, om en stor menneskemængde
H6106	knogle, skelet, ben, væsen
H6113	holde tilbage, fængsle
H6115	undertrykkelse, nød, forvaring (?)
H6119	hæl
H6121	bakket land
H6123	binde
H6153	aften
H6160	ørken, slette
H6168	afdække, gøre nøgen, kaste bort
H6174	nøgen
H6175	listig, snu
H6185	barnløs
H6186	stille op, ordne
H6189	uomskåret
H6190	forhud
H6195	trick, smart idé
H6205	tykt mørke
H6210	seng
H6212	grønsager, grønne planter
H6213	gøre, lave
H6215	Esau
H6223	rig
H6226	rygende
H6227	røg
H6239	rigdom
H6240	ti
H6242	tyve (num), tyvende
H6244	blive svag
H6256	tid, sæson
H6258	nu
H6275	gå videre, blive gammel
H6279	bønfalde, bede
H6286	vise sin herlighed
H6293	møde, angribe, tigge
H6297	lig, kadaver
H6298	møde
H6299	løskøbe
H6306	løsesum
H6310	mund, åbning, del (sub.)
H6311	her, herhen
H6327	sprede sig, flyde over
H6376	Pishon
H6389	kanal, vandstrømme
H6414	dommer
H6419	bede
H6425	vægtskål
H6430	filistæisk
H6432	pleter
H6435	for at ikke
H6437	dreje af, vende omkring
H6438	hjørne, hjørnesten, hjørnetårn
H6440	ansigt, overflade, foran
H6441	indefor
H6459	gudefigur, afgudsbillede
H6467	handling, arbejde
H6468	arbejde, løn, belønning
H6471	gang, fod, trin, ambolt
H6475	åbne; sætte fri
H6476	juble
H6482	sår
H6485	besøge, tage sig af, mønstre, udpege
H6491	åbne
H6492	Peka
H6493	klart seende
H6499	tyrekalv
H6501	vildæsel
H6504	dele sig
H6506	hunæsel
H6509	bære frugt
H6522	perizzitter
H6529	frugt; afkom, efterkommer
H6532	forhæng
H6544	løse, frigive, forsømme
H6547	Farao
H6555	lave brud, bryde ud
H6561	rive sig løs
H6565	bryde ud, barse ud
H6571	hestespand, vognkæmper, rytter
H6578	Eufrat
H6584	tage af, angribe
H6588	overtrædelse, oprør
H6597	pludselig
H6601	være uerfaren
H6605	åbne
H6607	indgang, åbning, dør, port
H6629	småkvæg
H6635	hærskare, hoveritjeneste
H6658	ligge på lur
H6659	Sadok
H6662	retfærdig, lovlydig
H6663	være retskaffen, have ret
H6664	retfærdighed; ret, det rette
H6666	retfærdighed
H6667	Sidkija
H6670	få til at glinse
H6680	befale
H6723	tørt land
H6726	Zion
H6731	blomstre
H6738	skygge
H6743	lykkes
H6754	billede
H6763	side, sidebygning, ribben?
H6772	tørst
H6776	åg, tønder land
H6779	skyde op, gro frem
H6793	får og geder
H6801	fæstne, vikle om, binde
H6817	råbe, skrige
H6818	skrig, råb om hjælp
H6828	nord, nordenvind
H6833	fugl
H6854	frø
H6855	Sippora
H6862	fjende, undertrykker, modstander
H6864	flintekniv, flint
H6869	nød
H6870	Seruja
H6879	få udslet
H6884	smelte, lutre (rense, raffinere)
H6887	være fjendtlig imod, binde op
H6901	acceptere, tage imod som en gave
H6908	samle
H6912	begrave
H6913	grav
H6915	knæle, bøje sig ned for
H6918	hellig, afsondret
H6921	østside, østenvind
H6924	foran, øst, ældre tider, gamle dage
H6926	foran
H6935	kadmonitter
H6936	isse
H6942	være hellig (qa), gøre hellig (pi)
H6944	hellig (ting)
H6951	forsmamling, menighed
H6960	blive samlet
H6963	røst, lyd, torden
H6965	rejse sig, stå op
H6973	føle væmmelse, være rædselsslagen
H6975	tjørnebusk
H6994	lille, ung
H6996	lille, ung
H6999	ofre, lade gå op i røg
H7017	kenit
H7021	olieplante, lat. ricinus communis, agurk (?)
H7043	erklære for forbandet
H7045	forbandelse
H7067	lidenskabelig
H7069	skabe, erhverve
H7074	kenizzitter
H7075	ejendom
H7077	bygge rede
H7092	lukke, trække sammen
H7097	kant, ende, grænse
H7098	kant, ende, grænse
H7112	skære op, skære af
H7115	utålmodighed, korthed
H7121	kalde, møde, læse (højt)
H7126	nærme sig
H7130	midte, indre
H7133	offer, offergave
H7136	være tilgængelig for, træffes med
H7138	nær, forestående
H7141	Korah
H7150	instruks, dekret
H7151	by, stad
H7161	horn, top, stråleglans
H7167	flænge, rive af
H7179	avner, stub
H7185	gøre hård, forhærde
H7186	hård, vanskelig, tung
H7194	binde om, knytte sig til
H7198	bue, regnbue
H7200	se, indse, se på, vælge
H7205	Ruben
H7214	vildokse
H7218	hoved, top; begyndelse; bedst; leder; sum; afdeling
H7223	først, tidligere
H7225	begyndelse, først
H7227	meget, mange, kaptajn, chef
H7230	mængde, overflod
H7235	være talrig, være stor
H7243	fjerde
H7256	fjerde generation
H7257	ligge ned, lejre sig
H7272	fod, ben
H7281	øjeblik, ro
H7287	herske
H7290	sove tungt
H7307	vind, ånd, ånde
H7309	lettelse, pause
H7311	være høj, være ophøjet, hovmode sig
H7321	råbe, råbe til angreb
H7323	løbe
H7336	fyrste, officer
H7337	udvide, give plads til
H7342	bred, vid
H7346	Rehabeam
H7349	barmhjertig
H7350	fjern, langt væk (adj), distance (n)
H7354	moderfår
H7358	moderliv
H7363	svære over
H7364	vaske, vaske sig selv
H7368	være langt væk
H7378	føre en retsssag, bestride
H7379	retssag, strid, retsbelæring
H7385	tomhed (n), tom, værdiløs (adj)
H7387	forgæves
H7392	stige op, køre
H7393	stridsvogn, vognstyrker
H7398	vogn
H7399	ejndom, gods
H7401	være svag
H7406	ujævnt land
H7408	erhverve, samle sammen
H7409	hestespand
H7425	Remalja
H7430	myldre rundt,
H7431	krybdyr, små kravlende dyr
H7442	råbe af fryd
H7451	ond, dårlig, skadelig
H7453	ven, fælle, ledsager
H7456	sulte, være hungrig
H7458	hungersnød,sult
H7462	ondskab, elendighed
H7472	Re'i
H7482	torden
H7489	være ond
H7493	skylve, ryste
H7495	helbrede
H7497	refaitterne
H7503	blive slap
H7508	Refidim
H7521	være glad for, synes om
H7522	lyst, behag, accept
H7523	myrde, egå mord, overlagt og uoverlagt manddrab
H7524	myrde,
H7526	Resin
H7527	gennembore
H7535	kun
H7549	himmelhvælving
H7554	stampe, trampe ned
H7563	skyldig, ugudelig, ugudelig person
H7568	net, til fuglefangst
H7580	brøle
H7581	brølen
H7586	Saul
H7596	dødsrige
H7604	levnes, blive til overs
H7607	krop, kød, slægtning
H7610	Shearjashub
H7614	Sheba
H7622	fangenskab
H7626	stav, stamme
H7637	syvende
H7646	være mæt, være tilfreds
H7650	sværge
H7651	Sheba
H7665	brække
H7673	hvile, holde hvilepause, overholde sabbaten
H7674	sygeorlov, inaktivitet for at komme til kræfter
H7676	sabbat, hviledag
H7699	bryst
H7704	markerne, åbent land
H7706	Sadaj, Den Almægtige
H7716	lam, ung ged
H7723	det værdiløse, bedrag, forgæves
H7725	vende, vende tilbage, gentage
H7747	shuit, fra Shua
H7751	tage rundt, gå omkring
H7760	placere, anbringe
H7779	hugge
H7782	vædderhorn, trompet
H7785	kølle, ben
H7794	tyr, tyrekalv
H7810	bestikkelse, gave
H7812	bøje sig dybt for, tilbede
H7819	slagte
H7822	byld
H7832	le ad, underholde
H7834	støv, støvsky
H7837	daggry
H7843	ødelægges
H7854	Satan, anklager
H7872	alderdom, går hår
H7878	tænke over
H7880	noget bekymrende, noget interessant
H7891	synge
H7892	sang
H7896	placere, anbringe
H7898	ukrudt
H7901	ligge ned, have sex
H7911	glemme
H7916	daglejer, lejesoldat
H7925	stå tidligt op, gå i gang tidligt om morgenen
H7926	Sikem
H7931	bo, boætte sig
H7934	nabo, beboer
H7939	løn, belønning, betaling
H7950	sne
H7965	fred, velbefindende, helbred
H7971	sende
H7979	bord, alterbord
H7991	tredjedel
H7992	tredje
H7993	kaste
H7998	bytte, plyndringsgods
H7999	gengælde
H8002	fællesskabsoffer, fredsoffer
H8004	fuldkommen, uskadt, fredelig
H8008	kappe, overtøj
H8010	Salomo
H8027	blive treårig (ptc)
H8029	barnebarn, oldebarn
H8032	i forgårs
H8033	der
H8034	navn
H8040	venstre, venstre side, venstre hånd, mod nord
H8045	udrydde
H8048	skrækkeligt, frygtindgydende
H8050	Samuel
H8052	nyheder, beretning
H8056	glæde sig, være glad
H8057	glæde, jubel
H8058	give slip på, ligge brak
H8064	himmel, himlene
H8066	ottende
H8069	tjørnebusk
H8071	kappe, overtøj
H8074	være forladt, være isoleret, være chokeret
H8081	oliven
H8083	otte
H8085	høre, lytte, adlyde
H8088	rygte, fortælling
H8096	Shim’i
H8104	holde vagt, bevogte
H8121	sol
H8127	tand
H8130	hade; være uvillig til at finde sig i, fjende (qal part)
H8135	had
H8141	år
H8145	anden
H8147	to
H8150	gentage, repetere
H8152	Sinear
H8163	gedebuk
H8168	hule hånd, hådfuld
H8179	port
H8181	hår
H8185	et hår
H8193	sprog, læbe, kyst
H8198	tjenstepige, trælkvinde
H8199	dømme, gå ind i strid
H8201	straffedom, staffende handlinger
H8210	hælde ud
H8227	klippegrævling
H8242	sæk, særk (undertøj af gedehår), sørgeklæder
H8248	vande, give vand til
H8252	give fred, være stille
H8255	sekel
H8259	se ned
H8262	foragte; gøre uren
H8267	løgn, bedrag
H8269	embedsmand, leder, hersker
H8297	Saraj
H8313	brænde
H8316	brænding, ovnbrændte lertegl
H8318	sværm, sværmende dyr
H8330	rod
H8334	tjene
H8337	seks
H8342	glæde, jubel
H8345	sjette
H8354	drikke
H8367	blive stille
H8378	længsel
H8384	figen, figentræ
H8389	udseende, form
H8393	afgrøde, udbytte
H8394	evne, intellegens, færdiged
H8398	jord, fastlandet
H8414	gold, tomhed, ørken
H8415	ocean, urdyb
H8416	lovprisning, herlighed
H8432	midte
H8435	slægtsfortælling, efterkommere
H8438	orm
H8449	turteldue
H8451	lov, vejledning, åbenbaring
H8467	bønfaldelse, bøn
H8478	under, i stedet for
H8482	nedre, underste
H8485	temanit, fra Tema
H8489	Temanit, fra Teman
H8492	vin (arkaisk, poetisk)
H8535	fuldkommen, ret, resindig, pletfri
H8537	uskyld, fuldkommenhed
H8538	uskyld, retsindighed, integritet
H8543	i går
H8544	afbildning, form
H8548	altid, normalt, vedvaren
H8549	hel, pletfri, ærlig
H8552	være fuldkommen, være aflsuttet
H8567	hyre?
H8573	svingning, svingningsoffer
H8574	ovn, ildkrukke
H8577	stort havdyr, søuhyre, drage
H8582	vandre omkring, vakle rundt
H8585	kanal
H8593	barberkniv
H8604	noget forkert, noget utilbørligt
H8605	bøn
H8609	sy sammen
H8628	støde, slå i, klappe, blæse (musikinstrument)
H8639	dyb søvn
H8641	afgift, kultgave
H8659	Tarshish
H8668	frelse, hjælp
H8669	lyst, begær
