lex	count	rank
ὁ	19783	0
καί	8978	1
αὐτός	5561	2
σύ	2892	3
δέ	2787	4
ἐν	2743	5
ἐγώ	2567	6
εἰμί	2457	7
λέγω	2255	8
εἰς	1766	9
οὐ	1622	10
ὅς	1407	11
οὗτος	1388	12
θεός	1311	13
ὅτι	1293	14
πᾶς	1242	15
μή	1060	16
γάρ	1038	17
Ἰησοῦς	913	18
ἐκ	913	19
ἐπί	886	20
κύριος	718	21
ἔχω	709	22
πρός	700	23
ὁράω	682	24
ἵνα	669	25
γίνομαι	668	26
διά	667	27
ἀπό	647	28
ἀλλά	638	29
ἔρχομαι	635	30
ποιέω	566	31
τίς	562	32
ἄνθρωπος	548	33
Χριστός	529	34
τὶς	529	35
ὡς	502	36
εἰ	501	37
οὖν	496	38
κατά	472	39
μετά	470	40
ἀκούω	428	41
δίδωμι	414	42
πολύς	413	43
πατήρ	412	44
ἡμέρα	389	45
πνεῦμα	379	46
υἱός	376	47
ἀδελφός	343	48
ἤ	343	49
ἐάν	337	50
εἷς	336	51
περί	333	52
λόγος	331	53
ἑαυτοῦ	320	54
οἶδα	320	55
λαλέω	298	56
οὐρανός	273	57
μαθητής	261	58
λαμβάνω	258	59
γῆ	250	60
ἐκεῖνος	244	61
μέγας	243	62
πίστις	243	63
πιστεύω	241	64
οὐδείς	235	65
ἅγιος	234	66
ἀποκρίνομαι	231	67
ὄνομα	229	68
γινώσκω	221	69
ὑπό	219	70
ἐξέρχομαι	217	71
ἀνήρ	216	72
γυνή	214	73
οὕτω	209	74
δύναμαι	209	75
τέ	209	76
θέλω	207	77
Ἰουδαῖος	194	78
νόμος	194	79
παρά	192	80
γράφω	192	81
εἰσέρχομαι	192	82
κόσμος	185	83
μέν	180	84
καθώς	179	85
εὑρίσκω	176	86
ἄγγελος	176	87
χείρ	176	88
ὄχλος	174	89
ἁμαρτία	173	90
ἔργον	169	91
δόξα	166	92
ἄν	164	93
πόλις	163	94
βασιλεία	162	95
ἔθνος	162	96
τότε	159	97
ἐσθίω	158	98
Παῦλος	158	99
Πέτρος	156	100
καρδία	156	101
πρῶτος	155	102
χάρις	155	103
ἄλλος	154	104
πορεύομαι	153	105
ἵστημι	153	106
ὑπέρ	150	107
καλέω	148	108
νῦν	148	109
ἕως	147	110
σάρξ	147	111
ὅστις	145	112
προφήτης	144	113
ἐγείρω	143	114
ἀφίημι	143	115
ἀγαπάω	143	116
λαός	142	117
σῶμα	142	118
πάλιν	141	119
ζάω	140	120
οὐδέ	140	121
Ἱεροσόλυμα	139	122
φωνή	139	123
ζωή	135	124
Ἰωάννης	134	125
δύο	133	126
βλέπω	133	127
ἀποστέλλω	132	128
νεκρός	128	129
σύν	128	130
ἀμήν	126	131
δοῦλος (II)	126	132
αἰών	124	133
ὅταν	123	134
ἀρχιερεύς	122	135
βάλλω	122	136
θάνατος	120	137
παραδίδωμι	119	138
δύναμις	119	139
πῶς	118	140
μένω	118	141
ζητέω	117	142
ἀπέρχομαι	117	143
ἀγάπη	116	144
βασιλεύς	115	145
μόνος	114	146
κρίνω	114	147
οἶκος	114	148
ἐκκλησία	114	149
ἴδιος	113	150
ἀποθνῄσκω	112	151
μέλλω	110	152
ὅσος	110	153
παρακαλέω	109	154
ἀλήθεια	109	155
ὅλος	108	156
ἀνίστημι	108	157
σῴζω	106	158
ὥρα	106	159
ψυχή	102	160
καλός	102	161
ἀγαθός	102	162
ἐξουσία	102	163
δεῖ	102	164
ὁδός	101	165
αἴρω	101	166
ὅτε	101	167
ὀφθαλμός	100	168
ἀλλήλων	100	169
τέκνον	99	170
τίθημι	99	171
Φαρισαῖος	98	172
γεννάω	97	173
ἄρτος	97	174
διδάσκω	97	175
ἕτερος	97	176
αἷμα	97	177
εἶπον	96	178
φοβέω	95	179
ἐκεῖ	95	180
περιπατέω	95	181
τόπος	95	182
οἰκία	94	183
ἐνώπιον	94	184
πούς	93	185
ἔτι	93	186
εἰρήνη	92	187
δικαιοσύνη	91	188
θάλασσα	91	189
κάθημαι	91	190
οὔτε	91	191
πίπτω	90	192
ἀπόλλυμι	90	193
ἀκολουθέω	90	194
μηδείς	90	195
ἑπτά	88	196
προσέρχομαι	87	197
πληρόω	86	198
ἄρχω	86	199
προσεύχομαι	86	200
καιρός	86	201
μήτηρ	84	202
κἀγώ	84	203
ὥστε	84	204
καταβαίνω	82	205
ὅπου	82	206
ἕκαστος	82	207
ἀναβαίνω	81	208
μᾶλλον	81	209
ἐκβάλλω	81	210
Μωϋσῆς	80	211
δίκαιος	79	212
πέμπω	79	213
ὕδωρ	79	214
ὑπάγω	79	215
ἀπόστολος	79	216
ἀνοίγω	78	217
στόμα	78	218
πονηρός	78	219
σημεῖον	77	220
ἐμός	77	221
βαπτίζω	76	222
εὐαγγέλιον	76	223
πρόσωπον	76	224
μαρτυρέω	76	225
Σίμων	75	226
κεφαλή	75	227
δώδεκα	75	228
χαίρω	74	229
ἱερός	74	230
ἀποκτείνω	74	231
Ἀβραάμ	73	232
πίνω	73	233
φῶς	72	234
πῦρ	71	235
αἰώνιος	71	236
τηρέω	71	237
αἰτέω	70	238
ἄγω	69	239
Ἰσραήλ	68	240
φέρω	68	241
σάββατον	68	242
ῥῆμα	67	243
πλοῖον	67	244
ἐντολή	67	245
τρεῖς	67	246
πιστός	67	247
ἀπολύω	66	248
καρπός	66	249
φημί	66	250
πρεσβύτερος	66	251
εἴτε	65	252
γραμματεύς	63	253
ὄρος	63	254
δαιμόνιον	63	255
ἐρωτάω	63	256
εὐθύς	62	257
δοκέω	62	258
ἔξω	62	259
θρόνος	62	260
θέλημα	62	261
νύξ	61	262
Γαλιλαία	61	263
κηρύσσω	61	264
ἀγαπητός	61	265
δοξάζω	61	266
προσκυνέω	60	267
ἤδη	60	268
ἱμάτιον	60	269
ὧδε	60	270
ὑπάρχω	60	271
Δαυίδ	59	272
συνάγω	59	273
χαρά	59	274
λίθος	59	275
ἀσπάζομαι	59	276
διδάσκαλος	59	277
μέσος	58	278
μηδέ	57	279
τοιοῦτος	57	280
θεωρέω	57	281
συναγωγή	56	282
δέχομαι	56	283
ἐπερωτάω	56	284
τρίτος	56	285
ἀρχή	56	286
κράζω	55	287
λοιπός	55	288
Πιλᾶτος	55	289
Μαρία	54	290
χρόνος	54	291
ποτέ	54	292
δεξιός	54	293
εὐαγγελίζω	54	294
ὅπως	53	295
ἔσχατος	53	296
οὐχί	53	297
διό	53	298
ἐλπίς	53	299
παιδίον	52	300
σπείρω	52	301
πείθω	52	302
ἐπαγγελία	52	303
σοφία	51	304
μακάριος	50	305
τυφλός	50	306
παραβολή	50	307
κακός	50	308
γραφή	50	309
γλῶσσα	50	310
παραλαμβάνω	49	311
χρεία	49	312
ἔτος	49	313
ἄχρι	49	314
φανερόω	49	315
ἔμπροσθεν	48	316
ἀποδίδωμι	48	317
οὐκέτι	48	318
ἔρημος	47	319
πρό	47	320
κρίσις	47	321
ἁμαρτωλός	47	322
κρατέω	47	323
φόβος	47	324
ἀπαγγέλλω	46	325
προσφέρω	46	326
καθίζω	46	327
φυλακή	46	328
μικρός	46	329
οὐαί	46	330
σταυρόω	46	331
σωτηρία	46	332
ποῦ	45	333
διώκω	45	334
ὅμοιος	45	335
θλῖψις	45	336
ναός	45	337
θηρίον	45	338
Ἰούδας	44	339
Ἰουδαία	44	340
κατοικέω	44	341
ἐπιγινώσκω	44	342
σπέρμα	44	343
δεύτερος	44	344
γενεά	43	345
Ἡρῴδης	43	346
θεραπεύω	43	347
θαυμάζω	43	348
δέω	43	349
ἁμαρτάνω	43	350
μέρος	42	351
ἐγγίζω	42	352
σεαυτοῦ	42	353
Ἰάκωβος	42	354
λύω	42	355
καινός	42	356
φωνέω	42	357
ἀνάστασις	42	358
ἑτοιμάζω	41	359
ἄξιος	41	360
σήμερον	41	361
ὀλίγος	41	362
ἐργάζομαι	41	363
τέλος	41	364
διέρχομαι	41	365
χωρίς	41	366
εὐλογέω	41	367
τέσσαρες	41	368
πάντοτε	41	369
παρίστημι	41	370
τιμή	41	371
κλαίω	40	372
ἱκανός	40	373
μισέω	40	374
οἰκοδομέω	40	375
ἐπιτίθημι	40	376
πάσχω	40	377
λογίζομαι	40	378
πειράζω	39	379
περισσεύω	39	380
θύρα	39	381
ἅπτω	39	382
δικαιόω	39	383
πλανάω	39	384
πράσσω	39	385
μνημεῖον	38	386
πέντε	38	387
εὐχαριστέω	38	388
ἐπιθυμία	38	389
ὑποτάσσω	38	390
βούλομαι	37	391
παραγίνομαι	37	392
διάβολος	37	393
διακονέω	37	394
πρόβατον	37	395
ἐμαυτοῦ	37	396
ἄρχων	37	397
μαρτυρία	37	398
ὀργή	36	399
Σατανᾶς	36	400
ὥσπερ	36	401
ἀγρός	36	402
Φίλιππος	36	403
ἐπιστρέφω	36	404
οὖς	36	405
καλῶς	36	406
προσευχή	36	407
περιτομή	36	408
καυχάομαι	36	409
Ἰωσήφ	35	410
ὀπίσω	35	411
ἄρτι	35	412
μάρτυς	35	413
ὀφείλω	35	414
ὑποστρέφω	35	415
μετανοέω	34	416
πτωχός	34	417
μέλος	34	418
μήτε	34	419
ναί	34	420
ἄρα	34	421
βλασφημέω	34	422
οἶνος	34	423
βιβλίον	34	424
διακονία	34	425
ἐκπορεύομαι	33	426
δείκνυμι	33	427
εὐθέως	33	428
ἀσθενέω	33	429
ἀρνέομαι	33	430
ποῖος	33	431
διαθήκη	33	432
ἐχθρός	32	433
ἥλιος	32	434
ἅπας	32	435
ἀναγινώσκω	32	436
δυνατός	32	437
ὑπομονή	32	438
φαίνω	31	439
ἄνεμος	31	440
καθαρίζω	31	441
ἱερεύς	31	442
ἀκάθαρτος	31	443
παραγγέλλω	31	444
ποτήριον	31	445
πλήν	31	446
ἔξεστι(ν)	31	447
ἐλπίζω	31	448
φυλάσσω	31	449
φυλή	31	450
ὁμοίως	31	451
ἐγγύς	31	452
πλῆθος	31	453
παρρησία	31	454
συνείδησις	31	455
συνέρχομαι	30	456
σκότος	30	457
διδαχή	30	458
ἐπιτιμάω	30	459
ἐπικαλέω	30	460
ἀγοράζω	30	461
διάκονος	30	462
ἀρνίον	30	463
φεύγω	29	464
ἐλεέω	29	465
μισθός	29	466
παρέρχομαι	29	467
σκανδαλίζω	29	468
προσκαλέω	29	469
μάχαιρα	29	470
Ἠλίας	29	471
φίλος	29	472
πόθεν	29	473
Καῖσαρ	29	474
πάσχα	29	475
γνῶσις	29	476
παράκλησις	29	477
ἡγέομαι	28	478
χώρα	28	479
ἰσχυρός	28	480
ἰσχύω	28	481
γαμέω	28	482
ἁγιάζω	28	483
ἐνδύω	28	484
προφητεύω	28	485
τελέω	28	486
θυσία	28	487
θυγάτηρ	28	488
πλούσιος	28	489
ἀδικέω	28	490
νικάω	28	491
ἀληθινός	28	492
Βαρναβᾶς	28	493
Ἰακώβ	27	494
βαστάζω	27	495
ἐκεῖθεν	27	496
πόσος	27	497
κρίμα	27	498
σός	27	499
ἔλεος	27	500
ἐκχέω	27	501
κώμη	27	502
σταυρός	27	503
μυστήριον	27	504
οὔπω	27	505
δέκα	27	506
καταργέω	27	507
καθαρός	26	508
ἕνεκα	26	509
ὀμνύω	26	510
ὁμολογέω	26	511
ἰάομαι	26	512
στρατιώτης	26	513
ἀποκαλύπτω	26	514
ἀδελφή	26	515
συνίημι	26	516
λυπέω	26	517
φρονέω	26	518
ἐπεί	26	519
ἀληθής	26	520
χῆρος	26	521
γνωρίζω	26	522
Ἕλλην	26	523
πνευματικός	26	524
Αἴγυπτος	25	525
δένδρον	25	526
πορνεία	25	527
λευκός	25	528
φιλέω	25	529
δουλεύω	25	530
ἥκω	25	531
κελεύω	25	532
μανθάνω	25	533
ἀναβλέπω	25	534
νεφέλη	25	535
ἀσθενής	25	536
ἑορτή	25	537
ἀδικία	25	538
ἀστήρ	24	539
οὗ	24	540
ἀναιρέω	24	541
παῖς	24	542
κεῖμαι	24	543
καταλείπω	24	544
ἀκοή	24	545
προσέχω	24	546
ἀσθένεια	24	547
νέος	24	548
πίμπλημι	24	549
παρουσία	24	550
πάρειμι	24	551
διότι	24	552
σωτήρ	24	553
νοῦς	24	554
ἐπιστολή	24	555
Τιμόθεος	24	556
ἀνάγω	23	557
πεινάω	23	558
πέραν	23	559
θυσιαστήριον	23	560
μιμνῄσκω	23	561
θεάομαι	23	562
περιβάλλω	23	563
κατηγορέω	23	564
σκεῦος	23	565
κοιλία	23	566
ἄπιστος	23	567
ἐλεύθερος	23	568
κωλύω	23	569
ἀμπελών	23	570
εἰκών	23	571
τελειόω	23	572
χαρίζομαι	23	573
χιλιάς	23	574
ζῷον	23	575
ἀντί	22	576
Ἠσαΐας	22	577
μετάνοια	22	578
τεσσεράκοντα	22	579
συνέδριον	22	580
αὐξάνω	22	581
κοπιάω	22	582
καθεύδω	22	583
δέομαι	22	584
πωλέω	22	585
πλοῦτος	22	586
κἀκεῖνος	22	587
μηκέτι	22	588
ἐκλεκτός	22	589
γρηγορέω	22	590
ἀγνοέω	22	591
ἐκλέγω	22	592
πληγή	22	593
δοκιμάζω	22	594
Μακεδονία	22	595
κατεργάζομαι	22	596
βασιλεύω	21	597
ὡσεί	21	598
εὐδοκέω	21	599
λατρεύω	21	600
περισσός	21	601
στρέφω	21	602
τελώνης	21	603
πειρασμός	21	604
θερίζω	21	605
ὑπακούω	21	606
ἐνεργέω	21	607
τιμάω	21	608
διδασκαλία	21	609
μνημονεύω	21	610
καθίστημι	21	611
ἀργύριον	21	612
χιλίαρχος	21	613
Ἰσαάκ	20	614
ἡγεμών	20	615
προάγω	20	616
βάπτισμα	20	617
νηστεύω	20	618
ὑπηρέτης	20	619
ἰχθύς	20	620
μαρτύριον	20	621
ἑκατοντάρχης	20	622
τοσοῦτος	20	623
γονεύς	20	624
ὑψόω	20	625
σοφός	20	626
γένος	20	627
σκηνή	20	628
αἰτία	20	629
ξύλον	20	630
τρέχω	20	631
ἐφίστημι	20	632
ἀκροβυστία	20	633
ἐπίγνωσις	20	634
ἐπάνω	19	635
δῶρον	19	636
κρύπτω	19	637
ταχύς	19	638
κριτής	19	639
τέλειος	19	640
ἀπέχω	19	641
παράπτωμα	19	642
μεριμνάω	19	643
παλαιός	19	644
προφητεία	19	645
παρατίθημι	19	646
ἐπιλαμβάνομαι	19	647
διακρίνω	19	648
ἐπαίρω	19	649
πότε	19	650
γεωργός	19	651
κτίσις	19	652
ἐπουράνιος	19	653
κοινωνία	19	654
κρείττων	19	655
τίκτω	18	656
ταράσσω	18	657
κληρονομέω	18	658
προστίθημι	18	659
ἀπώλεια	18	660
ἐπιτρέπω	18	661
ἐμβαίνω	18	662
ἐπιβάλλω	18	663
ποιμήν	18	664
μέχρι	18	665
φανερός	18	666
βλασφημία	18	667
κατακρίνω	18	668
ἀληθῶς	18	669
εἰσπορεύομαι	18	670
πολλάκις	18	671
ἆρα	18	672
ἐλέγχω	18	673
παραχρῆμα	18	674
οἰκοδομή	18	675
πόλεμος	18	676
κόπος	18	677
πυλών	18	678
στέφανος	18	679
κοιμάομαι	18	680
δεσμός	18	681
κενός	18	682
δέησις	18	683
μήν (II)	18	684
ἀποκάλυψις	18	685
θυμός	18	686
κατέχω	18	687
ἀριθμός	18	688
Ἀσία	18	689
καταγγέλλω	18	690
Ἀντιόχεια	18	691
νυνί	18	692
χρυσοῦς	18	693
θησαυρός	17	694
ποταμός	17	695
ῥίζα	17	696
σκοτία	17	697
καταλύω	17	698
πλησίον	17	699
ὑποκριτής	17	700
κρυπτός	17	701
ῥύομαι	17	702
νίπτω	17	703
μήτι	17	704
πλήρωμα	17	705
ὑπομένω	17	706
ἐξίστημι	17	707
ἑκατόν	17	708
ἀρέσκω	17	709
βρῶμα	17	710
ὦ	17	711
Καισάρεια	17	712
κερδαίνω	17	713
ἀνάγκη	17	714
ὡσαύτως	17	715
ἕτοιμος	17	716
ἄφεσις	17	717
ἐπαύριον	17	718
περιτέμνω	17	719
χάρισμα	17	720
καθάπερ	17	721
ἵππος	17	722
τροφή	16	723
Καφαρναούμ	16	724
κακῶς	16	725
διψάω	16	726
ἐπιθυμέω	16	727
κλείω	16	728
κλέπτης	16	729
οὐδέποτε	16	730
ἐκτείνω	16	731
νυμφίος	16	732
ἐργάτης	16	733
διατάσσω	16	734
προσδοκάω	16	735
πλήρης	16	736
διαλογίζομαι	16	737
δηνάριον	16	738
ὑστερέω	16	739
συκῆ	16	740
κἄν	16	741
τολμάω	16	742
δεῖπνον	16	743
τέρας	16	744
παρέχω	16	745
συλλαμβάνω	16	746
δέσμιος	16	747
περισσῶς	16	748
ἀθετέω	16	749
θεμέλιος	16	750
συνίστημι	16	751
ἔπειτα	16	752
λύπη	16	753
ἀνακρίνω	16	754
ζῆλος	16	755
ἐπιμένω	16	756
Ἔφεσος	16	757
σφραγίς	16	758
πάθημα	16	759
εὐλογία	16	760
παρθένος	15	761
θρίξ	15	762
Ἰορδάνης	15	763
ἐντέλλομαι	15	764
χορτάζω	15	765
νομίζω	15	766
μοιχεύω	15	767
συμφέρω	15	768
ὁμοιόω	15	769
χόρτος	15	770
ἀπάγω	15	771
ἀνομία	15	772
πέτρα	15	773
ποτίζω	15	774
σαλεύω	15	775
ὅθεν	15	776
ξηραίνω	15	777
σκάνδαλον	15	778
ὠφελέω	15	779
τράπεζα	15	780
γεύομαι	15	781
ἀνέχω	15	782
κτίζω	15	783
ἐλαία	15	784
λῃστής	15	785
δέρω	15	786
κληρονόμος	15	787
γάμος	15	788
ῥαββί	15	789
οἰκουμένη	15	790
προλέγω	15	791
γυμνός	15	792
σφραγίζω	15	793
εἶτα	15	794
καταλαμβάνω	15	795
ἐπαγγέλλομαι	15	796
ἐπίσταμαι	15	797
γνωστός	15	798
κατέρχομαι	15	799
παύω	15	800
γέ	15	801
Λάζαρος	15	802
διαμαρτύρομαι	15	803
εὐσέβεια	15	804
Σαῦλος	15	805
Δαμασκός	15	806
εὐχαριστία	15	807
ὑπακοή	15	808
ἐλάχιστος	14	809
ἀναχωρέω	14	810
Σαδδουκαῖος	14	811
σῖτος	14	812
λύχνος	14	813
ἀνθίστημι	14	814
πετεινός	14	815
αὔριον	14	816
μέτρον	14	817
κατανοέω	14	818
ὄφις	14	819
ἄκανθα	14	820
φρόνιμος	14	821
ὄψιος	14	822
σεισμός	14	823
ἀνάκειμαι	14	824
ἀμφότεροι	14	825
κωφός	14	826
χωλός	14	827
ἁρπάζω	14	828
νήπιος	14	829
μερίζω	14	830
κατεσθίω	14	831
κλάω	14	832
κοινόω	14	833
νοέω	14	834
διαλογισμός	14	835
ἀλλότριος	14	836
ταπεινόω	14	837
τάλαντον	14	838
ἕκτος	14	839
κληρονομία	14	840
θύω	14	841
οἷος	14	842
ξένος	14	843
μύρον	14	844
μακρόθεν	14	845
κοινός	14	846
προσδέχομαι	14	847
ἐξαποστέλλω	14	848
ἀφίστημι	14	849
ἐνιαυτός	14	850
ἀτενίζω	14	851
στηρίζω	14	852
εὐφραίνω	14	853
γράμμα	14	854
ἀπειθέω	14	855
τύπος	14	856
φύσις	14	857
μακροθυμία	14	858
ἅπαξ	14	859
πρίν	13	860
ἐμπαίζω	13	861
Ναζωραῖος	13	862
ὕστερος	13	863
Ἀνδρέας	13	864
καταρτίζω	13	865
δαιμονίζομαι	13	866
ἐλεημοσύνη	13	867
κλέπτω	13	868
διαφέρω	13	869
ἐπιζητέω	13	870
ἐκπλήσσω	13	871
θερισμός	13	872
ἀνά	13	873
ζύμη	13	874
παράδοσις	13	875
ἕξ	13	876
χωρίζω	13	877
ὕψιστος	13	878
ἔξωθεν	13	879
τρόπος	13	880
τύπτω	13	881
παιδίσκη	13	882
ἄνωθεν	13	883
διαλέγομαι	13	884
ἀναλαμβάνω	13	885
Μάρθα	13	886
καταισχύνω	13	887
παιδεύω	13	888
ἀναγγέλλω	13	889
καπνός	13	890
χρυσίον	13	891
τίμιος	13	892
καταντάω	13	893
Φῆστος	13	894
Τίτος	13	895
ἀναστροφή	13	896
δράκων	13	897
Σολομών	12	898
Βαβυλών	12	899
λίαν	12	900
ὅριον	12	901
Ναζαρά	12	902
βαπτιστής	12	903
βοάω	12	904
κατακαίω	12	905
δεῦτε	12	906
δίκτυον	12	907
Ζεβεδαῖος	12	908
συνέχω	12	909
ψεύδομαι	12	910
καίω	12	911
λυχνία	12	912
φονεύω	12	913
μωρός	12	914
γέεννα	12	915
ὀδούς	12	916
ἄδικος	12	917
σαλπίζω	12	918
χοῖρος	12	919
ἔσωθεν	12	920
βασανίζω	12	921
μεταβαίνω	12	922
ἀσκός	12	923
σπλαγχνίζομαι	12	924
ῥάβδος	12	925
οἰκοδεσπότης	12	926
κάλαμος	12	927
ἀναπαύω	12	928
πρόθεσις	12	929
ὑγιής	12	930
ἀναπίπτω	12	931
πρωΐ	12	932
προσλαμβάνω	12	933
κολλάω	12	934
πῶλος	12	935
Βηθανία	12	936
πόρνη	12	937
διάνοια	12	938
λιμός	12	939
πληθύνω	12	940
αὐλή	12	941
τρίς	12	942
βῆμα	12	943
Μαγδαληνή	12	944
κατάκειμαι	12	945
βροντή	12	946
σπουδή	12	947
παραιτέομαι	12	948
γόνυ	12	949
ἐξάγω	12	950
ἔθος	12	951
κράτος	12	952
πλουτέω	12	953
ὑγιαίνω	12	954
βουλή	12	955
τυγχάνω	12	956
πιάζω	12	957
Ῥωμαῖος	12	958
Σιλᾶς	12	959
μάλιστα	12	960
συνεργός	12	961
φιάλη	12	962
ἀνατολή	11	963
πυνθάνομαι	11	964
ποιμαίνω	11	965
σφόδρα	11	966
κάτω	11	967
τελευτάω	11	968
ὑψηλός	11	969
νόσος	11	970
ἀγαλλιάω	11	971
ἀρχαῖος	11	972
χιτών	11	973
βρῶσις	11	974
ἐμβλέπω	11	975
κακία	11	976
μετρέω	11	977
ψευδοπροφήτης	11	978
θάπτω	11	979
χείρων	11	980
Θωμᾶς	11	981
Ἰσκαριώθ	11	982
θανατόω	11	983
κατασκευάζω	11	984
ἀγορά	11	985
Τύρος	11	986
τριάκοντα	11	987
κλάδος	11	988
καταβολή	11	989
ἀπιστία	11	990
φυτεύω	11	991
ἀπαρνέομαι	11	992
ὅραμα	11	993
πρᾶγμα	11	994
νεανίσκος	11	995
ὑποκάτω	11	996
γέμω	11	997
Ζαχαρίας	11	998
σάλπιγξ	11	999
ἐάω	11	1000
ἔλαιον	11	1001
κομίζω	11	1002
ἐπισκέπτομαι	11	1003
δόλος	11	1004
ἀλέκτωρ	11	1005
Γαλιλαῖος	11	1006
Βαραββᾶς	11	1007
διαμερίζω	11	1008
κλῆρος	11	1009
σχίζω	11	1010
κράβαττος	11	1011
ἐπιπίπτω	11	1012
στήκω	11	1013
ἅλυσις	11	1014
πηγή	11	1015
συγγενής	11	1016
ἐπαισχύνομαι	11	1017
κέρας	11	1018
σπλάγχνον	11	1019
εἰσάγω	11	1020
ἀντιλέγω	11	1021
λίμνη	11	1022
φωτίζω	11	1023
ἄφρων	11	1024
Σαμάρεια	11	1025
ἐξουθενέω	11	1026
δωρεά	11	1027
ζῳοποιέω	11	1028
πρότερος	11	1029
ὁμοθυμαδόν	11	1030
Ἁνανίας	11	1031
ζηλόω	11	1032
εἴδωλον	11	1033
Ἀγρίππας	11	1034
χράομαι	11	1035
ἐνδείκνυμι	11	1036
ἔπαινος	11	1037
καύχησις	11	1038
καύχημα	11	1039
ἐλευθερία	11	1040
κλῆσις	11	1041
πραΰτης	11	1042
σπουδάζω	11	1043
χίλιοι	11	1044
βίβλος	10	1045
ἐξομολογέω	10	1046
ἐκκόπτω	10	1047
ὑπόδημα	10	1048
περιστερά	10	1049
ποικίλος	10	1050
παραλυτικός	10	1051
πενθέω	10	1052
ἔνοχος	10	1053
κἀκεῖ	10	1054
ὅρκος	10	1055
πλατύς	10	1056
πύλη	10	1057
θλίβω	10	1058
ὑπαντάω	10	1059
παράγω	10	1060
ᾅδης	10	1061
κοσμέω	10	1062
διωγμός	10	1063
ἅμα	10	1064
ἀφορίζω	10	1065
τέταρτος	10	1066
σέβω	10	1067
χωρέω	10	1068
ἀναφέρω	10	1069
μακροθυμέω	10	1070
σύνδουλος	10	1071
ἀδύνατος	10	1072
ἔνατος	10	1073
σιωπάω	10	1074
κλητός	10	1075
μέλει	10	1076
ἀσπασμός	10	1077
ἀκαθαρσία	10	1078
κοινωνός	10	1079
πατάσσω	10	1080
χωρίον	10	1081
ἀφαιρέω	10	1082
ἐγκαταλείπω	10	1083
ἐμφανίζω	10	1084
πλάνη	10	1085
συζητέω	10	1086
ἐπιτάσσω	10	1087
προσκαρτερέω	10	1088
μνῆμα	10	1089
πλεονεξία	10	1090
ἀσέλγεια	10	1091
κἀκεῖθεν	10	1092
ὄντως	10	1093
ἰσχύς	10	1094
δικαίωμα	10	1095
ὀκτώ	10	1096
δεσπότης	10	1097
ἐντεῦθεν	10	1098
ὑμέτερος	10	1099
ἐπειδή	10	1100
δάκρυον	10	1101
σιγάω	10	1102
ὅδε	10	1103
ἀπολογέομαι	10	1104
οἰκονόμος	10	1105
ταχέως	10	1106
εἴκοσι	10	1107
ἀπολύτρωσις	10	1108
στρατηγός	10	1109
ψεῦδος	10	1110
ψεύστης	10	1111
Ἰόππη	10	1112
ξενίζω	10	1113
ἐκπίπτω	10	1114
Ἀχαΐα	10	1115
Ἀπολλῶς	10	1116
φείδομαι	10	1117
παρεμβολή	10	1118
χρηστότης	10	1119
ἁγιασμός	10	1120
ἐπιτελέω	10	1121
πόρνος	10	1122
παντοκράτωρ	10	1123
σφάζω	10	1124
γαστήρ	9	1125
ἀκριβῶς	9	1126
χρυσός	9	1127
χρηματίζω	9	1128
κλαυθμός	9	1129
θνῄσκω	9	1130
περίχωρος	9	1131
ἀνατέλλω	9	1132
ὀνειδίζω	9	1133
ἀποστρέφω	9	1134
οὐράνιος	9	1135
γωνία	9	1136
ἀλείφω	9	1137
καταφρονέω	9	1138
τρέφω	9	1139
μαργαρίτης	9	1140
κρούω	9	1141
ἐπιδίδωμι	9	1142
λεπρός	9	1143
μακράν	9	1144
βόσκω	9	1145
Σαμαρίτης	9	1146
δωρεάν	9	1147
Σόδομα	9	1148
Σιδών	9	1149
εὐδοκία	9	1150
κραυγάζω	9	1151
Ἰωνᾶς	9	1152
κήρυγμα	9	1153
ἑξήκοντα	9	1154
πιπράσκω	9	1155
ἀποτίθημι	9	1156
κλάσμα	9	1157
ἀναγκάζω	9	1158
φόνος	9	1159
μεταξύ	9	1160
ἄρσην	9	1161
δεῦρο	9	1162
εὐώνυμος	9	1163
κατέναντι	9	1164
ἐντρέπω	9	1165
ἀποδοκιμάζω	9	1166
νομικός	9	1167
μεστός	9	1168
ἀστραπή	9	1169
σελήνη	9	1170
λαμπάς	9	1171
διασκορπίζω	9	1172
Καϊάφας	9	1173
ἄζυμος	9	1174
ἄμπελος	9	1175
προέρχομαι	9	1176
ἔσω	9	1177
φθόνος	9	1178
γεμίζω	9	1179
ἀρχισυνάγωγος	9	1180
ἀπολαμβάνω	9	1181
στολή	9	1182
βίος	9	1183
στάσις	9	1184
καθαιρέω	9	1185
Ἐλισάβετ	9	1186
τάξις	9	1187
ἐπέρχομαι	9	1188
Ἀδάμ	9	1189
κατάγω	9	1190
ἀγαθοποιέω	9	1191
ὀνομάζω	9	1192
μονογενής	9	1193
χάριν	9	1194
ἄβυσσος	9	1195
οἰκονομία	9	1196
ἐκδίκησις	9	1197
μνᾶ	9	1198
ὑστέρημα	9	1199
ἄνομος	9	1200
λαμπρός	9	1201
Κηφᾶς	9	1202
Ἰσραηλίτης	9	1203
ἄνω	9	1204
διατρίβω	9	1205
ἕβδομος	9	1206
αἵρεσις	9	1207
ἀναστρέφω	9	1208
κατάπαυσις	9	1209
Σαούλ	9	1210
τεῖχος	9	1211
παρρησιάζομαι	9	1212
μεταπέμπω	9	1213
νῆσος	9	1214
προπέμπω	9	1215
εἰδωλόθυτος	9	1216
γνώμη	9	1217
προσφορά	9	1218
Φῆλιξ	9	1219
ἐπιποθέω	9	1220
ἔρις	9	1221
ἀσεβής	9	1222
βέβαιος	9	1223
πλεονάζω	9	1224
φθορά	9	1225
κίνδυνος	9	1226
εὐάρεστος	9	1227
φθείρω	9	1228
λέων	9	1229
μεθερμηνεύω	8	1230
Βηθλέεμ	8	1231
ἔνδυμα	8	1232
ζώνη	8	1233
ὀσφῦς	8	1234
γέννημα	8	1235
προσκόπτω	8	1236
Συρία	8	1237
ἅλας	8	1238
ὀργίζω	8	1239
ἐξαιρέω	8	1240
εἰσφέρω	8	1241
θησαυρίζω	8	1242
ἡλικία	8	1243
συλλέγω	8	1244
σαπρός	8	1245
προσπίπτω	8	1246
καλύπτω	8	1247
κλίνη	8	1248
σχίσμα	8	1249
κοράσιον	8	1250
ῥίπτω	8	1251
νύμφη	8	1252
κόπτω	8	1253
ταπεινός	8	1254
ξηρός	8	1255
ἀποκαθιστάνω	8	1256
συμβούλιον	8	1257
ἀργός	8	1258
βάθος	8	1259
καρποφορέω	8	1260
ζιζάνιον	8	1261
πατρίς	8	1262
ἐναντίος	8	1263
διασῴζω	8	1264
βοηθέω	8	1265
ἐπιλανθάνομαι	8	1266
εὐνοῦχος	8	1267
γογγύζω	8	1268
ἴσος	8	1269
περιτίθημι	8	1270
λιθοβολέω	8	1271
στράτευμα	8	1272
γαμίζω	8	1273
δάκτυλος	8	1274
κινέω	8	1275
μεγαλύνω	8	1276
ἐκτός	8	1277
ἐπισυνάγω	8	1278
Νῶε	8	1279
ἀρκέω	8	1280
πραιτώριον	8	1281
τάσσω	8	1282
Λευί	8	1283
κύκλῳ	8	1284
δρέπανον	8	1285
διηγέομαι	8	1286
διακόσιοι	8	1287
διανοίγω	8	1288
ἐκφέρω	8	1289
συμβαίνω	8	1290
εὐλογητός	8	1291
συγκαλέω	8	1292
ἀπιστέω	8	1293
βεβαιόω	8	1294
ἄφθαρτος	8	1295
κατηχέω	8	1296
βρέφος	8	1297
πρωτότοκος	8	1298
αἰνέω	8	1299
πάντως	8	1300
ζηλωτής	8	1301
μυριάς	8	1302
βοῦς	8	1303
ἀντίκειμαι	8	1304
ἀγωνίζομαι	8	1305
ἡμέτερος	8	1306
ἐκφεύγω	8	1307
ὁρίζω	8	1308
ἐσθής	8	1309
ἐνθάδε	8	1310
μέντοι	8	1311
ἕλκω	8	1312
λιθάζω	8	1313
τεκνίον	8	1314
ὅσιος	8	1315
Κιλικία	8	1316
δουλόω	8	1317
Κορνήλιος	8	1318
ἀναγκαῖος	8	1319
Μᾶρκος	8	1320
χάραγμα	8	1321
Ῥώμη	8	1322
νουθετέω	8	1323
ἀπολογία	8	1324
ἀδόκιμος	8	1325
ὀξύς	8	1326
ὑπερβολή	8	1327
οἰκέω	8	1328
ἀπεκδέχομαι	8	1329
ἀπαρχή	8	1330
προΐστημι	8	1331
κοινωνέω	8	1332
πορνεύω	8	1333
μετέχω	8	1334
ἁγνός	8	1335
ἄμωμος	8	1336
ἐνέργεια	8	1337
Μελχισέδεκ	8	1338
μέτωπον	8	1339
προστάσσω	7	1340
πρέπω	7	1341
σκιά	7	1342
λάμπω	7	1343
ὑποπόδιον	7	1344
βρέχω	7	1345
ὀφειλέτης	7	1346
ῥήγνυμι	7	1347
πνέω	7	1348
βρυγμός	7	1349
κλίνω	7	1350
ποταπός	7	1351
ἀγέλη	7	1352
θαρσέω	7	1353
εὔκοπος	7	1354
συνανάκειμαι	7	1355
εἰ δὲ μή	7	1356
ὄπισθεν	7	1357
κτάομαι	7	1358
μαστιγόω	7	1359
Βεελζεβούλ	7	1360
δῶμα	7	1361
προσφωνέω	7	1362
Βηθσαϊδά	7	1363
πάλαι	7	1364
χρηστός	7	1365
ἐμπίπτω	7	1366
συντρίβω	7	1367
φθάνω	7	1368
μοιχαλίς	7	1369
νότος	7	1370
ἀπάτη	7	1371
ἄκαρπος	7	1372
κόκκος	7	1373
πτῶμα	7	1374
στάδιον	7	1375
χεῖλος	7	1376
προσμένω	7	1377
ἐπιδείκνυμι	7	1378
διαστρέφω	7	1379
κρεμάννυμι	7	1380
τράχηλος	7	1381
ἀγανακτέω	7	1382
Ἰεριχώ	7	1383
Σιών	7	1384
φονεύς	7	1385
φιμόω	7	1386
πονηρία	7	1387
καταπίνω	7	1388
τάφος	7	1389
θόρυβος	7	1390
καθέζομαι	7	1391
σπεῖρα	7	1392
πανταχοῦ	7	1393
καθαρισμός	7	1394
χαλάω	7	1395
περιβλέπω	7	1396
ἔκστασις	7	1397
διαστέλλω	7	1398
πεντήκοντα	7	1399
ἀτιμάζω	7	1400
σύνεσις	7	1401
πού	7	1402
συγχαίρω	7	1403
Συμεών	7	1404
ῥομφαία	7	1405
στρατεύω	7	1406
ἐπίκειμαι	7	1407
ἐπιστάτης	7	1408
ἀξιόω	7	1409
φίλημα	7	1410
ἀποδέχομαι	7	1411
μόλις	7	1412
ἐκζητέω	7	1413
φρέαρ	7	1414
ἀνταποδίδωμι	7	1415
φλόξ	7	1416
θεῖον	7	1417
τάχος	7	1418
ψαλμός	7	1419
κυριεύω	7	1420
διατίθημι	7	1421
βραχύς	7	1422
ὑπομιμνῄσκω	7	1423
δέκατος	7	1424
ἐπίγειος	7	1425
ζήτησις	7	1426
Ἑβραϊστί	7	1427
ἐκδέχομαι	7	1428
ἐλευθερόω	7	1429
ἁγνίζω	7	1430
μεταλαμβάνω	7	1431
Στέφανος	7	1432
ἀεί	7	1433
ἐκλογή	7	1434
ἐνδυναμόω	7	1435
συμβιβάζω	7	1436
ἀνθρώπινος	7	1437
ἐγκαλέω	7	1438
ταπεινοφροσύνη	7	1439
ἀήρ	7	1440
μνεία	7	1441
ἀτιμία	7	1442
ἀφθαρσία	7	1443
ἐριθεία	7	1444
παράβασις	7	1445
δοκιμή	7	1446
ἀφορμή	7	1447
ἐνίστημι	7	1448
ἁπλότης	7	1449
δόκιμος	7	1450
σαρκικός	7	1451
ἐπιταγή	7	1452
δηλόω	7	1453
ἐποικοδομέω	7	1454
φυσιόω	7	1455
ἄπειμι (I)	7	1456
εἰδωλολάτρης	7	1457
στοιχεῖον	7	1458
ᾠδή	7	1459
ἀπολείπω	7	1460
πολεμέω	7	1461
ὄναρ	6	1462
ὕπνος	6	1463
μάγος	6	1464
κάμηλος	6	1465
ὑποδείκνυμι	6	1466
ἀποθήκη	6	1467
περιάγω	6	1468
μέλας	6	1469
κάρφος	6	1470
δοκός	6	1471
λύκος	6	1472
ἀνακλίνω	6	1473
πενθερά	6	1474
πυρετός	6	1475
διαπεράω	6	1476
ἰατρός	6	1477
πήρα	6	1478
φορέω	6	1479
ζυγός	6	1480
φορτίον	6	1481
σβέννυμι	6	1482
αἰγιαλός	6	1483
ἀναπληρόω	6	1484
μέριμνα	6	1485
συντέλεια	6	1486
Ἡρῳδιάς	6	1487
κόφινος	6	1488
πεντακισχίλιοι	6	1489
χειμών	6	1490
κλείς	6	1491
ζημιόω	6	1492
πρᾶξις	6	1493
συλλαλέω	6	1494
συμφωνέω	6	1495
βάρος	6	1496
ἐπιβαίνω	6	1497
στρωννύω	6	1498
ὡσαννά	6	1499
σπήλαιον	6	1500
φύλλον	6	1501
μεταμέλομαι	6	1502
ἀποδημέω	6	1503
θαυμαστός	6	1504
βαρύς	6	1505
ὑπόκρισις	6	1506
βδέλυγμα	6	1507
ἄκρον	6	1508
τρώγω	6	1509
κιβωτός	6	1510
μεθύω	6	1511
κραυγή	6	1512
βαρέω	6	1513
καταφιλέω	6	1514
ἐμπτύω	6	1515
κόκκινος	6	1516
Κυρηναῖος	6	1517
ὄξος	6	1518
καταπέτασμα	6	1519
σινδών	6	1520
παρασκευή	6	1521
ἕνδεκα	6	1522
Ναζαρηνός	6	1523
παρατηρέω	6	1524
μάστιξ	6	1525
παραδέχομαι	6	1526
διεγείρω	6	1527
σωφρονέω	6	1528
ἀπορέω	6	1529
ἐξαυτῆς	6	1530
ἀποτάσσω	6	1531
λανθάνω	6	1532
στενάζω	6	1533
ἀποκόπτω	6	1534
χρῆμα	6	1535
ἀναμιμνῄσκω	6	1536
πρόφασις	6	1537
συντελέω	6	1538
δίς	6	1539
θερμαίνω	6	1540
χειροποίητος	6	1541
ἀποφέρω	6	1542
Ἀλέξανδρος	6	1543
πληροφορέω	6	1544
καθότι	6	1545
θυμίαμα	6	1546
ἀπειθής	6	1547
λειτουργία	6	1548
ὕψος	6	1549
σπεύδω	6	1550
συμβάλλω	6	1551
προκόπτω	6	1552
μέτοχος	6	1553
κόλπος	6	1554
πλέω	6	1555
συναντάω	6	1556
σκοπέω	6	1557
συνευδοκέω	6	1558
διαφθείρω	6	1559
περιζώννυμι	6	1560
ἐργασία	6	1561
αἰσχύνη	6	1562
βουλεύω	6	1563
μόσχος	6	1564
ἐπαινέω	6	1565
ἐγκακέω	6	1566
ἐκδικέω	6	1567
λείπω	6	1568
πώποτε	6	1569
ἔχθρα	6	1570
ἀνόητος	6	1571
διερμηνεύω	6	1572
ἐξηγέομαι	6	1573
Ναθαναήλ	6	1574
φαῦλος	6	1575
ἐραυνάω	6	1576
κατήγορος	6	1577
πηλός	6	1578
ὀσμή	6	1579
σημαίνω	6	1580
ὑπόδειγμα	6	1581
ὅπλον	6	1582
διάλεκτος	6	1583
διαφθορά	6	1584
προορίζω	6	1585
ἀλλάσσω	6	1586
κακόω	6	1587
μετατίθημι	6	1588
ἀπωθέω	6	1589
Ἰκόνιον	6	1590
Λύστρα	6	1591
μάταιος	6	1592
Τρῳάς	6	1593
ποιητής	6	1594
Κόρινθος	6	1595
Ἀκύλας	6	1596
Πρίσκα	6	1597
σκληρύνω	6	1598
ἀνάθεμα	6	1599
εὔχομαι	6	1600
βάρβαρος	6	1601
ἀσέβεια	6	1602
ὁμοίωμα	6	1603
φθαρτός	6	1604
εἴπερ	6	1605
καταλλάσσω	6	1606
θνητός	6	1607
ἐξαπατάω	6	1608
ἐνοικέω	6	1609
πρόσκομμα	6	1610
ἐγκεντρίζω	6	1611
ἀπείθεια	6	1612
ἀνυπόκριτος	6	1613
φιλαδελφία	6	1614
εἰκῇ	6	1615
ἀξίως	6	1616
ψυχικός	6	1617
μιμητής	6	1618
ἔνι	6	1619
πυρόω	6	1620
πεποίθησις	6	1621
νόημα	6	1622
θαρρέω	6	1623
ὁμολογία	6	1624
κατάρα	6	1625
μεσίτης	6	1626
παιδεία	6	1627
ἀγών	6	1628
Λαοδίκεια	6	1629
νήφω	6	1630
ἐπιφάνεια	6	1631
βασανισμός	6	1632
γένεσις	5	1633
Ἰεσσαί	5	1634
δεκατέσσαρες	5	1635
ἔχιδνα	5	1636
ἁλιεύς	5	1637
προβαίνω	5	1638
καταπατέω	5	1639
ἀντίδικος	5	1640
εἰσακούω	5	1641
ἀφανίζω	5	1642
φωτεινός	5	1643
ὀλιγόπιστος	5	1644
χρῄζω	5	1645
κύων	5	1646
ἅρπαξ	5	1647
θεμελιόω	5	1648
ἄμμος	5	1649
δυσμή	5	1650
ὁρμάω	5	1651
Μαθθαῖος	5	1652
κράσπεδον	5	1653
ἐμβριμάομαι	5	1654
Ἁλφαῖος	5	1655
χαλκός	5	1656
κονιορτός	5	1657
ἀνεκτός	5	1658
ἀνάπαυσις	5	1659
στάχυς	5	1660
καταδικάζω	5	1661
ἐρημόω	5	1662
σκορπίζω	5	1663
περίσσευμα	5	1664
συμπνίγω	5	1665
δή	5	1666
σίναπι	5	1667
ἔμπορος	5	1668
πίναξ	5	1669
ἄρρωστος	5	1670
ὁδηγός	5	1671
ὁδηγέω	5	1672
ἀσύνετος	5	1673
ἐκλύω	5	1674
σπυρίς	5	1675
τετρακισχίλιοι	5	1676
ἐπισκιάζω	5	1677
ἐννέα	5	1678
προσάγω	5	1679
θῆλυς	5	1680
ψευδομαρτυρέω	5	1681
ὄνος	5	1682
σείω	5	1683
θηλάζω	5	1684
ληνός	5	1685
ὑβρίζω	5	1686
ἐπιγραφή	5	1687
πρωτοκλισία	5	1688
πτέρυξ	5	1689
ἀετός	5	1690
σκοτίζω	5	1691
χρονίζω	5	1692
εὖ	5	1693
σκληρός	5	1694
καταράομαι	5	1695
ποίμνη	5	1696
αὐτοῦ	5	1697
διαρρήγνυμι	5	1698
κολαφίζω	5	1699
παίω	5	1700
ἐκδύω	5	1701
παραπορεύομαι	5	1702
συσταυρόω	5	1703
πλάνος	5	1704
ἀνακράζω	5	1705
πλοιάριον	5	1706
σπόρος	5	1707
δαπανάω	5	1708
ἡδέως	5	1709
ἥμισυς	5	1710
ἐλαύνω	5	1711
πωρόω	5	1712
ῥαντίζω	5	1713
περίκειμαι	5	1714
ἀποστερέω	5	1715
βάτος (I)	5	1716
μακρός	5	1717
γαζοφυλάκιον	5	1718
ἐξαίφνης	5	1719
ἐπιγράφω	5	1720
εὐσχήμων	5	1721
τρόμος	5	1722
συνεργέω	5	1723
καθεξῆς	5	1724
Ἀαρών	5	1725
ἐναντίον	5	1726
ἄμεμπτος	5	1727
ἀγαλλίασις	5	1728
διαμένω	5	1729
ὑπερήφανος	5	1730
ἐμπίπλημι	5	1731
ὄγδοος	5	1732
δόγμα	5	1733
σωτήριος	5	1734
νηστεία	5	1735
μεταδίδωμι	5	1736
εἶδος	5	1737
χρίω	5	1738
δεκτός	5	1739
παραλύω	5	1740
διαπορεύομαι	5	1741
ἔντιμος	5	1742
ἑξῆς	5	1743
ἱματισμός	5	1744
κατακλίνω	5	1745
ἐκμάσσω	5	1746
ὑπολαμβάνω	5	1747
ἡδονή	5	1748
ἑβδομήκοντα	5	1749
πατέω	5	1750
σκορπίος	5	1751
μερίς	5	1752
ποίμνιον	5	1753
κῆπος	5	1754
ἡσυχάζω	5	1755
ἐπέχω	5	1756
συνεσθίω	5	1757
αἰσχύνω	5	1758
μεθίστημι	5	1759
στῆθος	5	1760
φόρος	5	1761
πανουργία	5	1762
ἀκαταστασία	5	1763
παγίς	5	1764
αἴτιος	5	1765
ἀναπέμπω	5	1766
δικαίως	5	1767
ἔμφοβος	5	1768
παρακύπτω	5	1769
ὀθόνιον	5	1770
σκηνόω	5	1771
Νικόδημος	5	1772
βασιλικός	5	1773
ὀψάριον	5	1774
παροιμία	5	1775
μαίνομαι	5	1776
λούω	5	1777
παράκλητος	5	1778
λατρεία	5	1779
μιαίνω	5	1780
πλευρά	5	1781
σύρω	5	1782
συγχέω	5	1783
Παμφυλία	5	1784
ἐξαλείφω	5	1785
ἰδιώτης	5	1786
παραγγελία	5	1787
Φαραώ	5	1788
Αἰγύπτιος	5	1789
ἔπειμι	5	1790
Κύπρος	5	1791
σιδηροῦς	5	1792
ἀνθύπατος	5	1793
εἴσοδος	5	1794
ὑετός	5	1795
ζήτημα	5	1796
Μακεδών	5	1797
Θεσσαλονίκη	5	1798
Ἰάσων	5	1799
προθυμία	5	1800
ἀντιτάσσω	5	1801
Ἄρτεμις	5	1802
Ἐφέσιος	5	1803
Γάϊος	5	1804
Ἀρίσταρχος	5	1805
Τυχικός	5	1806
μαρτύρομαι	5	1807
ἐπίσκοπος	5	1808
στοιχέω	5	1809
ἀσφαλής	5	1810
ἐγκόπτω	5	1811
ἄνεσις	5	1812
ἐντυγχάνω	5	1813
προγινώσκω	5	1814
ὁποῖος	5	1815
Κρήτη	5	1816
ἀόρατος	5	1817
παραβάτης	5	1818
κενόω	5	1819
ἐφάπαξ	5	1820
δουλεία	5	1821
υἱοθεσία	5	1822
φύραμα	5	1823
ἐπιτυγχάνω	5	1824
πταίω	5	1825
οἰκτιρμός	5	1826
ὑπερέχω	5	1827
λειτουργός	5	1828
ὀνειδισμός	5	1829
ψάλλω	5	1830
εὐπρόσδεκτος	5	1831
ἀνέγκλητος	5	1832
μωρία	5	1833
γάλα	5	1834
μετασχηματίζω	5	1835
πλεονεκτέω	5	1836
ὑπερβάλλω	5	1837
πρόκειμαι	5	1838
ὑπόστασις	5	1839
ἐπιχορηγέω	5	1840
περιποίησις	5	1841
ᾄδω	5	1842
θώραξ	5	1843
καίπερ	5	1844
ἐπιεικής	5	1845
ἀρετή	5	1846
μῦθος	5	1847
ἐκτρέπω	5	1848
βέβηλος	5	1849
ζόφος	5	1850
πένθος	5	1851
καταλαλέω	5	1852
ἀντίχριστος	5	1853
πέτομαι	5	1854
οὐρά	5	1855
βύσσινος	5	1856
μετοικεσία	4	1857
λάθρᾳ	4	1858
ἀνακάμπτω	4	1859
ἀκρίς	4	1860
μέλι	4	1861
ἐκπειράζω	4	1862
πραΰς	4	1863
μωραίνω	4	1864
μοιχάω	4	1865
ὅλως	4	1866
δανίζω	4	1867
ἐθνικός	4	1868
ῥύμη	4	1869
ἀριστερός	4	1870
ταμεῖον	4	1871
διορύσσω	4	1872
ἀντέχω	4	1873
μαμωνᾶς	4	1874
πῆχυς	4	1875
δόμα	4	1876
σῦκον	4	1877
λέπρα	4	1878
κῦμα	4	1879
ἐνθύμησις	4	1880
νυμφών	4	1881
ἐπίβλημα	4	1882
θορυβέω	4	1883
σκύλλω	4	1884
Βαρθολομαῖος	4	1885
ἄργυρος	4	1886
ἐκτινάσσω	4	1887
Γόμορρα	4	1888
στρουθίον	4	1889
ψυχρός	4	1890
δεσμωτήριον	4	1891
μαλακός	4	1892
ὀρχέομαι	4	1893
θρηνέω	4	1894
σάκκος	4	1895
συνετός	4	1896
κατάγνυμι	4	1897
νῖκος	4	1898
βασίλισσα	4	1899
πέρας	4	1900
ἄνυδρος	4	1901
πετρώδης	4	1902
καυματίζω	4	1903
πρόσκαιρος	4	1904
βλαστάνω	4	1905
ἐκριζόω	4	1906
λάχανον	4	1907
κατασκηνόω	4	1908
ζυμόω	4	1909
κάμινος	4	1910
μαθητεύω	4	1911
ἄτιμος	4	1912
τετραάρχης	4	1913
ἀποκεφαλίζω	4	1914
κακολογέω	4	1915
πόρρω	4	1916
κυνάριον	4	1917
κυλλός	4	1918
ἐρημία	4	1919
μεταμορφόω	4	1920
γονυπετέω	4	1921
κῆνσος	4	1922
μύλος	4	1923
ἐνενήκοντα	4	1924
ἑπτάκις	4	1925
κτῆμα	4	1926
κατακυριεύω	4	1927
φραγμός	4	1928
πύργος	4	1929
ἐκδίδωμι	4	1930
ταῦρος	4	1931
ἀμελέω	4	1932
πρωτοκαθεδρία	4	1933
προσήλυτος	4	1934
διπλοῦς	4	1935
ὡραῖος	4	1936
ὀστέον	4	1937
Ἅβελ	4	1938
ὠδίν	4	1939
κολοβόω	4	1940
κατακλυσμός	4	1941
συμβουλεύω	4	1942
ἀλάβαστρος	4	1943
ὑμνέω	4	1944
περίλυπος	4	1945
ἀποσπάω	4	1946
λεγιών	4	1947
εἴωθα	4	1948
κρανίον	4	1949
μίγνυμι	4	1950
ἀπέναντι	4	1951
ἀσφαλίζω	4	1952
ὀψέ	4	1953
ἱμάς	4	1954
κακοποιέω	4	1955
ἁμάρτημα	4	1956
δαμάζω	4	1957
χλωρός	4	1958
ἀφροσύνη	4	1959
ὀρθῶς	4	1960
ἐκθαμβέω	4	1961
εἰρηνεύω	4	1962
συμπορεύομαι	4	1963
νεότης	4	1964
ἀγρυπνέω	4	1965
θυρωρός	4	1966
μεσονύκτιον	4	1967
παραφέρω	4	1968
ἀναθεματίζω	4	1969
πορφύρα	4	1970
ἄρωμα	4	1971
παρακολουθέω	4	1972
ἐπακολουθέω	4	1973
κράτιστος	4	1974
στεῖρα	4	1975
λαγχάνω	4	1976
ὀπτασία	4	1977
ταπείνωσις	4	1978
ἀφόβως	4	1979
ἐπιφαίνω	4	1980
κραταιόω	4	1981
ἀπογράφω	4	1982
φάτνη	4	1983
εὐλαβής	4	1984
ἀπόκρισις	4	1985
ὀδυνάω	4	1986
Ἅννας	4	1987
σκολιός	4	1988
ὀψώνιον	4	1989
ἀποβαίνω	4	1990
συγκλείω	4	1991
καθίημι	4	1992
σπουδαίως	4	1993
ἔνδοξος	4	1994
κινδυνεύω	4	1995
συναρπάζω	4	1996
διαπορέω	4	1997
βαλλάντιον	4	1998
ἀποκρύπτω	4	1999
κτῆνος	4	2000
ὑποδέχομαι	4	2001
κοίτη	4	2002
διαδίδωμι	4	2003
παλαιόω	4	2004
μεθύσκω	4	2005
ἀνακύπτω	4	2006
γείτων	4	2007
πολίτης	4	2008
ἐκλείπω	4	2009
οἰκέτης	4	2010
βάπτω	4	2011
δειπνέω	4	2012
Λώτ	4	2013
ἀπόκειμαι	4	2014
σουδάριον	4	2015
ἐπισκοπή	4	2016
μηνύω	4	2017
κυκλόω	4	2018
αἰχμαλωτίζω	4	2019
ἄστρον	4	2020
ἀνάμνησις	4	2021
ἐξουσιάζω	4	2022
ἐπιφωνέω	4	2023
κακοῦργος	4	2024
ἄτοπος	4	2025
βαθύς	4	2026
ὁμιλέω	4	2027
ψηλαφάω	4	2028
ἀμνός	4	2029
Κανά	4	2030
ἀντλέω	4	2031
ἐλάσσων	4	2032
ὁμοῦ	4	2033
κολυμβήθρα	4	2034
στοά	4	2035
μάννα	4	2036
μάχομαι	4	2037
γογγυσμός	4	2038
οὐδέπω	4	2039
ἀρεστός	4	2040
λοιδορέω	4	2041
παραμυθέομαι	4	2042
περιΐστημι	4	2043
ψωμίον	4	2044
κλῆμα	4	2045
πορφυροῦς	4	2046
ὑπερῷον	4	2047
ἀποστολή	4	2048
ὅρασις	4	2049
ἀποδείκνυμι	4	2050
προοράω	4	2051
πατριάρχης	4	2052
εἴσειμι	4	2053
ἀρχηγός	4	2054
ἄγνοια	4	2055
συνοράω	4	2056
δημόσιος	4	2057
πειθαρχέω	4	2058
τετρακόσιοι	4	2059
Ἑβραῖος	4	2060
βλάσφημος	4	2061
πάροικος	4	2062
μετακαλέω	4	2063
ἐκτίθημι	4	2064
Σινᾶ	4	2065
λόγιον	4	2066
ἐπίθεσις	4	2067
πικρία	4	2068
σύνδεσμος	4	2069
ἅρμα	4	2070
κείρω	4	2071
ἄφωνος	4	2072
ἐπιβουλή	4	2073
παρασκευάζω	4	2074
ἑρπετόν	4	2075
κατασείω	4	2076
δῆμος	4	2077
συμπαραλαμβάνω	4	2078
ἀποπλέω	4	2079
Βενιαμίν	4	2080
ἔξειμι	4	2081
καταπαύω	4	2082
ἐμμένω	4	2083
Φίλιπποι	4	2084
Θυάτειρα	4	2085
ἀνίημι	4	2086
Ἀθῆναι	4	2087
Ἄρειος Πάγος	4	2088
Ἰταλία	4	2089
περιέρχομαι	4	2090
τεχνίτης	4	2091
Θεσσαλονικεύς	4	2092
καταφέρω	4	2093
ὑποστέλλω	4	2094
ἡσυχία	4	2095
ἐγκράτεια	4	2096
θρησκεία	4	2097
κέντρον	4	2098
ζημία	4	2099
παραχειμάζω	4	2100
περιαιρέω	4	2101
ἄγκυρα	4	2102
ἀδιαλείπτως	4	2103
εὐοδόω	4	2104
στενοχωρία	4	2105
προσωπολημψία	4	2106
ἀκροατής	4	2107
ἔνδειξις	4	2108
Σάρρα	4	2109
καταλλαγή	4	2110
περισσεία	4	2111
σάρκινος	4	2112
φρόνημα	4	2113
συγκληρονόμος	4	2114
καθό	4	2115
παραζηλόω	4	2116
κάμπτω	4	2117
συγκοινωνός	4	2118
κατακαυχάομαι	4	2119
διάφορος	4	2120
προγράφω	4	2121
ἀγαθωσύνη	4	2122
ὄφελον	4	2123
ὄλεθρος	4	2124
πλεονέκτης	4	2125
ἄγαμος	4	2126
στέγω	4	2127
εἰδωλολατρία	4	2128
αἰσχρός	4	2129
κιθάρα	4	2130
χοϊκός	4	2131
Γαλατία	4	2132
τηλικοῦτος	4	2133
Σιλουανός	4	2134
κάλυμμα	4	2135
μάχη	4	2136
γνήσιος	4	2137
ὑποταγή	4	2138
κανών	4	2139
φρουρέω	4	2140
στῦλος	4	2141
ἐξαγοράζω	4	2142
κυριότης	4	2143
πλάτος	4	2144
σεμνός	4	2145
πληροφορία	4	2146
πλουσίως	4	2147
πικραίνω	4	2148
πόνος	4	2149
μιμέομαι	4	2150
ἀνυπότακτος	4	2151
σώφρων	4	2152
κτίσμα	4	2153
γυμνάζω	4	2154
ὠφέλιμος	4	2155
ἄσπιλος	4	2156
στερεός	4	2157
ἀντιλογία	4	2158
διηνεκής	4	2159
ὁρκωμοσία	4	2160
ἀμίαντος	4	2161
τράγος	4	2162
ἄνθος	4	2163
γλυκύς	4	2164
ἴασπις	4	2165
πέμπτος	4	2166
χάλαζα	4	2167
ἁλληλουϊά	4	2168
Φάρες	3	2169
Ἑσρώμ	3	2170
Ἀμιναδάβ	3	2171
Ναασσών	3	2172
Βόες	3	2173
Ἰωβήδ	3	2174
Ἀβιά	3	2175
Μανασσῆ	3	2176
Ἀμώς	3	2177
Σαλαθιήλ	3	2178
Ζοροβαβέλ	3	2179
Ἐλιακίμ	3	2180
μνηστεύω	3	2181
ἐξετάζω	3	2182
ἐπάν	3	2183
Ἰερεμίας	3	2184
τρίβος	3	2185
ἄγριος	3	2186
ἄσβεστος	3	2187
Ζαβουλών	3	2188
Νεφθαλίμ	3	2189
μαλακία	3	2190
βάσανος	3	2191
Δεκάπολις	3	2192
μόδιος	3	2193
ἀποστάσιον	3	2194
παρεκτός	3	2195
ἀγγαρεύω	3	2196
σής	3	2197
σκοτεινός	3	2198
ἀμφιέννυμι	3	2199
ἀρκετός	3	2200
διαβλέπω	3	2201
στενός	3	2202
σταφυλή	3	2203
ἀποχωρέω	3	2204
στέγη	3	2205
ἐξώτερος	3	2206
ἀλώπηξ	3	2207
δειλός	3	2208
γαλήνη	3	2209
κρημνός	3	2210
ὑπάντησις	3	2211
τελώνιον	3	2212
ἀπαίρω	3	2213
συντηρέω	3	2214
καταγελάω	3	2215
διαφημίζω	3	2216
ἀκέραιος	3	2217
ἄνευ	3	2218
ἀριθμέω	3	2219
αὐλέω	3	2220
σποδός	3	2221
σπόριμος	3	2222
τίλλω	3	2223
βόθυνος	3	2224
διαρπάζω	3	2225
Νινευίτης	3	2226
σαρόω	3	2227
ἀποπνίγω	3	2228
πολύτιμος	3	2229
κοπάζω	3	2230
Γεννησαρέτ	3	2231
παραβαίνω	3	2232
ἀκυρόω	3	2233
ἔνταλμα	3	2234
μοιχεία	3	2235
κατισχύω	3	2236
παρακούω	3	2237
ποσάκις	3	2238
συναίρω	3	2239
μύριοι	3	2240
ὀφειλή	3	2241
σκληροκαρδία	3	2242
δυσκόλως	3	2243
ἑνδέκατος	3	2244
ἐπίτροπος	3	2245
καύσων	3	2246
ἑταῖρος	3	2247
Βηθφαγή	3	2248
συντάσσω	3	2249
κολλυβιστής	3	2250
καταστρέφω	3	2251
καθέδρα	3	2252
ἐπανάγω	3	2253
ὀρύσσω	3	2254
ἄριστον	3	2255
Ἡρῳδιανοί	3	2256
δεσμεύω	3	2257
πλατύνω	3	2258
ἀποδεκατόω	3	2259
ἁρπαγή	3	2260
θροέω	3	2261
ἐρήμωσις	3	2262
φέγγος	3	2263
θέρος	3	2264
ἀπάντησις	3	2265
ὀκνηρός	3	2266
μνημόσυνον	3	2267
ἀδημονέω	3	2268
πρόθυμος	3	2269
ὠτίον	3	2270
καταμαρτυρέω	3	2271
λαλιά	3	2272
δῆλος	3	2273
κεραμεύς	3	2274
πλέκω	3	2275
Γολγοθᾶ	3	2276
Ἠλί	3	2277
σπόγγος	3	2278
Ἀριμαθαία	3	2279
ἐντυλίσσω	3	2280
κουστωδία	3	2281
ἀποκυλίω	3	2282
κύπτω	3	2283
μισθωτός	3	2284
σπαράσσω	3	2285
θαμβέω	3	2286
φανερῶς	3	2287
πάντοθεν	3	2288
πώρωσις	3	2289
ἀπόκρυφος	3	2290
λαῖλαψ	3	2291
πρύμνα	3	2292
Γερασηνός	3	2293
πέδη	3	2294
ῥύσις	3	2295
τρέμω	3	2296
συνακολουθέω	3	2297
Ἰωσῆς	3	2298
ὑποδέω	3	2299
ἐνέχω	3	2300
μεγιστάν	3	2301
εὐκαιρέω	3	2302
συντρέχω	3	2303
περιφέρω	3	2304
βαπτισμός	3	2305
πτύω	3	2306
ἄλαλος	3	2307
προστρέχω	3	2308
ἀρτύω	3	2309
ἐξανίστημι	3	2310
ὁλοκαύτωμα	3	2311
λεπτός	3	2312
πολυτελής	3	2313
προλαμβάνω	3	2314
κατάλυμα	3	2315
συναποθνῄσκω	3	2316
ἀββά	3	2317
ἀσφαλῶς	3	2318
ἀχειροποίητος	3	2319
περικαλύπτω	3	2320
ῥάπισμα	3	2321
ἐκπνέω	3	2322
κεντυρίων	3	2323
δωρέομαι	3	2324
κατατίθημι	3	2325
διαγίνομαι	3	2326
μορφή	3	2327
ἐπιχειρέω	3	2328
ἀσφάλεια	3	2329
πρεσβύτης	3	2330
δούλη	3	2331
σκιρτάω	3	2332
ἐπιβλέπω	3	2333
βραχίων	3	2334
δυνάστης	3	2335
ἀντιλαμβάνω	3	2336
συγγένεια	3	2337
λύτρωσις	3	2338
κατευθύνω	3	2339
πατριά	3	2340
ἀναζητέω	3	2341
Πόντιος	3	2342
τετρααρχέω	3	2343
Ἑνώχ	3	2344
θάμβος	3	2345
ἦχος (I)	3	2346
πλύνω	3	2347
νομοδιδάσκαλος	3	2348
πυκνός	3	2349
προδότης	3	2350
οἰκτίρμων	3	2351
τρυγάω	3	2352
σκάπτω	3	2353
καταπίπτω	3	2354
φύω	3	2355
συμπληρόω	3	2356
θεραπεία	3	2357
ἔξοδος	3	2358
μεγαλειότης	3	2359
διαγγέλλω	3	2360
εὔθετος	3	2361
ἐγγράφω	3	2362
περιπίπτω	3	2363
Λευίτης	3	2364
ἐπιβιβάζω	3	2365
ἐπιμελέομαι	3	2366
πανοπλία	3	2367
μαστός	3	2368
ἀριστάω	3	2369
ἀπαλλάσσω	3	2370
Σιλωάμ	3	2371
ἀνορθόω	3	2372
ἴασις	3	2373
δραχμή	3	2374
σιτευτός	3	2375
ἕλκος	3	2376
διαβαίνω	3	2377
ἀροτριάω	3	2378
περιποιέω	3	2379
ζῳογονέω	3	2380
μοιχός	3	2381
Ζακχαῖος	3	2382
εὐγενής	3	2383
τοίνυν	3	2384
καταξιόω	3	2385
μέθη	3	2386
βιωτικός	3	2387
συντίθημι	3	2388
διΐστημι	3	2389
πρεσβυτέριον	3	2390
αἴτημα	3	2391
παράδεισος	3	2392
ὄρθρος	3	2393
λυτρόω	3	2394
βραδύς	3	2395
ἑσπέρα	3	2396
ἑρμηνεύω	3	2397
λίθινος	3	2398
ὑδρία	3	2399
ἀρχιτρίκλινος	3	2400
ἀνατρέπω	3	2401
ἐλαττόω	3	2402
ἅλλομαι	3	2403
ἐχθές	3	2404
Τιβεριάς	3	2405
ἀνέρχομαι	3	2406
διδακτός	3	2407
πόσις	3	2408
ὄψις	3	2409
διασπορά	3	2410
ἀνθρωποκτόνος	3	2411
ἀποσυνάγωγος	3	2412
Δίδυμος	3	2413
δεκαπέντε	3	2414
τυφλόω	3	2415
ὅμως	3	2416
διαζώννυμι	3	2417
ψῦχος	3	2418
κατηγορία	3	2419
συνήθεια	3	2420
σκέλος	3	2421
ζωννύω	3	2422
οἴομαι	3	2423
Ἰοῦστος	3	2424
πεντηκοστή	3	2425
ἄφνω	3	2426
ἀποφθέγγομαι	3	2427
Φρυγία	3	2428
στερεόω	3	2429
προχειρίζομαι	3	2430
Σαμουήλ	3	2431
τήρησις	3	2432
φθέγγομαι	3	2433
ἀπειλή	3	2434
Κύπριος	3	2435
νοσφίζω	3	2436
ἐκψύχω	3	2437
φύλαξ	3	2438
βία	3	2439
ἐπάγω	3	2440
ψευδής	3	2441
ἀνατρέφω	3	2442
ἔντρομος	3	2443
ὑπήκοος	3	2444
σκήνωμα	3	2445
νεανίας	3	2446
διασπείρω	3	2447
σφαγή	3	2448
πορθέω	3	2449
Ταρσός	3	2450
Λύδδα	3	2451
βυρσεύς	3	2452
εὐσεβής	3	2453
τετράπους	3	2454
Φοινίκη	3	2455
Χριστιανός	3	2456
Κλαύδιος	3	2457
λειτουργέω	3	2458
Πέργη	3	2459
ἀνάγνωσις	3	2460
δρόμος	3	2461
ὑπονοέω	3	2462
ὑπηρετέω	3	2463
σχεδόν	3	2464
Δέρβη	3	2465
ἐπιστηρίζω	3	2466
πνικτός	3	2467
ἐκπλέω	3	2468
δεσμοφύλαξ	3	2469
ἀναστατόω	3	2470
τέχνη	3	2471
θεῖος	3	2472
Γαλλίων	3	2473
ἀδίκημα	3	2474
εὐχή	3	2475
Ἔραστος	3	2476
Δημήτριος	3	2477
ἀργυροῦς	3	2478
θέατρον	3	2479
Τρόφιμος	3	2480
ἆσσον	3	2481
Μίλητος	3	2482
γόμος	3	2483
πλόος	3	2484
εὐαγγελιστής	3	2485
ἑτοίμως	3	2486
ξυράω	3	2487
Ἑβραΐς	3	2488
πατρῷος	3	2489
φάσκω	3	2490
ἀπρόσκοπος	3	2491
Βερνίκη	3	2492
σεβαστός	3	2493
ἄλογος	3	2494
ψῆφος	3	2495
σωφροσύνη	3	2496
λιμήν	3	2497
ὕβρις	3	2498
σκάφη	3	2499
εὐθυμέω	3	2500
ναύτης	3	2501
βούλημα	3	2502
δίκη	3	2503
ἁγιωσύνη	3	2504
προτίθημι	3	2505
πάθος	3	2506
φυσικός	3	2507
συμμαρτυρέω	3	2508
ἐκκλίνω	3	2509
ἰός	3	2510
φράσσω	3	2511
διαστολή	3	2512
μακαρισμός	3	2513
ἴχνος	3	2514
νεκρόω	3	2515
προσαγωγή	3	2516
κατάκριμα	3	2517
παρακοή	3	2518
συζάω	3	2519
ματαιότης	3	2520
γυμνότης	3	2521
Ἠσαῦ	3	2522
ἐλεάω	3	2523
ἐκκλάω	3	2524
συναπάγω	3	2525
προνοέω	3	2526
εὐσχημόνως	3	2527
κῶμος	3	2528
διάκρισις	3	2529
δυνατέω	3	2530
φιλοτιμέομαι	3	2531
κλίμα	3	2532
συναιχμάλωτος	3	2533
πλουτίζω	3	2534
Στεφανᾶς	3	2535
συγκρίνω	3	2536
παιδαγωγός	3	2537
εἰλικρίνεια	3	2538
συναναμίγνυμι	3	2539
κριτήριον	3	2540
ἑδραῖος	3	2541
μολύνω	3	2542
ἀλοάω	3	2543
νουθεσία	3	2544
ὑποφέρω	3	2545
κατακαλύπτω	3	2546
ὁσάκις	3	2547
διαίρεσις	3	2548
ἴαμα	3	2549
ὄφελος	3	2550
ἀθανασία	3	2551
ἐνεργής	3	2552
ἀρραβών	3	2553
ἐπιβαρέω	3	2554
τὸ ἐναντίον	3	2555
εὐωδία	3	2556
πλάξ	3	2557
στενοχωρέω	3	2558
ἐνδημέω	3	2559
ἐκδημέω	3	2560
πτωχεία	3	2561
ἰσότης	3	2562
σπουδαῖος	3	2563
καθαίρεσις	3	2564
καταναρκάω	3	2565
μόχθος	3	2566
ὑπεραίρω	3	2567
ἡσσάομαι	3	2568
καταγινώσκω	3	2569
ὠδίνω	3	2570
φαρμακεία	3	2571
οἰκεῖος	3	2572
κατενώπιον	3	2573
ὑπεράνω	3	2574
συνεγείρω	3	2575
ἀπαλλοτριόω	3	2576
ἀποκαταλλάσσω	3	2577
μῆκος	3	2578
αἰχμαλωσία	3	2579
σκοτόω	3	2580
ἀνήκω	3	2581
ἀπατάω	3	2582
συγκοινωνέω	3	2583
ἀσωτία	3	2584
προκοπή	3	2585
κέρδος	3	2586
αἱρέω	3	2587
παραμένω	3	2588
Ἐπαφρᾶς	3	2589
ἡλίκος	3	2590
θιγγάνω	3	2591
Λουκᾶς	3	2592
Δημᾶς	3	2593
ἀστοχέω	3	2594
σεμνότης	3	2595
κῆρυξ	3	2596
ὀρέγω	3	2597
ἀνεπίλημπτος	3	2598
νηφάλιος	3	2599
φιλόξενος	3	2600
τυφόω	3	2601
ἐπαρκέω	3	2602
λοιδορία	3	2603
πρόδηλος	3	2604
παραθήκη	3	2605
ὑπόμνησις	3	2606
στεφανόω	3	2607
κακοπαθέω	3	2608
εὔχρηστος	3	2609
μεγαλωσύνη	3	2610
μισθαποδοσία	3	2611
δίστομος	3	2612
ἱερωσύνη	3	2613
μετάθεσις	3	2614
φοβερός	3	2615
Κάϊν	3	2616
εὐαρεστέω	3	2617
παρεπίδημος	3	2618
δελεάζω	3	2619
κακοποιός	3	2620
πύρωσις	3	2621
ἀποφεύγω	3	2622
ἐξακολουθέω	3	2623
Βαλαάμ	3	2624
χρῖσμα	3	2625
ἄλφα	3	2626
Ὦ	3	2627
Σάρδεις	3	2628
ζεστός	3	2629
κυκλόθεν	3	2630
ὑάλινος	3	2631
μεσουράνημα	3	2632
βιβλαρίδιον	3	2633
διάδημα	3	2634
κεράννυμι	3	2635
ὄρνεον	3	2636
Ἀράμ	2	2637
Σαλμών	2	2638
Ῥοβοάμ	2	2639
Ἀσάφ	2	2640
Ἰωσαφάτ	2	2641
Ἰωράμ	2	2642
Ὀζίας	2	2643
Ἰωαθάμ	2	2644
Ἀχάζ	2	2645
Ἑζεκίας	2	2646
Ἰωσίας	2	2647
Ἰεχονίας	2	2648
Ἀβιούδ	2	2649
Ἀζώρ	2	2650
Σαδώκ	2	2651
Ἀχίμ	2	2652
Ἐλιούδ	2	2653
Ἐλεάζαρ	2	2654
Ματθάν	2	2655
δειγματίζω	2	2656
ἐνθυμέομαι	2	2657
ἀκριβόω	2	2658
λίβανος	2	2659
σμύρνα	2	2660
ὀδυρμός	2	2661
δερμάτινος	2	2662
ἀξίνη	2	2663
πτύον	2	2664
ἅλων	2	2665
ἄχυρον	2	2666
πτερύγιον	2	2667
σεληνιάζομαι	2	2668
ἐλεήμων	2	2669
ἁλίζω	2	2670
κεραία	2	2671
κοδράντης	2	2672
ῥαπίζω	2	2673
σιαγών	2	2674
ἐπιούσιος	2	2675
ὀφείλημα	2	2676
σκυθρωπός	2	2677
κρυφαῖος	2	2678
ἁπλοῦς	2	2679
κρίνον	2	2680
νήθω	2	2681
κλίβανος	2	2682
τρίβολος	2	2683
βροχή	2	2684
πτῶσις	2	2685
δεινῶς	2	2686
πυρέσσω	2	2687
φωλεός	2	2688
κατασκήνωσις	2	2689
χαλεπός	2	2690
ῥάκος	2	2691
ἄγναφος	2	2692
αὐλητής	2	2693
φήμη	2	2694
Θαδδαῖος	2	2695
Καναναῖος	2	2696
ἐπανίστημι	2	2697
οἰκιακός	2	2698
ἀσσάριον	2	2699
γεννητός	2	2700
βιάζω	2	2701
φάγος	2	2702
οἰνοπότης	2	2703
Χοραζίν	2	2704
φορτίζω	2	2705
ἐλαφρός	2	2706
βεβηλόω	2	2707
ἀναίτιος	2	2708
λίνον	2	2709
σχολάζω	2	2710
ἐξανατέλλω	2	2711
παχύνω	2	2712
βαρέως	2	2713
καμμύω	2	2714
θεριστής	2	2715
ἄλευρον	2	2716
σάτον	2	2717
διασαφέω	2	2718
μεταίρω	2	2719
τέκτων	2	2720
γενέσια	2	2721
πεζῇ	2	2722
φάντασμα	2	2723
καταποντίζω	2	2724
διστάζω	2	2725
μάτην	2	2726
ἀφεδρών	2	2727
κλοπή	2	2728
ψευδομαρτυρία	2	2729
ἄνιπτος	2	2730
ψιχίον	2	2731
νῆστις	2	2732
ἰχθύδιον	2	2733
πυρράζω	2	2734
στυγνάζω	2	2735
ἵλεως	2	2736
ἀντάλλαγμα	2	2737
ἔνθεν	2	2738
ἀδυνατέω	2	2739
συστρέφω	2	2740
δίδραχμον	2	2741
ὀνικός	2	2742
πέλαγος	2	2743
μονόφθαλμος	2	2744
πνίγω	2	2745
συζεύγνυμι	2	2746
εὐνουχίζω	2	2747
τρῆμα	2	2748
ῥαφίς	2	2749
παλιγγενεσία	2	2750
πολλαπλασίων	2	2751
μισθόω	2	2752
κατεξουσιάζω	2	2753
λύτρον	2	2754
ὄμμα	2	2755
ὑποζύγιον	2	2756
αἶνος	2	2757
αὐλίζομαι	2	2758
συνθλάω	2	2759
λικμάω	2	2760
ὦμος	2	2761
καθηγητής	2	2762
ἡδύοσμον	2	2763
ἀκρασία	2	2764
ἐντός	2	2765
κονιάω	2	2766
ὄρνις	2	2767
ψευδόχριστος	2	2768
ἁπαλός	2	2769
ἐκφύω	2	2770
ἀλήθω	2	2771
διχοτομέω	2	2772
νυστάζω	2	2773
τόκος	2	2774
ἀχρεῖος	2	2775
ἔριφος	2	2776
κόλασις	2	2777
καταχέω	2	2778
ἐνταφιάζω	2	2779
εὐκαιρία	2	2780
ἐμβάπτω	2	2781
τρύβλιον	2	2782
Γεθσημανί	2	2783
ψευδόμαρτυς	2	2784
πικρῶς	2	2785
πρωΐα	2	2786
ἀθῷος	2	2787
κορβᾶν	2	2788
ἐπίσημος	2	2789
φραγελλόω	2	2790
χλαμύς	2	2791
χολή	2	2792
λεμά	2	2793
σαβαχθάνι	2	2794
λατομέω	2	2795
προσκυλίω	2	2796
ἐπιφώσκω	2	2797
χιών	2	2798
ἀμέριμνος	2	2799
Ἱεροσολυμίτης	2	2800
δύνω	2	2801
ἐξορύσσω	2	2802
αὐτόματος	2	2803
ἐπιλύω	2	2804
διασπάω	2	2805
ὁρκίζω	2	2806
ἱματίζω	2	2807
Ἰάϊρος	2	2808
θυγάτριον	2	2809
συνθλίβω	2	2810
ἀλαλάζω	2	2811
σανδάλιον	2	2812
χοῦς	2	2813
εὔκαιρος	2	2814
συμπόσιον	2	2815
πρασιά	2	2816
κατακλάω	2	2817
Ἑλληνίς	2	2818
λευκαίνω	2	2819
ἔκφοβος	2	2820
ἀφρίζω	2	2821
συσπαράσσω	2	2822
ἐναγκαλίζομαι	2	2823
ἑκατονταπλασίων	2	2824
προσαίτης	2	2825
ἀποβάλλω	2	2826
ῥαββουνί	2	2827
ὑστέρησις	2	2828
ἀποπλανάω	2	2829
νάρδος	2	2830
πιστικός	2	2831
τριακόσιοι	2	2832
ἐνταφιασμός	2	2833
εὐκαίρως	2	2834
ἀπαντάω	2	2835
κεράμιον	2	2836
ἀνάγαιον	2	2837
σπάω	2	2838
ὠτάριον	2	2839
συγκάθημαι	2	2840
ἀνασείω	2	2841
ἐνδιδύσκω	2	2842
ἀκάνθινος	2	2843
Ῥοῦφος	2	2844
ἐλωΐ	2	2845
Σαλώμη	2	2846
συναναβαίνω	2	2847
βουλευτής	2	2848
βλάπτω	2	2849
συντόμως	2	2850
ἐξαγγέλλω	2	2851
Θεόφιλος	2	2852
ἐφημερία	2	2853
ἔναντι	2	2854
ἱερατεία	2	2855
φρόνησις	2	2856
Γαβριήλ	2	2857
ἐπεῖδον	2	2858
χαριτόω	2	2859
ὀρεινός	2	2860
τελείωσις	2	2861
μακαρίζω	2	2862
διαλαλέω	2	2863
ὁσιότης	2	2864
προπορεύομαι	2	2865
ἀπογραφή	2	2866
ἡγεμονεύω	2	2867
σπαργανόω	2	2868
περιλάμπω	2	2869
στρατιά	2	2870
ἀνευρίσκω	2	2871
μήτρα	2	2872
ζεῦγος	2	2873
προφῆτις	2	2874
Ἀσήρ	2	2875
ὀγδοήκοντα	2	2876
διατηρέω	2	2877
βουνός	2	2878
τραχύς	2	2879
συκοφαντέω	2	2880
κατακλείω	2	2881
σωματικός	2	2882
Μαθθάτ	2	2883
Μελχί	2	2884
Ματταθίας	2	2885
Σαλά	2	2886
Καϊνάμ	2	2887
Σιδώνιος	2	2888
ἄγρα	2	2889
βυθίζω	2	2890
περιέχω	2	2891
ζωγρέω	2	2892
ὑποχωρέω	2	2893
κλινίδιον	2	2894
δοχή	2	2895
ἄνοια	2	2896
ἐνοχλέω	2	2897
γελάω	2	2898
ἐπηρεάζω	2	2899
ἀπαιτέω	2	2900
ἀχάριστος	2	2901
προφέρω	2	2902
προσρήσσω	2	2903
ἀνακαθίζω	2	2904
τρυφή	2	2905
βασίλειος	2	2906
χρεοφειλέτης	2	2907
πεντακόσιοι	2	2908
διοδεύω	2	2909
Ἰωάννα	2	2910
κλύδων	2	2911
ἀποτινάσσω	2	2912
σύνειμι (I)	2	2913
ἀναλίσκω	2	2914
ἀναδείκνυμι	2	2915
ἐπαναπαύομαι	2	2916
ἀντιπαρέρχομαι	2	2917
ἐπανέρχομαι	2	2918
συναντιλαμβάνομαι	2	2919
παρίημι	2	2920
ἄδηλος	2	2921
ἐνεδρεύω	2	2922
ἀναλύω	2	2923
ἀνάπτω	2	2924
πράκτωρ	2	2925
παντελής	2	2926
πορεία	2	2927
βορρᾶς	2	2928
ἀποτελέω	2	2929
ἀνασπάω	2	2930
ἀνταποκρίνομαι	2	2931
ἀνώτερος	2	2932
ἀνταπόδομα	2	2933
ἀνάπηρος	2	2934
ψηφίζω	2	2935
ἐκτελέω	2	2936
πρεσβεία	2	2937
διαγογγύζω	2	2938
οὐσία	2	2939
διαιρέω	2	2940
μίσθιος	2	2941
ἀναζάω	2	2942
ἐπαιτέω	2	2943
φιλάργυρος	2	2944
ἐκμυκτηρίζω	2	2945
πόρρωθεν	2	2946
ἀστράπτω	2	2947
ὑπωπιάζω	2	2948
ἱλάσκομαι	2	2949
προτρέχω	2	2950
ἀναφαίνω	2	2951
αὐστηρός	2	2952
ἐπιρίπτω	2	2953
τραυματίζω	2	2954
ἄτεκνος	2	2955
πτοέω	2	2956
λοιμός (II)	2	2957
συνοχή	2	2958
προσδοκία	2	2959
προβάλλω	2	2960
αἰφνίδιος	2	2961
ἄτερ	2	2962
ἐνισχύω	2	2963
ἐκτενής	2	2964
συγκαθίζω	2	2965
διϊσχυρίζομαι	2	2966
εὐτόνως	2	2967
προϋπάρχω	2	2968
κατακολουθέω	2	2969
παροικέω	2	2970
παραβιάζομαι	2	2971
κλάσις	2	2972
εὐθύνω	2	2973
Μεσσίας	2	2974
σχοινίον	2	2975
ὁδοιπορία	2	2976
Σαμαρῖτις	2	2977
ἐπιλέγω	2	2978
κρίθινος	2	2979
συνεισέρχομαι	2	2980
χαμαί	2	2981
νομή	2	2982
λίτρα	2	2983
γλωσσόκομον	2	2984
φοῖνιξ	2	2985
λέντιον	2	2986
νεύω	2	2987
μονή	2	2988
ὀρφανός	2	2989
ἀνθρακιά	2	2990
τίτλος	2	2991
Ἑλληνιστί	2	2992
ὕσσωπος	2	2993
ἐκκεντέω	2	2994
ἧλος	2	2995
προβάτιον	2	2996
γηράσκω	2	2997
καταμένω	2	2998
Βαρσαββᾶς	2	2999
Μαθθίας	2	3000
καρδιογνώστης	2	3001
πνοή	2	3002
Μεσοποταμία	2	3003
Καππαδοκία	2	3004
Πόντος	2	3005
ἐπιδημέω	2	3006
Κρής	2	3007
ἐνυπνιάζομαι	2	3008
ἀτμίς	2	3009
μεταστρέφω	2	3010
πρόγνωσις	2	3011
εὐφροσύνη	2	3012
ὕπαρξις	2	3013
προκαταγγέλλω	2	3014
ἐνευλογέω	2	3015
διαπονέομαι	2	3016
εὐεργεσία	2	3017
ἀπειλέω	2	3018
κολάζω	2	3019
μελετάω	2	3020
συστέλλω	2	3021
διαχειρίζω	2	3022
διαπρίω	2	3023
Γαμαλιήλ	2	3024
Ἑλληνιστής	2	3025
Ἀλεξανδρεύς	2	3026
Χαρράν	2	3027
μετοικίζω	2	3028
κατάσχεσις	2	3029
Χανάαν	2	3030
Συχέμ	2	3031
ἀστεῖος	2	3032
τεσσερακονταετής	2	3033
καταπονέω	2	3034
δικαστής	2	3035
στεναγμός	2	3036
ἐρυθρός	2	3037
ἐξωθέω	2	3038
διαταγή	2	3039
μεσημβρία	2	3040
Αἰθίοψ	2	3041
περιαστράπτω	2	3042
χειραγωγέω	2	3043
Ταρσεύς	2	3044
Αἰνέας	2	3045
Ταβιθά	2	3046
Δορκάς	2	3047
ὀθόνη	2	3048
μηδαμῶς	2	3049
ἀθέμιτος	2	3050
καταδυναστεύω	2	3051
ἐμφανής	2	3052
Ἅγαβος	2	3053
ἐκτενῶς	2	3054
συναθροίζω	2	3055
τάραχος	2	3056
Λούκιος	2	3057
ἐκπέμπω	2	3058
Πάφος	2	3059
παροικία	2	3060
ἐκδιηγέομαι	2	3061
προσλαλέω	2	3062
ἐπεγείρω	2	3063
ὁρμή	2	3064
καταφεύγω	2	3065
ὀρθός	2	3066
Ζεύς	2	3067
Ἑρμῆς	2	3068
ὁμοιοπαθής	2	3069
καίτοι	2	3070
ἀγαθοεργέω	2	3071
οὐρανόθεν	2	3072
χειροτονέω	2	3073
ἀνοικοδομέω	2	3074
ἐπιστέλλω	2	3075
παροξυσμός	2	3076
ἀποχωρίζω	2	3077
Γαλατικός	2	3078
Μυσία	2	3079
Βιθυνία	2	3080
εὐθυδρομέω	2	3081
Λυδία	2	3082
ῥαβδίζω	2	3083
ἐσώτερος	2	3084
ῥαβδοῦχος	2	3085
ἀκατάκριτος	2	3086
ἀγοραῖος	2	3087
πολιτάρχης	2	3088
Βέροια	2	3089
παροξύνω	2	3090
Ἀθηναῖος	2	3091
ἀναθεωρέω	2	3092
σέβασμα	2	3093
εὐσεβέω	2	3094
Κρίσπος	2	3095
Κορίνθιος	2	3096
Σωσθένης	2	3097
Κεγχρεαί	2	3098
ζέω	2	3099
περίεργος	2	3100
συνέκδημος	2	3101
καταστέλλω	2	3102
προπετής	2	3103
ἔννομος	2	3104
συστροφή	2	3105
θυρίς	2	3106
ἐκεῖσε	2	3107
ἐξαρτίζω	2	3108
ἀποστασία	2	3109
ἀναβαθμός	2	3110
σιγή	2	3111
τιμωρέω	2	3112
ἀπολούω	2	3113
καθήκω	2	3114
ἀνετάζω	2	3115
κεφάλαιον	2	3116
πολιτεία	2	3117
πολιτεύομαι	2	3118
διαγινώσκω	2	3119
ἐνέδρα	2	3120
ἱππεύς	2	3121
Λυσίας	2	3122
ἔγκλημα	2	3123
Τέρτυλλος	2	3124
πρόνοια	2	3125
ἐπιείκεια	2	3126
ἐπίστασις	2	3127
διετία	2	3128
ἀνατίθημι	2	3129
δεσμώτης	2	3130
Ἰούλιος	2	3131
ὑποπλέω	2	3132
Ἀλεξανδρῖνος	2	3133
παραλέγομαι	2	3134
παραινέω	2	3135
κυβερνήτης	2	3136
βοήθεια	2	3137
ἀποβολή	2	3138
τεσσαρεσκαιδέκατος	2	3139
βολίζω	2	3140
ὀργυιά	2	3141
πρῷρα	2	3142
κορέννυμι	2	3143
πηδάλιον	2	3144
ἀσάλευτος	2	3145
φιλανθρωπία	2	3146
πυρά	2	3147
Πόπλιος	2	3148
ἀναδέχομαι	2	3149
Ἀππίου Φόρον	2	3150
ξενία	2	3151
προεπαγγέλλω	2	3152
ποίημα	2	3153
ἀΐδιος	2	3154
ἀναπολόγητος	2	3155
μεταλλάσσω	2	3156
χρῆσις	2	3157
ἀσχημοσύνη	2	3158
ἀντιμισθία	2	3159
ὑβριστής	2	3160
ἀλαζών	2	3161
ἄστοργος	2	3162
ἀνοχή	2	3163
ἀνόμως	2	3164
λογισμός	2	3165
παιδευτής	2	3166
μόρφωσις	2	3167
βδελύσσομαι	2	3168
ὠφέλεια	2	3169
ἐπιφέρω	2	3170
ἔνδικος	2	3171
ταλαιπωρία	2	3172
ἱλαστήριος	2	3173
ἐκκλείω	2	3174
νέκρωσις	2	3175
δικαίωσις	2	3176
τάχα	2	3177
ἐλλογέω	2	3178
δώρημα	2	3179
παρεισέρχομαι	2	3180
ὑπερπερισσεύω	2	3181
συνθάπτω	2	3182
καινότης	2	3183
παράκειμαι	2	3184
ταλαίπωρος	2	3185
συμπάσχω	2	3186
ἀποκαραδοκία	2	3187
ἑκών	2	3188
σύμμορφος	2	3189
ὕψωμα	2	3190
ἀδιάλειπτος	2	3191
ὀδύνη	2	3192
μήπω	2	3193
οἰκτίρω	2	3194
ἐξεγείρω	2	3195
μέμφομαι	2	3196
μενοῦνγε	2	3197
πλάσσω	2	3198
προετοιμάζω	2	3199
Σαβαώθ	2	3200
φθόγγος	2	3201
παροργίζω	2	3202
ἥττημα	2	3203
ἀγριέλαιος	2	3204
ἀποτομία	2	3205
ἀμεταμέλητος	2	3206
ἀνεξιχνίαστος	2	3207
λογικός	2	3208
συσχηματίζω	2	3209
ἀνακαίνωσις	2	3210
φιλοξενία	2	3211
ψωμίζω	2	3212
σωρεύω	2	3213
ἔκδικος	2	3214
ἀνακεφαλαιόω	2	3215
κρέας	2	3216
Σπανία	2	3217
ὑποτίθημι	2	3218
διχοστασία	2	3219
ἄκακος	2	3220
προφητικός	2	3221
ὑπεροχή	2	3222
πνευματικῶς	2	3223
συμβασιλεύω	2	3224
ἐκκαθαίρω	2	3225
λοίδορος	2	3226
μέθυσος	2	3227
ἐντροπή	2	3228
ἀρσενοκοίτης	2	3229
ἐγκρατεύομαι	2	3230
καταχράομαι	2	3231
σχῆμα	2	3232
σύμφορος	2	3233
ἀσχημονέω	2	3234
διόπερ	2	3235
βραβεῖον	2	3236
πόμα	2	3237
ἔκβασις	2	3238
ἀκατακάλυπτος	2	3239
κομάω	2	3240
περιβόλαιον	2	3241
ἥσσων	2	3242
κυριακός	2	3243
ἐνέργημα	2	3244
φανέρωσις	2	3245
ἑρμηνεία	2	3246
συγκεράννυμι	2	3247
ἔσοπτρον	2	3248
κιθαρίζω	2	3249
φρήν	2	3250
ἐλεεινός	2	3251
ἀγνωσία	2	3252
λογεία	2	3253
μαράνα θᾶ	2	3254
ἐξαπορέομαι	2	3255
ἁγιότης	2	3256
κυρόω	2	3257
θριαμβεύω	2	3258
ἱκανόω	2	3259
κατάκρισις	2	3260
ἀνακαλύπτω	2	3261
ἡνίκα	2	3262
φωτισμός	2	3263
ὀστράκινος	2	3264
καταβάλλω	2	3265
ἀνακαινόω	2	3266
σκῆνος	2	3267
οἰκητήριον	2	3268
ἐπενδύω	2	3269
πρεσβεύω	2	3270
μωμάομαι	2	3271
ἀγρυπνία	2	3272
ἁγνότης	2	3273
ἐπιπόθησις	2	3274
αὐθαίρετος	2	3275
προενάρχομαι	2	3276
πέρυσι	2	3277
συμπέμπω	2	3278
στέλλω	2	3279
ἐρεθίζω	2	3280
φειδομένως	2	3281
αὐτάρκεια	2	3282
χορηγέω	2	3283
προσαναπληρόω	2	3284
στρατεία	2	3285
ἄμετρος	2	3286
ἐφικνέομαι	2	3287
Εὕα	2	3288
ὑπερλίαν	2	3289
θαῦμα	2	3290
καταδουλόω	2	3291
ναυαγέω	2	3292
ψευδάδελφος	2	3293
καταλαλιά	2	3294
προαμαρτάνω	2	3295
ἀποτόμως	2	3296
Ἰουδαϊσμός	2	3297
προσανατίθημι	2	3298
Ἀραβία	2	3299
ἐνάρχομαι	2	3300
ἐπικατάρατος	2	3301
ἀληθεύω	2	3302
Ἁγάρ	2	3303
πηλίκος	2	3304
συζωοποιέω	2	3305
ἀκρογωνιαῖος	2	3306
συναρμολογέω	2	3307
κατοικητήριον	2	3308
συμμέτοχος	2	3309
ῥιζόω	2	3310
ὑπερεκπερισσοῦ	2	3311
ἑνότης	2	3312
μεθοδεία	2	3313
ἁφή	2	3314
ἐπιχορηγία	2	3315
αὔξησις	2	3316
εὔσπλαγχνος	2	3317
ὕμνος	2	3318
λουτρόν	2	3319
σπίλος	2	3320
ἐκτρέφω	2	3321
θάλπω	2	3322
ὀφθαλμοδουλία	2	3323
ἀνθρωπάρεσκος	2	3324
περικεφαλαία	2	3325
βεβαίωσις	2	3326
εἰλικρινής	2	3327
συναθλέω	2	3328
φωστήρ	2	3329
σπένδω	2	3330
ἀφοράω	2	3331
Ἐπαφρόδιτος	2	3332
συστρατιώτης	2	3333
δόσις	2	3334
δυναμόω	2	3335
παραλογίζομαι	2	3336
ὑπεναντίος	2	3337
ἀπεκδύομαι	2	3338
τελειότης	2	3339
Ὀνήσιμος	2	3340
Ἄρχιππος	2	3341
ἤπιος	2	3342
ἀμέμπτως	2	3343
τοιγαροῦν	2	3344
περιλείπομαι	2	3345
ἀρχάγγελος	2	3346
ὁλόκληρος	2	3347
ἐνδοξάζομαι	2	3348
ἐπισυναγωγή	2	3349
ἀτάκτως	2	3350
ἑτεροδιδασκαλέω	2	3351
γενεαλογία	2	3352
διαβεβαιόομαι	2	3353
νομίμως	2	3354
ἀνόσιος	2	3355
ἀποδοχή	2	3356
ὑποτύπωσις	2	3357
Ὑμέναιος	2	3358
ἔντευξις	2	3359
ἡσύχιος	2	3360
διάγω	2	3361
ἀπόδεκτος	2	3362
κόσμιος	2	3363
διδακτικός	2	3364
πάροινος	2	3365
πλήκτης	2	3366
ἄμαχος	2	3367
ἀφιλάργυρος	2	3368
αἰσχροκερδής	2	3369
βραδύνω	2	3370
ἁγνεία	2	3371
πρόγονος	2	3372
σπαταλάω	2	3373
πορισμός	2	3374
ἀπόλαυσις	2	3375
κενοφωνία	2	3376
συγκακοπαθέω	2	3377
Ὀνησίφορος	2	3378
ἐμπλέκω	2	3379
ἀθλέω	2	3380
καταστροφή	2	3381
ξύλινος	2	3382
εὐσεβῶς	2	3383
σοφίζω	2	3384
αὐθάδης	2	3385
κοσμικός	2	3386
ἀνωφελής	2	3387
ἑλίσσω	2	3388
μερισμός	2	3389
παραπικρασμός	2	3390
προσοχθίζω	2	3391
ἐάνπερ	2	3392
ἔννοια	2	3393
συμπαθέω	2	3394
ὁμοιότης	2	3395
εὐλάβεια	2	3396
νωθρός	2	3397
ἀμετάθετος	2	3398
Σαλήμ	2	3399
δεκατόω	2	3400
νομοθετέω	2	3401
ἀθέτησις	2	3402
ἐγκαινίζω	2	3403
ἔριον	2	3404
ἀντίτυπος	2	3405
ἑκουσίως	2	3406
πεῖρα	2	3407
Ῥαάβ	2	3408
κακουχέω	2	3409
ὀπή	2	3410
κάμνω	2	3411
εἰρηνικός	2	3412
ῥαντισμός	2	3413
δοκίμιον	2	3414
ἔοικα	2	3415
δίψυχος	2	3416
ἀκατάστατος	2	3417
ἀποκυέω	2	3418
χαλιναγωγέω	2	3419
ῥυπαρός	2	3420
χαλινός	2	3421
μετάγω	2	3422
σπιλόω	2	3423
φλογίζω	2	3424
πικρός	2	3425
ἐμπορεύομαι	2	3426
ἀλαζονεία	2	3427
ἀναγεννάω	2	3428
ἱεράτευμα	2	3429
ἐποπτεύω	2	3430
ἀδελφότης	2	3431
ἀπόθεσις	2	3432
ἐπάγγελμα	2	3433
ταχινός	2	3434
ἔκπαλαι	2	3435
ἀσεβέω	2	3436
ἄθεσμος	2	3437
συνευωχέομαι	2	3438
ἀστήρικτος	2	3439
ὑπέρογκος	2	3440
ἐμπαίκτης	2	3441
καυσόω	2	3442
ἀγγελία	2	3443
ἱλασμός	2	3444
κυρία	2	3445
ἐπιδέχομαι	2	3446
Μιχαήλ	2	3447
Σμύρνα	2	3448
Πέργαμος	2	3449
Φιλαδέλφεια	2	3450
χαλκολίβανον	2	3451
Νικολαΐτης	2	3452
πρωϊνός	2	3453
σάρδιον	2	3454
ἶρις	2	3455
κρύσταλλος	2	3456
πυρρός	2	3457
χοῖνιξ	2	3458
καῦμα	2	3459
λιβανωτός	2	3460
ἄψινθος	2	3461
Εὐφράτης	2	3462
ἑξακόσιοι	2	3463
κιθαρῳδός	2	3464
χρυσόω	2	3465
στρηνιάω	2	3466
φάρμακος	2	3467
ὕαλος	2	3468
Ζάρα	1	3469
Θαμάρ	1	3470
Ῥαχάβ	1	3471
Ῥούθ	1	3472
Οὐρίας	1	3473
Ἐμμανουήλ	1	3474
οὐδαμῶς	1	3475
τελευτή	1	3476
θυμόω	1	3477
διετής	1	3478
Ῥαμά	1	3479
Ῥαχήλ	1	3480
Ἀρχέλαος	1	3481
διακαθαρίζω	1	3482
διακωλύω	1	3483
παραθαλάσσιος	1	3484
ἀμφίβληστρον	1	3485
εἰρηνοποιός	1	3486
ἰῶτα	1	3487
ῥακά	1	3488
διαλλάσσω	1	3489
εὐνοέω	1	3490
ἐπιορκέω	1	3491
μίλιον	1	3492
μήγε	1	3493
βατταλογέω	1	3494
πολυλογία	1	3495
καταμανθάνω	1	3496
εὐρύχωρος	1	3497
Γαδαρηνός	1	3498
δαίμων	1	3499
αἱμορροέω	1	3500
διχάζω	1	3501
βιαστής	1	3502
αἱρετίζω	1	3503
ἐρίζω	1	3504
τύφω	1	3505
κῆτος	1	3506
ἐπισπείρω	1	3507
συναυξάνω	1	3508
δέσμη	1	3509
ἐγκρύπτω	1	3510
ἐρεύγομαι	1	3511
ἐκλάμπω	1	3512
σαγήνη	1	3513
ἀναβιβάζω	1	3514
ἄγγος	1	3515
προβιβάζω	1	3516
φυτεία	1	3517
φράζω	1	3518
ἀκμήν	1	3519
Χαναναῖος	1	3520
Μαγαδάν	1	3521
εὐδία	1	3522
Βαριωνᾶ	1	3523
ὀλιγοπιστία	1	3524
προφθάνω	1	3525
ἄγκιστρον	1	3526
στατήρ	1	3527
ἑβδομηκοντάκις	1	3528
δάνειον	1	3529
βασανιστής	1	3530
ἐπικαθίζω	1	3531
θαυμάσιος	1	3532
σιτιστός	1	3533
ἐμπορία	1	3534
ἐμπίπρημι	1	3535
διέξοδος	1	3536
παγιδεύω	1	3537
νόμισμα	1	3538
ἐπιγαμβρεύω	1	3539
φυλακτήριον	1	3540
ἄνηθον	1	3541
κύμινον	1	3542
διϋλίζω	1	3543
κώνωψ	1	3544
παροψίς	1	3545
παρομοιάζω	1	3546
Βαραχίας	1	3547
νοσσίον	1	3548
ψύχω	1	3549
Δανιήλ	1	3550
φυγή	1	3551
οἰκετεία	1	3552
ἀγγεῖον	1	3553
τραπεζίτης	1	3554
ἐρίφιον	1	3555
βαρύτιμος	1	3556
δεῖνα	1	3557
ἐξορκίζω	1	3558
καταθεματίζω	1	3559
ἀπάγχω	1	3560
ταφή	1	3561
καθά	1	3562
ἀπονίζω	1	3563
ἀναβοάω	1	3564
ἔγερσις	1	3565
τὸ ὄνομα	1	3566
εἰδέα	1	3567
ἀμφιβάλλω	1	3568
ἔννυχος	1	3569
καταδιώκω	1	3570
ἀλλαχοῦ	1	3571
κωμόπολις	1	3572
ἀποστεγάζω	1	3573
ἐπιράπτω	1	3574
Ἀβιαθάρ	1	3575
συλλυπέω	1	3576
Ἰδουμαία	1	3577
Βοανηργές	1	3578
μηκύνω	1	3579
προσκεφάλαιον	1	3580
κατοίκησις	1	3581
κατακόπτω	1	3582
δισχίλιοι	1	3583
ἐσχάτως	1	3584
ταλιθά	1	3585
κοῦμ	1	3586
σπεκουλάτωρ	1	3587
περισσοῦ	1	3588
προσορμίζω	1	3589
περιτρέχω	1	3590
πυγμή	1	3591
ξέστης	1	3592
χαλκίον	1	3593
παρόμοιος	1	3594
ὑπερηφανία	1	3595
Συροφοινίκισσα	1	3596
μογιλάλος	1	3597
ἐφφαθά	1	3598
ὑπερπερισσῶς	1	3599
Δαλμανουθά	1	3600
ἀναστενάζω	1	3601
τηλαυγῶς	1	3602
στίλβω	1	3603
γναφεύς	1	3604
ἐξάπινα	1	3605
ἐξουδενέω	1	3606
τρίζω	1	3607
κυλίω	1	3608
παιδιόθεν	1	3609
ἐπισυντρέχω	1	3610
σκώληξ	1	3611
ἄναλος	1	3612
κατευλογέω	1	3613
δύσκολος	1	3614
τρυμαλιά	1	3615
προσπορεύομαι	1	3616
Τιμαῖος	1	3617
Βαρτιμαῖος	1	3618
ἀναπηδάω	1	3619
ἄμφοδον	1	3620
στιβάς	1	3621
ὑπολήνιον	1	3622
κεφαλιόω	1	3623
ἀγρεύω	1	3624
ἐκθαυμάζω	1	3625
νουνεχῶς	1	3626
προμεριμνάω	1	3627
ἀπόδημος	1	3628
ἀλεκτοροφωνία	1	3629
μυρίζω	1	3630
ἐκπερισσῶς	1	3631
καταβαρύνω	1	3632
σύσσημον	1	3633
προαύλιον	1	3634
στασιαστής	1	3635
σμυρνίζω	1	3636
οὐά	1	3637
προσάββατον	1	3638
ἐνειλέω	1	3639
ἀνακυλίω	1	3640
θανάσιμος	1	3641
δύσις	1	3642
ἐπειδήπερ	1	3643
ἀνατάσσομαι	1	3644
διήγησις	1	3645
αὐτόπτης	1	3646
ἱερατεύω	1	3647
θυμιάω	1	3648
σίκερα	1	3649
διανεύω	1	3650
περικρύβω	1	3651
ὄνειδος	1	3652
διαταράσσω	1	3653
συγγενίς	1	3654
γῆρας	1	3655
ἀναφωνέω	1	3656
περίοικος	1	3657
ἐννεύω	1	3658
πινακίδιον	1	3659
περιοικέω	1	3660
ἀνάδειξις	1	3661
Αὐγοῦστος	1	3662
Κυρήνιος	1	3663
ἔγκυος	1	3664
ἀγραυλέω	1	3665
τρυγών	1	3666
νοσσός	1	3667
ἐθίζω	1	3668
ἀγκάλη	1	3669
Ἅννα	1	3670
Φανουήλ	1	3671
παρθενία	1	3672
ἀνθομολογέομαι	1	3673
συνοδία	1	3674
πεντεκαιδέκατος	1	3675
ἡγεμονία	1	3676
Τιβέριος	1	3677
Ἰτουραῖος	1	3678
Τραχωνῖτις	1	3679
Λυσανίας	1	3680
Ἀβιληνή	1	3681
φάραγξ	1	3682
λεῖος	1	3683
διασείω	1	3684
διακαθαίρω	1	3685
Ἰανναί	1	3686
Ναούμ	1	3687
Ἑσλί	1	3688
Ναγγαί	1	3689
Μάαθ	1	3690
Σεμεΐν	1	3691
Ἰωσήχ	1	3692
Ἰωδά	1	3693
Ἰωανάν	1	3694
Ῥησά	1	3695
Νηρί	1	3696
Ἀδδί	1	3697
Κωσάμ	1	3698
Ἐλμαδάμ	1	3699
Ἤρ	1	3700
Ἐλιέζερ	1	3701
Ἰωρίμ	1	3702
Ἰωνάμ	1	3703
Μελεά	1	3704
Μεννά	1	3705
Ματταθά	1	3706
Ναθάμ	1	3707
ἀδμίν	1	3708
Ἀρνί	1	3709
Θάρα	1	3710
Ναχώρ	1	3711
Σερούχ	1	3712
Ῥαγαύ	1	3713
Φάλεκ	1	3714
Ἔβερ	1	3715
Ἀρφαξάδ	1	3716
Σήμ	1	3717
Λάμεχ	1	3718
Μαθουσαλά	1	3719
Ἰάρετ	1	3720
Μαλελεήλ	1	3721
Ἐνώς	1	3722
Σήθ	1	3723
στιγμή	1	3724
διαφυλάσσω	1	3725
αἰχμάλωτος	1	3726
ἀνάβλεψις	1	3727
θραύω	1	3728
πτύσσω	1	3729
Σάρεπτα	1	3730
Ἐλισαῖος	1	3731
Ναιμάν	1	3732
Σύρος	1	3733
ὀφρῦς	1	3734
κατακρημνίζω	1	3735
ἔα	1	3736
κατανεύω	1	3737
κέραμος	1	3738
παράδοξος	1	3739
βλητέος	1	3740
ψώχω	1	3741
ὁπότε	1	3742
διανυκτερεύω	1	3743
πεδινός	1	3744
παράλιος	1	3745
ἀπελπίζω	1	3746
πιέζω	1	3747
ὑπερεκχύννω	1	3748
ἀντιμετρέω	1	3749
βαθύνω	1	3750
πλήμμυρα	1	3751
συμπίπτω	1	3752
ῥῆγμα	1	3753
Ναΐν	1	3754
ἐκκομίζω	1	3755
σορός	1	3756
δανιστής	1	3757
διαλείπω	1	3758
Χουζᾶς	1	3759
Σουσάννα	1	3760
σύνειμι (II)	1	3761
ἐπιπορεύομαι	1	3762
ἰκμάς	1	3763
συμφύω	1	3764
τελεσφορέω	1	3765
συντυγχάνω	1	3766
ἀφυπνόω	1	3767
καταπλέω	1	3768
ἀντιπέρα	1	3769
ἀποθλίβω	1	3770
ἐπισιτισμός	1	3771
κλισία	1	3772
ἐξαστράπτω	1	3773
διαγρηγορέω	1	3774
διαχωρίζω	1	3775
ἀφρός	1	3776
παρακαλύπτω	1	3777
αἰσθάνομαι	1	3778
ἀνάλημψις	1	3779
ἄροτρον	1	3780
ἀρήν	1	3781
ἀπομάσσω	1	3782
ἡμιθανής	1	3783
συγκυρία	1	3784
ὁδεύω	1	3785
καταδέω	1	3786
τραῦμα	1	3787
ἐπιχέω	1	3788
πανδοχεῖον	1	3789
πανδοχεύς	1	3790
προσδαπανάω	1	3791
παρακαθέζομαι	1	3792
περισπάω	1	3793
θορυβάζω	1	3794
κίχρημι	1	3795
ἀναίδεια	1	3796
ᾠόν	1	3797
διανόημα	1	3798
καθοπλίζω	1	3799
σκῦλον	1	3800
μενοῦν	1	3801
ἐπαθροίζω	1	3802
κρύπτη	1	3803
ἔνειμι	1	3804
πήγανον	1	3805
δυσβάστακτος	1	3806
προσψαύω	1	3807
ἀποστοματίζω	1	3808
θηρεύω	1	3809
συγκαλύπτω	1	3810
ἐμβάλλω	1	3811
μεριστής	1	3812
εὐφορέω	1	3813
κόραξ	1	3814
ὑφαίνω	1	3815
ἀμφιέζω	1	3816
μετεωρίζομαι	1	3817
ἀνέκλειπτος	1	3818
σιτομέτριον	1	3819
διαμερισμός	1	3820
ὄμβρος	1	3821
κατασύρω	1	3822
ἀμπελουργός	1	3823
κόπριον	1	3824
συγκύπτω	1	3825
ἀποκλείω	1	3826
ἐνδέχομαι	1	3827
νοσσιά	1	3828
ὑδρωπικός	1	3829
προσαναβαίνω	1	3830
ἀντικαλέω	1	3831
δαπάνη	1	3832
ἀπαρτισμός	1	3833
κοπρία	1	3834
ἐπιμελῶς	1	3835
ἀσώτως	1	3836
κεράτιον	1	3837
δακτύλιος	1	3838
συμφωνία	1	3839
χορός	1	3840
διαβάλλω	1	3841
οἰκονομέω	1	3842
βάτος (II)	1	3843
κόρος	1	3844
φρονίμως	1	3845
βύσσος	1	3846
λαμπρῶς	1	3847
ἑλκόω	1	3848
ἐπιλείχω	1	3849
καταψύχω	1	3850
χάσμα	1	3851
ἀνένδεκτος	1	3852
λυσιτελέω	1	3853
μυλικός	1	3854
συκάμινος	1	3855
ἀλλογενής	1	3856
παρατήρησις	1	3857
ἀποδεκατεύω	1	3858
βελόνης	1	3859
ἀρχιτελώνης	1	3860
συκομορέα	1	3861
τετραπλοῦς	1	3862
πραγματευομαι	1	3863
διαπραγματεύομαι	1	3864
προσεργάζομαι	1	3865
εὖγε	1	3866
κατασφάζω	1	3867
ὑποστρωννύω	1	3868
κατάβασις	1	3869
παρεμβάλλω	1	3870
χάραξ	1	3871
περικυκλόω	1	3872
ἐδαφίζω	1	3873
ἐκκρεμάννυμι	1	3874
συλλογίζομαι	1	3875
καταλιθάζω	1	3876
ἴσως	1	3877
ἐγκάθετος	1	3878
ὑποκρίνομαι	1	3879
ἰσάγγελος	1	3880
πενιχρός	1	3881
ἀνάθημα	1	3882
φόβητρον	1	3883
προμελετάω	1	3884
στρατόπεδον	1	3885
ἐκχωρέω	1	3886
ἀπορία	1	3887
ἦχος (II)	1	3888
σάλος	1	3889
ἀποψύχω	1	3890
κραιπάλη	1	3891
ἐπεισελεύσεται	1	3892
ὀρθρίζω	1	3893
φιλονεικία	1	3894
εὐεργέτης	1	3895
ἐξαιτέω	1	3896
σινιάζω	1	3897
βολή	1	3898
ἀγωνία	1	3899
ἱδρώς	1	3900
θρόμβος	1	3901
περιάπτω	1	3902
ἐπισχύω	1	3903
παμπληθεί	1	3904
ἐπικρίνω	1	3905
ὑγρός	1	3906
συμπαραγίνομαι	1	3907
θεωρία	1	3908
συγκατατίθεμαι	1	3909
λαξευτός	1	3910
λῆρος	1	3911
Ἐμμαοῦς	1	3912
ἀντιβάλλω	1	3913
Κλεοπᾶς	1	3914
ὀρθρινός	1	3915
προσποιέω	1	3916
ἄφαντος	1	3917
ἀθροίζω	1	3918
βρώσιμος	1	3919
ὀπτός	1	3920
μετρητής	1	3921
κερματιστής	1	3922
φραγέλλιον	1	3923
κέρμα	1	3924
ἐμπόριον	1	3925
γέρων	1	3926
Αἰνών	1	3927
Σαλείμ	1	3928
καίτοιγε	1	3929
Συχάρ	1	3930
συγχράομαι	1	3931
ἄντλημα	1	3932
θρέμμα	1	3933
προσκυνητής	1	3934
τετράμηνος	1	3935
κομψότερον	1	3936
προβατικός	1	3937
Βηθζαθά	1	3938
κίνησις	1	3939
ταραχή	1	3940
δήποτε	1	3941
νόσημα	1	3942
ἐκνεύω	1	3943
παιδάριον	1	3944
βιβρώσκω	1	3945
σκηνοπηγία	1	3946
μεσόω	1	3947
πότερον	1	3948
χολάω	1	3949
ῥέω	1	3950
ἐπάρατος	1	3951
ἐπαυτοφώρῳ	1	3952
ἀναμάρτητος	1	3953
καθεῖς	1	3954
γενετή	1	3955
πτύσμα	1	3956
προσαιτέω	1	3957
ἐπιχρίω	1	3958
θεοσεβής	1	3959
ἀλλαχόθεν	1	3960
ἐγκαίνια	1	3961
ἐξυπνίζω	1	3962
κοίμησις	1	3963
συμμαθητής	1	3964
δακρύω	1	3965
ὄζω	1	3966
τεταρταῖος	1	3967
κειρία	1	3968
περιδέω	1	3969
Ἐφραίμ	1	3970
βάϊον	1	3971
ὀνάριον	1	3972
ἤπερ	1	3973
νιπτήρ	1	3974
πτέρνα	1	3975
δειλιάω	1	3976
καθαίρω	1	3977
χείμαρρος	1	3978
Κεδρών	1	3979
φανός	1	3980
Μάλχος	1	3981
θήκη	1	3982
πενθερός	1	3983
οὐκοῦν	1	3984
λιθόστρωτος	1	3985
Γαββαθά	1	3986
Ῥωμαϊστί	1	3987
ἄραφος	1	3988
ὑφαντός	1	3989
Κλωπᾶς	1	3990
λόγχη	1	3991
νύσσω	1	3992
Ἁριμαθαία	1	3993
μίγμα	1	3994
ἀλόη	1	3995
κηπουρός	1	3996
ἀγγέλλω	1	3997
ἐμφυσάω	1	3998
ἁλιεύω	1	3999
προσφάγιον	1	4000
ἐπενδύτης	1	4001
τεκμήριον	1	4002
ὀπτάνομαι	1	4003
συναλίζομαι	1	4004
περιμένω	1	4005
ἐλαιών	1	4006
καταριθμέω	1	4007
πρηνής	1	4008
λακάω	1	4009
Ἁκελδαμάχ	1	4010
ἔπαυλις	1	4011
συγκαταψηφίζομαι	1	4012
βίαιος	1	4013
Πάρθος	1	4014
Μῆδος	1	4015
Ἐλαμίτης	1	4016
Λιβύη	1	4017
Κυρήνη	1	4018
Ἄραψ	1	4019
μεγαλεῖος	1	4020
διαχλευάζω	1	4021
γλεῦκος	1	4022
μεστόω	1	4023
ἐνωτίζομαι	1	4024
Ἰωήλ	1	4025
ἐνύπνιον	1	4026
καίγε	1	4027
ἐπιφανής	1	4028
ἔκδοτος	1	4029
προσπήγνυμι	1	4030
κατανύσσομαι	1	4031
τρισχίλιοι	1	4032
ἀφελότης	1	4033
βάσις	1	4034
σφυδρόν	1	4035
ἐξάλλομαι	1	4036
ἔκθαμβος	1	4037
ὁλοκληρία	1	4038
ἀνάψυξις	1	4039
ἀποκατάστασις	1	4040
ἐξολεθρεύω	1	4041
ἀρχιερατικός	1	4042
οἰκοδόμος	1	4043
ἀγράμματος	1	4044
διανέμω	1	4045
καθόλου	1	4046
προσαπειλέω	1	4047
φρυάσσω	1	4048
ἐνδεής	1	4049
κτήτωρ	1	4050
Σάπφιρα	1	4051
διάστημα	1	4052
κλινάριον	1	4053
πέριξ	1	4054
ὀχλέω	1	4055
γερουσία	1	4056
Θευδᾶς	1	4057
προσκλίνω	1	4058
διαλύω	1	4059
θεομάχος	1	4060
παραθεωρέω	1	4061
καθημερινός	1	4062
Πρόχορος	1	4063
Νικάνωρ	1	4064
Τίμων	1	4065
Παρμενᾶς	1	4066
Νικόλαος	1	4067
Ἀντιοχεύς	1	4068
Λιβερτῖνος	1	4069
ὑποβάλλω	1	4070
συγκινέω	1	4071
Χαλδαῖος	1	4072
χόρτασμα	1	4073
σιτίον	1	4074
ὠνέομαι	1	4075
Ἑμμώρ	1	4076
κατασοφίζομαι	1	4077
ἔκθετος	1	4078
ἀμύνομαι	1	4079
συναλλάσσω	1	4080
Μαδιάμ	1	4081
κάκωσις	1	4082
λυτρωτής	1	4083
μοσχοποιέω	1	4084
σφάγιον	1	4085
Μόλοχ	1	4086
Ῥαιφάν	1	4087
ἐπέκεινα	1	4088
διαδέχομαι	1	4089
σκληροτράχηλος	1	4090
ἀπερίτμητος	1	4091
ἀντιπίπτω	1	4092
ἔλευσις	1	4093
βρύχω	1	4094
ἀναίρεσις	1	4095
συγκομίζω	1	4096
κοπετός	1	4097
λυμαίνω	1	4098
μαγεύω	1	4099
μαγεία	1	4100
ἐπίνοια	1	4101
Γάζα	1	4102
Κανδάκη	1	4103
γάζα	1	4104
περιοχή	1	4105
Ἄζωτος	1	4106
ἐμπνέω	1	4107
συνοδεύω	1	4108
ἐνεός	1	4109
ἀποπίπτω	1	4110
λεπίς	1	4111
Σαρών	1	4112
μαθήτρια	1	4113
ὀκνέω	1	4114
Ἰταλικός	1	4115
ὁδοιπορέω	1	4116
πρόσπεινος	1	4117
διερωτάω	1	4118
διενθυμέομαι	1	4119
εἰσκαλέομαι	1	4120
συνομιλέω	1	4121
ἀλλόφυλος	1	4122
ἀναντιρρήτως	1	4123
προσωπολήμπτης	1	4124
εὐεργετέω	1	4125
προχειροτονέω	1	4126
συμπίνω	1	4127
πρώτως	1	4128
εὐπορέω	1	4129
τετράδιον	1	4130
οἴκημα	1	4131
Ῥόδη	1	4132
εἰστρέχω	1	4133
θυμομαχέω	1	4134
Τύριος	1	4135
Βλάστος	1	4136
κοιτών	1	4137
τακτός	1	4138
δημηγορέω	1	4139
σκωληκόβρωτος	1	4140
Νίγερ	1	4141
Μαναήν	1	4142
σύντροφος	1	4143
Σελεύκεια	1	4144
Σαλαμίς	1	4145
Βαριησοῦς	1	4146
Σέργιος	1	4147
Ἐλύμας	1	4148
ῥᾳδιουργία	1	4149
ἀχλύς	1	4150
χειραγωγός	1	4151
Πισίδιος	1	4152
τροποφορέω	1	4153
κατακληρονομέω	1	4154
Κίς	1	4155
προκηρύσσω	1	4156
ἐκπληρόω	1	4157
καταφρονητής	1	4158
παροτρύνω	1	4159
Λυκαονία	1	4160
Λυκαονιστί	1	4161
στέμμα	1	4162
ἐκπαδάω	1	4163
παροίχομαι	1	4164
ἀμάρτυρος	1	4165
καρποφόρος	1	4166
Πισιδία	1	4167
Ἀττάλεια	1	4168
ἐπιστροφή	1	4169
κατάλοιπος	1	4170
παρενοχλέω	1	4171
ἀλίσγημα	1	4172
ἀνασκευάζω	1	4173
ἐπάναγκες	1	4174
ῥώννυμι	1	4175
Σαμοθρᾴκη	1	4176
κολωνία	1	4177
πορφυρόπωλις	1	4178
πύθων	1	4179
μαντεύομαι	1	4180
ἐκταράσσω	1	4181
συνεφίστημι	1	4182
περιρήγνυμι	1	4183
ἐπακροάομαι	1	4184
ἔξυπνος	1	4185
εἰσπηδάω	1	4186
πανοικεί	1	4187
Ἀμφίπολις	1	4188
Ἀπολλωνία	1	4189
προσκληρόω	1	4190
ὀχλοποιέω	1	4191
ἄπειμι (II)	1	4192
κατείδωλος	1	4193
παρατυγχάνω	1	4194
Ἐπικούρειος	1	4195
Στοϊκός	1	4196
φιλόσοφος	1	4197
σπερμολόγος	1	4198
καταγγελεύς	1	4199
δεισιδαίμων	1	4200
βωμός	1	4201
ἄγνωστος	1	4202
προσδέομαι	1	4203
ὁροθεσία	1	4204
κατοικία	1	4205
ὑπεροράω	1	4206
χλευάζω	1	4207
Διονύσιος	1	4208
Ἀρεοπαγίτης	1	4209
Δάμαρις	1	4210
Ποντικός	1	4211
προσφάτως	1	4212
ὁμότεχνος	1	4213
σκηνοποιός	1	4214
Τίτιος	1	4215
συνομορέω	1	4216
κατεφίστημι	1	4217
ἀναπείθω	1	4218
ῥᾳδιούργημα	1	4219
ἀπελαύνω	1	4220
ἐπινεύω	1	4221
λόγιος	1	4222
προτρέπω	1	4223
διακατελέγχομαι	1	4224
ἀνωτερικός	1	4225
σχολή	1	4226
Τύραννος	1	4227
χρώς	1	4228
σιμικίνθιον	1	4229
ἐξορκιστής	1	4230
Σκευᾶς	1	4231
ἐφάλλομαι	1	4232
συμψηφίζω	1	4233
ἀργυροκόπος	1	4234
εὐπορία	1	4235
ἀπελεγμός	1	4236
θεά	1	4237
σύγχυσις	1	4238
Ἀσιάρχης	1	4239
νεωκόρος	1	4240
διοπετής	1	4241
ἀναντίρρητος	1	4242
ἱερόσυλος	1	4243
περαιτέρω	1	4244
Ἑλλάς	1	4245
συνέπομαι	1	4246
Σώπατρος	1	4247
Πύρρος	1	4248
Βεροιαῖος	1	4249
Σεκοῦνδος	1	4250
Δερβαῖος	1	4251
Ἀσιανός	1	4252
παρατείνω	1	4253
Εὔτυχος	1	4254
τρίστεγον	1	4255
συμπεριλαμβάνω	1	4256
αὐγή	1	4257
μετρίως	1	4258
πεζεύω	1	4259
Μιτυλήνη	1	4260
ἄντικρυς	1	4261
Χίος	1	4262
παραβάλλω	1	4263
Σάμος	1	4264
παραπλέω	1	4265
χρονοτριβέω	1	4266
ἄφιξις	1	4267
τριετία	1	4268
Κώς	1	4269
Ῥόδος	1	4270
Πάταρα	1	4271
ἀποφορτίζομαι	1	4272
ἀπασπάζομαι	1	4273
διανύω	1	4274
Πτολεμαΐς	1	4275
ἐντόπιος	1	4276
συνθρύπτω	1	4277
ἐπισκευάζομαι	1	4278
Μνάσων	1	4279
ἀσμένως	1	4280
ἐκπλήρωσις	1	4281
ἁγνισμός	1	4282
πανταχῇ	1	4283
συνδρομή	1	4284
φάσις	1	4285
κατατρέχω	1	4286
σικάριος	1	4287
ἄσημος	1	4288
ἀκρίβεια	1	4289
ἔδαφος	1	4290
φυλακίζω	1	4291
προτείνω	1	4292
μαστίζω	1	4293
τοῖχος	1	4294
παρανομέω	1	4295
διαμάχομαι	1	4296
συνωμοσία	1	4297
ἐκλαλέω	1	4298
δεξιολάβος	1	4299
Ἀντιπατρίς	1	4300
ἀναδίδωμι	1	4301
ἐπαρχεία	1	4302
διακούω	1	4303
ῥήτωρ	1	4304
διόρθωμα	1	4305
πάντῃ	1	4306
πρωτοστάτης	1	4307
συνεπιτίθημι	1	4308
εὐθύμως	1	4309
ἀσκέω	1	4310
ἀναβάλλω	1	4311
Δρούσιλλα	1	4312
διάδοχος	1	4313
Πόρκιος	1	4314
ἐπάρχειος	1	4315
συγκαταβαίνω	1	4316
αἰτίωμα	1	4317
καταδίκη	1	4318
ἀναβολή	1	4319
δεισιδαιμονία	1	4320
διάγνωσις	1	4321
φαντασία	1	4322
ἀκροατήριον	1	4323
ἐξοχή	1	4324
συμπάρειμι	1	4325
ἀνάκρισις	1	4326
γνώστης	1	4327
μακροθύμως	1	4328
βίωσις	1	4329
ἀκριβής	1	4330
δωδεκάφυλον	1	4331
ἐκτένεια	1	4332
ἐμμαίνομαι	1	4333
ἐπιτροπή	1	4334
λαμπρότης	1	4335
λακτίζω	1	4336
πειράομαι	1	4337
ἐπικουρία	1	4338
παθητός	1	4339
μανία	1	4340
περιτρέπω	1	4341
Ἀδραμυττηνός	1	4342
φιλανθρώπως	1	4343
ἐπιμέλεια	1	4344
διαπλέω	1	4345
Μύρα	1	4346
Λυκία	1	4347
ἐμβιβάζω	1	4348
βραδυπλοέω	1	4349
Κνίδος	1	4350
προσεάω	1	4351
Σαλμώνη	1	4352
Λασαία	1	4353
ἐπισφαλής	1	4354
ναύκληρος	1	4355
ἀνεύθετος	1	4356
παραχειμασία	1	4357
Φοῖνιξ	1	4358
λίψ	1	4359
χῶρος (II)	1	4360
ὑποπνέω	1	4361
τυφωνικός	1	4362
εὐρακύλων	1	4363
ἀντοφθαλμέω	1	4364
νησίον	1	4365
ὑποτρέχω	1	4366
Καῦδα	1	4367
περικρατής	1	4368
ὑποζώννυμι	1	4369
Σύρτις	1	4370
σφοδρῶς	1	4371
χειμάζω	1	4372
ἐκβολή	1	4373
αὐτόχειρ	1	4374
σκευή	1	4375
ἀσιτία	1	4376
Ἀδρίας	1	4377
ἄσιτος	1	4378
διατελέω	1	4379
εὔθυμος	1	4380
κουφίζω	1	4381
ζευκτηρία	1	4382
ἀρτέμων	1	4383
διθάλασσος	1	4384
ἐπικέλλω	1	4385
ναῦς	1	4386
ἐρείδω	1	4387
ἐκκολυμβάω	1	4388
διαφεύγω	1	4389
κολυμβάω	1	4390
ἀπορίπτω	1	4391
σανίς	1	4392
Μελίτη	1	4393
φρύγανον	1	4394
θέρμη	1	4395
καθάπτω	1	4396
πίμπρημι	1	4397
μεταβάλλω	1	4398
φιλοφρόνως	1	4399
δυσεντέριον	1	4400
παράσημος	1	4401
Διόσκουροι	1	4402
Συράκουσαι	1	4403
Ῥήγιον	1	4404
ἐπιγίνομαι	1	4405
δευτεραῖος	1	4406
Ποτίολοι	1	4407
ταβέρνη	1	4408
θάρσος	1	4409
ἀσύμφωνος	1	4410
μίσθωμα	1	4411
ἀκωλύτως	1	4412
συμπαρακαλέω	1	4413
καθοράω	1	4414
θειότης	1	4415
ματαιόω	1	4416
σεβάζομαι	1	4417
ἐκκαίω	1	4418
ὄρεξις	1	4419
κακοήθεια	1	4420
ψιθυριστής	1	4421
κατάλαλος	1	4422
θεοστυγής	1	4423
ἐφευρετής	1	4424
ἀσύνθετος	1	4425
ἀνελεήμων	1	4426
σκληρότης	1	4427
ἀμετανόητος	1	4428
δικαιοκρισία	1	4429
γραπτός	1	4430
ἐπονομάζω	1	4431
ἱεροσυλέω	1	4432
ψεῦσμα	1	4433
προέχω	1	4434
προαιτιάομαι	1	4435
ἀχρειόω	1	4436
λάρυγξ	1	4437
δολιόω	1	4438
ἀσπίς	1	4439
ἀρά	1	4440
σύντριμμα	1	4441
ὑπόδικος	1	4442
πάρεσις	1	4443
προγίνομαι	1	4444
προπάτωρ	1	4445
ἐπικαλύπτω	1	4446
ἑκατονταετής	1	4447
σύμφυτος	1	4448
ἤτοι	1	4449
ὕπανδρος	1	4450
παλαιότης	1	4451
σύμφημι	1	4452
συνήδομαι	1	4453
ἀντιστρατεύω	1	4454
συνδοξάζω	1	4455
συστενάζω	1	4456
συνωδίνω	1	4457
ὑπερεντυγχάνω	1	4458
ἀλάλητος	1	4459
ὑπερνικάω	1	4460
νομοθεσία	1	4461
Ῥεβέκκα	1	4462
πλάσμα	1	4463
Ὡσηέ	1	4464
ὑπόλειμμα	1	4465
συντέμνω	1	4466
ἀποτολμάω	1	4467
ἐκπετάννυμι	1	4468
κατασκάπτω	1	4469
ὑπολείπω	1	4470
χρηματισμός	1	4471
ἑπτακισχίλιοι	1	4472
Βάαλ	1	4473
λεῖμμα	1	4474
κατάνυξις	1	4475
θήρα	1	4476
νῶτος	1	4477
συγκάμπτω	1	4478
πρόσλημψις	1	4479
πιότης	1	4480
καλλιέλαιος	1	4481
ἀνεξεραύνητος	1	4482
σύμβουλος	1	4483
προδίδωμι	1	4484
ὑπερφρονέω	1	4485
ἀναλογία	1	4486
ἱλαρότης	1	4487
ἀποστυγέω	1	4488
φιλόστοργος	1	4489
προηγέομαι	1	4490
ἄνθραξ	1	4491
ἀσθένημα	1	4492
τολμηρός	1	4493
ἐπαναμιμνῄσκω	1	4494
ἱερουργέω	1	4495
Ἰλλυρικόν	1	4496
ἐπιποθία	1	4497
συναγωνίζομαι	1	4498
συναναπαύομαι	1	4499
Φοίβη	1	4500
προστάτις	1	4501
Ἐπαίνετος	1	4502
Ἀνδρόνικος	1	4503
Ἰουνιᾶς	1	4504
Ἀμπλιᾶτος	1	4505
Οὐρβανός	1	4506
Στάχυς	1	4507
Ἀπελλῆς	1	4508
Ἀριστόβουλος	1	4509
Ἡρῳδίων	1	4510
Νάρκισσος	1	4511
Τρύφαινα	1	4512
Τρυφῶσα	1	4513
Περσίς	1	4514
Ἀσύγκριτος	1	4515
Φλέγων	1	4516
Πατροβᾶς	1	4517
Ἑρμᾶς	1	4518
Φιλόλογος	1	4519
Ἰουλία	1	4520
Νηρεύς	1	4521
Ὀλυμπᾶς	1	4522
χρηστολογία	1	4523
ἀφικνέομαι	1	4524
Σωσίπατρος	1	4525
Τέρτιος	1	4526
Κούαρτος	1	4527
Χλόη	1	4528
συζητητής	1	4529
ἀγενής	1	4530
πειθός	1	4531
ἀπόδειξις	1	4532
γεώργιον	1	4533
ἀρχιτέκτων	1	4534
καλάμη	1	4535
δράσσομαι	1	4536
ἐπιθανάτιος	1	4537
γυμνιτεύω	1	4538
ἀστατέω	1	4539
δυσφημέω	1	4540
περικάθαρμα	1	4541
περίψημα	1	4542
ἑορτάζω	1	4543
ἐξαίρω	1	4544
ἀνάξιος	1	4545
μήτιγε	1	4546
σύμφωνος	1	4547
συγγνώμη	1	4548
ἐπισπάομαι	1	4549
ἀπελεύθερος	1	4550
λύσις	1	4551
βρόχος	1	4552
εὐπάρεδρος	1	4553
ἀπερισπάστως	1	4554
ὑπέρακμος	1	4555
εἰδωλεῖον	1	4556
κημόω	1	4557
ἐγκοπή	1	4558
παρεδρεύω	1	4559
συμμερίζω	1	4560
ἄκων	1	4561
ἀδάπανος	1	4562
ἀδήλως	1	4563
πυκτεύω	1	4564
δουλαγωγέω	1	4565
καταστρώννυμι	1	4566
ἐπιθυμητής	1	4567
παίζω	1	4568
εἰκοσιτρεῖς	1	4569
ὀλοθρευτής	1	4570
τυπικώς	1	4571
μάκελλον	1	4572
ἱερόθυτος	1	4573
κόμη	1	4574
φιλόνεικος	1	4575
ἀναξίως	1	4576
ὄσφρησις	1	4577
ἀσχήμων	1	4578
εὐσχημοσύνη	1	4579
ἀντίλημψις	1	4580
κυβέρνησις	1	4581
ἠχέω	1	4582
κύμβαλον	1	4583
χρηστεύομαι	1	4584
περπερεύομαι	1	4585
αἴνιγμα	1	4586
παραμυθία	1	4587
ἄψυχος	1	4588
αὐλός	1	4589
εὔσημος	1	4590
νηπιάζω	1	4591
ἑτερόγλωσσος	1	4592
διερμηνευτής	1	4593
ὡσπερεί	1	4594
ἔκτρωμα	1	4595
τάγμα	1	4596
νή	1	4597
θηριομαχέω	1	4598
ἦθος	1	4599
ὁμιλία	1	4600
ἐκνήφω	1	4601
πτηνός	1	4602
ἄτομος	1	4603
ῥιπή	1	4604
ἀμετακίνητος	1	4605
πάροδος	1	4606
ἀνδρίζομαι	1	4607
Φορτουνᾶτος	1	4608
Ἀχαϊκός	1	4609
ἀπόκριμα	1	4610
συνυπουργέω	1	4611
ἐλαφρία	1	4612
ἐπιτιμία	1	4613
καπηλεύω	1	4614
συστατικός	1	4615
ἱκανότης	1	4616
ἐντυπόω	1	4617
κατοπτρίζω	1	4618
ἀπεῖπον	1	4619
δολόω	1	4620
αὐγάζω	1	4621
παραυτίκα	1	4622
ἐπακούω	1	4623
προσκοπή	1	4624
δυσφημία	1	4625
εὐφημία	1	4626
ἑτεροζυγέω	1	4627
μετοχή	1	4628
συμφώνησις	1	4629
Βελιάρ	1	4630
συγκατάθεσις	1	4631
ἐμπεριπατέω	1	4632
εἰσδέχομαι	1	4633
μολυσμός	1	4634
ἀγανάκτησις	1	4635
πτωχεύω	1	4636
ἐλαττονέω	1	4637
ἁδρότης	1	4638
ἀπαρασκεύαστος	1	4639
προκαταρτίζω	1	4640
προαιρέω	1	4641
ἱλαρός	1	4642
δότης	1	4643
πένης	1	4644
ἀνεκδιήγητος	1	4645
ὀχύρωμα	1	4646
ἐκφοβέω	1	4647
ἐγκρίνω	1	4648
ὑπερεκτείνω	1	4649
ὑπερέκεινα	1	4650
ἁρμόζω	1	4651
συλάω	1	4652
ἀβαρής	1	4653
ψευδαπόστολος	1	4654
δόλιος	1	4655
παραφρονέω	1	4656
ὑπερβαλλόντως	1	4657
πεντάκις	1	4658
νυχθήμερον	1	4659
βυθός	1	4660
δίψος	1	4661
ἐθνάρχης	1	4662
Ἁρέτας	1	4663
Δαμασκηνός	1	4664
σαργάνη	1	4665
ἄρρητος	1	4666
σκόλοψ	1	4667
ἐπισκηνόω	1	4668
ἐκδαπανάω	1	4669
καταβαρέω	1	4670
πανοῦργος	1	4671
συναποστέλλω	1	4672
ψιθυρισμός	1	4673
φυσίωσις	1	4674
κατάρτισις	1	4675
συνηλικιώτης	1	4676
πατρικός	1	4677
ἱστορέω	1	4678
παρείσακτος	1	4679
κατασκοπέω	1	4680
εἴκω	1	4681
συνυποκρίνομαι	1	4682
ὀρθοποδέω	1	4683
ἐθνικῶς	1	4684
Ἰουδαϊκῶς	1	4685
Ἰουδαΐζω	1	4686
Γαλάτης	1	4687
βασκαίνω	1	4688
προευαγγελίζομαι	1	4689
ἐπιδιατάσσομαι	1	4690
προκυρόω	1	4691
προθεσμία	1	4692
ἐκπτύω	1	4693
μορφόω	1	4694
ἀλληγορέω	1	4695
συστοιχέω	1	4696
πεισμονή	1	4697
δάκνω	1	4698
κενόδοξος	1	4699
προκαλέω	1	4700
φθονέω	1	4701
φρεναπατάω	1	4702
μυκτηρίζω	1	4703
εὐπροσωπέω	1	4704
στίγμα	1	4705
κληρόω	1	4706
προελπίζω	1	4707
μέγεθος	1	4708
ἄθεος	1	4709
μεσότοιχον	1	4710
συμπολίτης	1	4711
συνοικοδομέω	1	4712
σύσσωμος	1	4713
πολυποίκιλος	1	4714
ἐξισχύω	1	4715
αἰχμαλωτεύω	1	4716
κατώτερος	1	4717
καταρτισμός	1	4718
κλυδωνίζομαι	1	4719
κυβεία	1	4720
ἀπαλγέω	1	4721
ἀνανεόω	1	4722
ἐπιδύω	1	4723
παροργισμός	1	4724
αἰσχρότης	1	4725
μωρολογία	1	4726
εὐτραπελία	1	4727
κρυφῇ	1	4728
ἐπιφαύσκω	1	4729
ἄσοφος	1	4730
ῥυτίς	1	4731
προσκολλάω	1	4732
μακροχρόνιος	1	4733
εὔνοια	1	4734
πάλη	1	4735
κοσμοκράτωρ	1	4736
ἑτοιμασία	1	4737
θυρεός	1	4738
βέλος	1	4739
προσκαρτέρησις	1	4740
ἄνοιξις	1	4741
αἴσθησις	1	4742
ἁγνῶς	1	4743
πτύρω	1	4744
παραμύθιον	1	4745
σύμψυχος	1	4746
κενοδοξία	1	4747
ἁρπαγμός	1	4748
ὑπερυψόω	1	4749
καταχθόνιος	1	4750
ἀπουσία	1	4751
εὐψυχέω	1	4752
ἰσόψυχος	1	4753
γνησίως	1	4754
παραπλήσιος	1	4755
ἄλυπος	1	4756
παραβολεύομαι	1	4757
κατατομή	1	4758
ὀκταήμερος	1	4759
σκύβαλον	1	4760
συμμορφίζω	1	4761
ἐξανάστασις	1	4762
ἐπεκτείνομαι	1	4763
σκοπός	1	4764
ἑτέρως	1	4765
συμμιμητής	1	4766
πολίτευμα	1	4767
ἐπιπόθητος	1	4768
Εὐοδία	1	4769
Συντύχη	1	4770
σύζυγος	1	4771
Κλήμης	1	4772
προσφιλής	1	4773
εὔφημος	1	4774
μεγάλως	1	4775
ἀναθάλλω	1	4776
ἀκαιρέομαι	1	4777
αὐτάρκης	1	4778
μυέω	1	4779
Φιλιππήσιος	1	4780
λῆμψις	1	4781
Κολοσσαί	1	4782
προακούω	1	4783
ἀρεσκεία	1	4784
ὁρατός	1	4785
πρωτεύω	1	4786
εἰρηνοποιέω	1	4787
μετακινέω	1	4788
ἀνταναπληρόω	1	4789
πιθανολογία	1	4790
στερέωμα	1	4791
συλαγωγέω	1	4792
φιλοσοφία	1	4793
θεότης	1	4794
σωματικῶς	1	4795
ἀπέκδυσις	1	4796
χειρόγραφον	1	4797
προσηλόω	1	4798
νεομηνία	1	4799
καταβραβεύω	1	4800
ἐμβατεύω	1	4801
δογματίζω	1	4802
ἀπόχρησις	1	4803
ἐθελοθρησκία	1	4804
ἀφειδία	1	4805
πλησμονή	1	4806
αἰσχρολογία	1	4807
Σκύθης	1	4808
μομφή	1	4809
βραβεύω	1	4810
εὐχάριστος	1	4811
ἀθυμέω	1	4812
ἀνταπόδοσις	1	4813
ἀνεψιός	1	4814
παρηγορία	1	4815
Ἱεράπολις	1	4816
Νύμφα	1	4817
Λαοδικεύς	1	4818
ἐξηχέω	1	4819
ἀναμένω	1	4820
προπάσχω	1	4821
κολακεία	1	4822
τροφός	1	4823
ὁμείρομαι	1	4824
ὁσίως	1	4825
συμφυλέτης	1	4826
ἐκδιώκω	1	4827
ἀπορφανίζω	1	4828
σαίνω	1	4829
ὑπερβαίνω	1	4830
θεοδίδακτος	1	4831
κέλευσμα	1	4832
ὑπερεκπερισσῶς	1	4833
ἄτακτος	1	4834
ὀλιγόψυχος	1	4835
ὁλοτελής	1	4836
ἐνορκίζω	1	4837
ὑπεραυξάνω	1	4838
ἐγκαυχάομαι	1	4839
ἔνδειγμα	1	4840
τίνω	1	4841
ἀτακτέω	1	4842
περιεργάζομαι	1	4843
καλοποιέω	1	4844
σημειόω	1	4845
ἀπέραντος	1	4846
ἐκζήτησις	1	4847
ματαιολογία	1	4848
πατρολῴας	1	4849
μητρολῴας	1	4850
ἀνδροφόνος	1	4851
ἀνδραποδιστής	1	4852
ἐπίορκος	1	4853
διώκτης	1	4854
ὑπερπλεονάζω	1	4855
ἤρεμος	1	4856
ἀντίλυτρον	1	4857
καταστολή	1	4858
αἰδώς	1	4859
πλέγμα	1	4860
θεοσέβεια	1	4861
αὐθεντέω	1	4862
τεκνογονία	1	4863
νεόφυτος	1	4864
δίλογος	1	4865
βαθμός	1	4866
ἑδραίωμα	1	4867
ὁμολογουμένως	1	4868
ῥητῶς	1	4869
ψευδολόγος	1	4870
καυστηριάζω	1	4871
μετάλημψις	1	4872
ἀπόβλητος	1	4873
ἐντρέφω	1	4874
γραώδης	1	4875
γυμνασία	1	4876
ἐπιπλήσσω	1	4877
ἔκγονος	1	4878
ἀμοιβή	1	4879
μονόω	1	4880
καταλέγω	1	4881
τεκνοτροφέω	1	4882
ξενοδοχέω	1	4883
καταστρηνιάω	1	4884
φλύαρος	1	4885
τεκνογονέω	1	4886
οἰκοδεσποτέω	1	4887
πρόκριμα	1	4888
πρόσκλισις	1	4889
ὑδροποτέω	1	4890
στόμαχος	1	4891
ἄλλως	1	4892
νοσέω	1	4893
λογομαχία	1	4894
ὑπόνοια	1	4895
διαπαρατριβή	1	4896
διατροφή	1	4897
σκέπασμα	1	4898
βλαβερός	1	4899
φιλαργυρία	1	4900
περιπείρω	1	4901
πραϋπαθία	1	4902
ἀπρόσιτος	1	4903
ὑψηλοφρονέω	1	4904
ἀδηλότης	1	4905
εὐμετάδοτος	1	4906
κοινωνικός	1	4907
ἀποθησαυρίζω	1	4908
ἀντίθεσις	1	4909
ψευδώνυμος	1	4910
μάμμη	1	4911
Λωΐς	1	4912
Εὐνίκη	1	4913
ἀναζωπυρέω	1	4914
δειλία	1	4915
σωφρονισμός	1	4916
Φύγελος	1	4917
Ἑρμογένης	1	4918
ἀναψύχω	1	4919
βελτίων	1	4920
πραγματεία	1	4921
στρατολογέω	1	4922
λογομαχέω	1	4923
χρήσιμος	1	4924
ἀνεπαίσχυντος	1	4925
ὀρθοτομέω	1	4926
γάγγραινα	1	4927
Φίλητος	1	4928
νεωτερικός	1	4929
ἀπαίδευτος	1	4930
ἀνεξίκακος	1	4931
ἀντιδιατίθημι	1	4932
ἀνανήφω	1	4933
φίλαυτος	1	4934
ἄσπονδος	1	4935
ἀκρατής	1	4936
ἀνήμερος	1	4937
ἀφιλάγαθος	1	4938
φιλήδονος	1	4939
φιλόθεος	1	4940
ἀποτρέπω	1	4941
ἐνδύνω	1	4942
γυναικάριον	1	4943
μηδέποτε	1	4944
Ἰάννης	1	4945
Ἰαμβρῆς	1	4946
καταφθείρω	1	4947
ἔκδηλος	1	4948
ἀγωγή	1	4949
γόης	1	4950
πιστόω	1	4951
θεόπνευστος	1	4952
ἐλεγμός	1	4953
ἐπανόρθωσις	1	4954
ἄρτιος	1	4955
ἀκαίρως	1	4956
ἐπισωρεύω	1	4957
κνήθω	1	4958
ἀνάλυσις	1	4959
Κρήσκης	1	4960
Δαλματία	1	4961
φαιλόνης	1	4962
Κάρπος	1	4963
μεμβράνα	1	4964
χαλκεύς	1	4965
Εὔβουλος	1	4966
Πούδης	1	4967
Λίνος	1	4968
Κλαυδία	1	4969
ἀψευδής	1	4970
ἐπιδιορθόω	1	4971
ὀργίλος	1	4972
φιλάγαθος	1	4973
ἐγκρατής	1	4974
ματαιολόγος	1	4975
φρεναπάτης	1	4976
ἐπιστομίζω	1	4977
Ἰουδαϊκός	1	4978
βδελυκτός	1	4979
πρεσβῦτις	1	4980
κατάστημα	1	4981
ἱεροπρεπής	1	4982
καλοδιδάσκαλος	1	4983
σωφρονίζω	1	4984
φίλανδρος	1	4985
φιλότεκνος	1	4986
οἰκουργός	1	4987
ἀφθορία	1	4988
ἀκατάγνωστος	1	4989
σωφρόνως	1	4990
περιούσιος	1	4991
περιφρονέω	1	4992
στυγητός	1	4993
φροντίζω	1	4994
αἱρετικός	1	4995
ἐκστρέφω	1	4996
αὐτοκατάκριτος	1	4997
Ἀρτεμᾶς	1	4998
Νικόπολις	1	4999
Ζηνᾶς	1	5000
Φιλήμων	1	5001
Ἀπφία	1	5002
ἄχρηστος	1	5003
ἑκούσιος	1	5004
ἀποτίνω	1	5005
προσοφείλω	1	5006
ὀνίνημι	1	5007
πολυμερῶς	1	5008
πολυτρόπως	1	5009
ἀπαύγασμα	1	5010
χαρακτήρ	1	5011
εὐθύτης	1	5012
λειτουργικός	1	5013
παραρρέω	1	5014
συνεπιμαρτυρέω	1	5015
θέλησις	1	5016
παραπλησίως	1	5017
δήπου	1	5018
θεράπων	1	5019
δοκιμασία	1	5020
παραπικραίνω	1	5021
κῶλον	1	5022
σαββατισμός	1	5023
τομός	1	5024
διϊκνέομαι	1	5025
ἁρμός	1	5026
μυελός	1	5027
κριτικός	1	5028
ἀφανής	1	5029
τραχηλίζω	1	5030
μετριοπαθέω	1	5031
ἱκετηρία	1	5032
προσαγορεύω	1	5033
δυσερμήνευτος	1	5034
ἄπειρος	1	5035
ἕξις	1	5036
αἰσθητήριον	1	5037
παραπίπτω	1	5038
ἀνακαινίζω	1	5039
ἀνασταυρόω	1	5040
παραδειγματίζω	1	5041
βοτάνη	1	5042
γεωργέω	1	5043
καῦσις	1	5044
μήν (I)	1	5045
μεσιτεύω	1	5046
πρόδρομος	1	5047
κοπή	1	5048
ἀπάτωρ	1	5049
ἀμήτωρ	1	5050
ἀγενεαλόγητος	1	5051
ἀφομοιόω	1	5052
ἀκροθίνιον	1	5053
γενεαλογέω	1	5054
ἔπος	1	5055
Λευιτικός	1	5056
κατάδηλος	1	5057
ἀκατάλυτος	1	5058
ἐπεισαγωγή	1	5059
ἔγγυος	1	5060
ἀπαράβατος	1	5061
πήγνυμι	1	5062
ἀφανισμός	1	5063
θυμιατήριον	1	5064
στάμνος	1	5065
Χερούβ	1	5066
κατασκιάζω	1	5067
ἀγνόημα	1	5068
διόρθωσις	1	5069
δάμαλις	1	5070
καθαρότης	1	5071
αἱματεκχυσία	1	5072
κεφαλίς	1	5073
πρόσφατος	1	5074
ἀκλινής	1	5075
ἐκδοχή	1	5076
τιμωρία	1	5077
ἐνυβρίζω	1	5078
ἄθλησις	1	5079
θεατρίζω	1	5080
ὑποστολή	1	5081
ἔλεγχος	1	5082
μισθαποδότης	1	5083
μηδέπω	1	5084
εὐλαβέομαι	1	5085
δημιουργός	1	5086
ἀναρίθμητος	1	5087
ἐκβαίνω	1	5088
τρίμηνος	1	5089
διάταγμα	1	5090
συγκακουχέομαι	1	5091
ἀποβλέπω	1	5092
καρτερέω	1	5093
πρόσχυσις	1	5094
ὀλοθρεύω	1	5095
συναπόλλυμι	1	5096
κατάσκοπος	1	5097
ἐπιλείπω	1	5098
Γεδεών	1	5099
Βαράκ	1	5100
Σαμψών	1	5101
Ἰεφθάε	1	5102
καταγωνίζομαι	1	5103
τυμπανίζω	1	5104
ἐμπαιγμός	1	5105
πρίζω	1	5106
μηλωτή	1	5107
αἴγειος	1	5108
δέρμα	1	5109
προβλέπω	1	5110
νέφος	1	5111
ὄγκος	1	5112
εὐπερίστατος	1	5113
τελειωτής	1	5114
ἀναλογίζομαι	1	5115
ἀντικαθίστημι	1	5116
ἀνταγωνίζομαι	1	5117
ἐκλανθάνομαι	1	5118
ὀλιγωρέω	1	5119
νόθος	1	5120
τροχιά	1	5121
ἐπισκοπέω	1	5122
πρωτοτόκια	1	5123
μετέπειτα	1	5124
γνόφος	1	5125
θύελλα	1	5126
φαντάζω	1	5127
πανήγυρις	1	5128
εὐαρέστως	1	5129
δέος	1	5130
καταναλίσκω	1	5131
συνδέω	1	5132
βοηθός	1	5133
αἴνεσις	1	5134
εὐποιΐα	1	5135
ὑπείκω	1	5136
ἀλυσιτελής	1	5137
ἁπλῶς	1	5138
ἀνεμίζω	1	5139
ῥιπίζω	1	5140
εὐπρέπεια	1	5141
μαραίνω	1	5142
ἀπείραστος	1	5143
ἐξέλκω	1	5144
παραλλαγή	1	5145
τροπή	1	5146
ἀποσκίασμα	1	5147
ῥυπαρία	1	5148
ἔμφυτος	1	5149
ἐπιλησμονή	1	5150
ποίησις	1	5151
θρησκός	1	5152
χρυσοδακτύλιος	1	5153
προσωπολημπτέω	1	5154
ἀνέλεος	1	5155
ἐφήμερος	1	5156
ἐπιτήδειος	1	5157
φρίσσω	1	5158
αὐχέω	1	5159
ὕλη	1	5160
τροχός	1	5161
ἐνάλιος	1	5162
θανατηφόρος	1	5163
ὁμοίωσις	1	5164
χρή	1	5165
βρύω	1	5166
ἁλυκός	1	5167
ἐπιστήμων	1	5168
δαιμονιώδης	1	5169
εὐπειθής	1	5170
ἀδιάκριτος	1	5171
φιλία	1	5172
κενῶς	1	5173
κατοικίζω	1	5174
ταλαιπωρέω	1	5175
γέλως	1	5176
μετατρέπω	1	5177
κατήφεια	1	5178
νομοθέτης	1	5179
ὀλολύζω	1	5180
σήπω	1	5181
σητόβρωτος	1	5182
κατιόω	1	5183
ἀμάω	1	5184
ἀφυστερέω	1	5185
βοή	1	5186
τρυφάω	1	5187
πρόϊμος	1	5188
ὄψιμος	1	5189
κακοπάθεια	1	5190
Ἰώβ	1	5191
πολύσπλαγχνος	1	5192
ἀμάραντος	1	5193
ἀνεκλάλητος	1	5194
ἐξεραυνάω	1	5195
προμαρτύρομαι	1	5196
ἀναζώννυμι	1	5197
τελείως	1	5198
ἀπροσωπολήμπτως	1	5199
πατροπαράδοτος	1	5200
σπορά	1	5201
ἀρτιγέννητος	1	5202
ἄδολος	1	5203
ἀγαθοποιός	1	5204
ἐπικάλυμμα	1	5205
ἀδίκως	1	5206
κλέος	1	5207
ὑπολιμπάνω	1	5208
ὑπογραμμός	1	5209
ἀντιλοιδορέω	1	5210
ἀπογίνομαι	1	5211
μώλωψ	1	5212
ἐμπλοκή	1	5213
περίθεσις	1	5214
ἔνδυσις	1	5215
πτόησις	1	5216
συνοικέω	1	5217
γυναικεῖος	1	5218
ἀπονέμω	1	5219
ὁμόφρων	1	5220
συμπαθής	1	5221
φιλάδελφος	1	5222
ταπεινόφρων	1	5223
ῥύπος	1	5224
ἐπερώτημα	1	5225
ὁπλίζω	1	5226
ἐπίλοιπος	1	5227
βιόω	1	5228
οἰνοφλυγία	1	5229
πότος	1	5230
ἀνάχυσις	1	5231
ἀλλοτριεπίσκοπος	1	5232
κτίστης	1	5233
ἀγαθοποιΐα	1	5234
συμπρεσβύτερος	1	5235
ἀναγκαστῶς	1	5236
αἰσχροκερδῶς	1	5237
προθύμως	1	5238
ἀρχιποίμην	1	5239
ἀμαράντινος	1	5240
ἐγκομβόομαι	1	5241
κραταιός	1	5242
ὠρύομαι	1	5243
σθενόω	1	5244
ἐπιμαρτυρέω	1	5245
συνεκλεκτός	1	5246
ἰσότιμος	1	5247
παρεισφέρω	1	5248
μυωπάζω	1	5249
λήθη	1	5250
ἑκάστοτε	1	5251
μνήμη	1	5252
ἐπόπτης	1	5253
τοιόσδε	1	5254
μεγαλοπρεπής	1	5255
αὐχμηρός	1	5256
διαυγάζω	1	5257
φωσφόρος	1	5258
ἐπίλυσις	1	5259
ψευδοδιδάσκαλος	1	5260
παρεισάγω	1	5261
πλαστός	1	5262
ἀργέω	1	5263
σιρός	1	5264
ταρταρόω	1	5265
τεφρόω	1	5266
βλέμμα	1	5267
ἐγκατοικέω	1	5268
μιασμός	1	5269
τολμητής	1	5270
ἅλωσις	1	5271
μῶμος	1	5272
ἐντρυφάω	1	5273
ἀκατάπαυστος	1	5274
Βοσόρ	1	5275
ἔλεγξις	1	5276
παρανομία	1	5277
παραφρονία	1	5278
ὀμίχλη	1	5279
ὀλίγως	1	5280
μίασμα	1	5281
ἐξέραμα	1	5282
ὗς	1	5283
κυλισμός	1	5284
βόρβορος	1	5285
ἐμπαιγμονή	1	5286
κατακλύζω	1	5287
βραδύτης	1	5288
ῥοιζηδόν	1	5289
τήκω	1	5290
ἀμώμητος	1	5291
δυσνόητος	1	5292
ἀμαθής	1	5293
στρεβλόω	1	5294
στηριγμός	1	5295
νίκη	1	5296
χάρτης	1	5297
φιλοπρωτεύω	1	5298
Διοτρέφης	1	5299
φλυαρέω	1	5300
ἐπαγωνίζομαι	1	5301
παρεισδύω	1	5302
ἐκπορνεύω	1	5303
δεῖγμα	1	5304
ὑπέχω	1	5305
φυσικῶς	1	5306
Κόρε	1	5307
σπιλάς	1	5308
φθινοπωρινός	1	5309
ἐπαφρίζω	1	5310
πλανήτης	1	5311
γογγυστής	1	5312
μεμψίμοιρος	1	5313
ἀποδιορίζω	1	5314
ἄπταιστος	1	5315
Πάτμος	1	5316
ποδήρης	1	5317
Ἀντιπᾶς	1	5318
Βαλάκ	1	5319
Ἰεζάβελ	1	5320
νεφρός	1	5321
κεραμικός	1	5322
χλιαρός	1	5323
ἐμέω	1	5324
κολλούριον	1	5325
ἐγχρίω	1	5326
ζηλεύω	1	5327
σμαράγδινος	1	5328
κατασφραγίζω	1	5329
τόξον	1	5330
κριθή	1	5331
τρίχινος	1	5332
ὄλυνθος	1	5333
Ῥουβήν	1	5334
Γάδ	1	5335
Ἰσσαχάρ	1	5336
ἡμίωρον	1	5337
πλήσσω	1	5338
Ἀβαδδών	1	5339
Ἑλληνικός	1	5340
Ἀπολλύων	1	5341
ἱππικός	1	5342
δισμυριάς	1	5343
πύρινος	1	5344
ὑακίνθινος	1	5345
θειώδης	1	5346
χαλκοῦς	1	5347
κλέμμα	1	5348
μυκάομαι	1	5349
ποταμοφόρητος	1	5350
πάρδαλις	1	5351
ἄρκος	1	5352
ἄκρατος	1	5353
ἀπάρτι	1	5354
βότρυς	1	5355
ἀκμάζω	1	5356
μασάομαι	1	5357
βάτραχος	1	5358
Ἁρμαγεδών	1	5359
ταλαντιαῖος	1	5360
στρῆνος	1	5361
διπλόω	1	5362
σιρικός	1	5363
θύϊνος	1	5364
ἐλεφάντινος	1	5365
σίδηρος	1	5366
μάρμαρος	1	5367
κιννάμωμον	1	5368
ἄμωμον	1	5369
σεμίδαλις	1	5370
ῥέδη	1	5371
ὀπώρα	1	5372
λιπαρός	1	5373
τιμιότης	1	5374
μύλινος	1	5375
ὅρμημα	1	5376
μουσικός	1	5377
σαλπιστής	1	5378
μηρός	1	5379
πελεκίζω	1	5380
Γώγ	1	5381
Μαγώγ	1	5382
κυκλεύω	1	5383
κρυσταλλίζω	1	5384
τετράγωνος	1	5385
ἐνδώμησις	1	5386
σάπφιρος	1	5387
χαλκηδών	1	5388
σμάραγδος	1	5389
σαρδόνυξ	1	5390
χρυσόλιθος	1	5391
βήρυλλος	1	5392
τοπάζιον	1	5393
χρυσόπρασος	1	5394
ὑάκινθος	1	5395
δωδέκατος	1	5396
ἀμέθυστος	1	5397
διαυγής	1	5398
κατάθεμα	1	5399
ῥυπαίνω	1	5400
