lex	strong
<B/	H5645
<B=/	H5645
<B==/	H5645
<BC[	H5685
<BD/	H5650
<BD=/	H5652
<BD==/	H5650
<BD>/	H5653
<BD>L/	H5655
<BDH/	H5656
<BDH=/	H5657
<BDJ/	H5660
<BDJ>L/	H5661
<BDJH/	H5662
<BDJHW/	H5650
<BDWN/	H5658
<BDWN=/	H5658
<BD[	H5647
<BD_>DWM/	H5654
<BD_MLK/	H5663
<BD_NGW/	H5664
<BH[	H5666
<BJ/	H5672
<BJDH/	H5673
<BR/	H5676
<BR=/	H5676
<BR=[	H5674
<BRH/	H5679
<BRH=/	H5678
<BRJ/	H5680
<BRJ=/	H5680
<BRJM/	H5682
<BRN/	H5683
<BRNH/	H5684
<BR[	H5674
<BT/	H5688
<BV=[	H5670
<BVJV/	H5671
<BV[	H5670
<BWR/	H5668
<BWR=/	H5669
<BWT/	H5687
<BWV/	H5667
<C/	H6211
<C=/	H6211
<C==/	H6211
<CC[	H6244
<CJR/	H6223
<CN/	H6227
<CN=/	H6226
<CN==/	H6227
<CQ/	H6233
<CQ=/	H6232
<CQH/	H6234
<CQ[	H6231
<CR/	H6239
<CR[	H6238
<CT/	H6247
<CTJ/	H6249
<CTRT/	H6253
<CTRT=/	H6251
<CTRT==/	H6253
<CTRTJ/	H6254
<CTRT_QRNJM/	H6255
<CTRWT/	H6252
<CTWT/	H6248
<CWT=/	H6220
<D	H5704
<D/	H5704
<D<DH/	H5735
<D=/	H5707
<D==/	H5704
<DCH/	H5742
<DH/	H5713
<DH=/	H5713
<DH===/	H5711
<DJ/	H5716
<DJ>L/	H5717
<DJH/	H5718
<DJN/	H5720
<DJN=/	H5720
<DJN>/	H5721
<DJTJM/	H5723
<DLJ/	H5724
<DLM/	H5725
<DLMJ/	H5726
<DN	H5728
<DN/	H5731
<DN=/	H5731
<DN==/	H5731
<DN===/	H5729
<DN>/	H5733
<DNH	H5704
<DNH/	H5730
<DNH=/	H5734
<DP[	H5736
<DR/	H5739
<DR=/	H5739
<DR==/	H5739
<DR===/	H5738
<DRJ>L/	H5741
<DW/	H5714
<DWT/	H5715
<FB/	H6212
<FH>L/	H6214
<FH[	H6213
<FJ>L/	H6221
<FJH/	H6222
<FJRJ/	H6224
<FQ/	H6230
<FR/	H6240
<FR=/	H6235
<FRH/	H6240
<FRH=/	H6235
<FRJM/	H6242
<FRJN/	H6243
<FRWN/	H6241
<FR[	H6237
<FW/	H6215
<FWR/	H6218
<GBH/	H5691
<GH/	H5692
<GJL/	H5694
<GL/	H5695
<GL=/	H5696
<GLH/	H5697
<GLH=/	H5699
<GLH==/	H5697
<GLWN/	H5700
<GLWN=/	H5700
<GM[	H5701
<GN[	H5702
<GWR/	H5693
<J/	H5856
<J=/	H5857
<JBL/	H5858
<JBL=/	H5858
<JC/	H5906
<JJM/	H5864
<JJ_H<BRJM/	H5863
<JLJ/	H5866
<JLM/	H5867
<JLWM/	H5865
<JN/	H5869
<JN=/	H5869
<JNJM/	H5879
<JNM/	H5879
<JNN/	H5881
<JN_<GLJM/	H5882
<JN_CMC/	H5885
<JN_DWR/	H5874
<JN_GDJ/	H5872
<JN_GNJM/	H5873
<JN_MCPV/	H5880
<JN_RGL/	H5883
<JN_RMWN/	H5884
<JN_TPWX/	H5887
<JN_XDH/	H5876
<JN_XRD/	H5878
<JN_XYWR/	H5877
<JP/	H5889
<JPH/	H5891
<JPH=/	H5891
<JPH==/	H5891
<JP[	H5774
<JR/	H5892
<JR=/	H5895
<JR==/	H5892
<JR===/	H5892
<JR====/	H5892
<JR>/	H5896
<JRD/	H5897
<JRJ/	H5901
<JRM/	H5903
<JRM=/	H5902
<JRW/	H5900
<JR_CMC/	H5905
<JR_HMLX/	H5898
<JR_NXC/	H5904
<JV/	H5861
<JVM/	H5862
<JWN/	H5859
<KBJC/	H5908
<KBR/	H5909
<KBWR/	H5907
<KCWB/	H5919
<KN/	H5912
<KR/	H5917
<KRN/	H5918
<KR[	H5916
<KS/	H5914
<KSH/	H5915
<KW/	H5910
<KWR/	H5911
<L	H5921
<L/	H5923
<L</	H5967
<L=/	H5921
<L>	H5924
<L>/	H5925
<LG/	H5926
<LH/	H5930
<LH=/	H5929
<LH[	H5927
<LJ/	H5942
<LJ=/	H5940
<LJ==/	H5941
<LJH/	H5944
<LJL/	H5948
<LJLH/	H5949
<LJLJH/	H5950
<LJWN/	H5945
<LJZ/	H5947
<LLWT/	H5955
<LL[	H5953
<LM/	H5958
<LMH/	H5959
<LMJ/	H5962
<LMT/	H5964
<LMT=/	H5964
<LMWN/	H5960
<LMWT/	H5921
<LM[	H5956
<LPH/	H5969
<LP[	H5968
<LS[	H5965
<LVH/	H5939
<LWH/	H5933
<LWH=/	H5933
<LWN/	H5935
<LWQH/	H5936
<LY[	H5970
<LZ/	H5938
<LZ[	H5921
<M	H5973
<M/	H5971
<M<D/	H6008
<MCSJ/	H6023
<MD/	H5978
<MD=/	H5977
<MDH/	H5979
<MD[	H5975
<MF>/	H6021
<MFJ/	H6022
<MH/	H5980
<MH=/	H5981
<MJ>L/	H5988
<MJCDJ/	H5996
<MJHWD/	H5989
<MJNDB/	H5992
<MJQ/	H5994
<MJR/	H5995
<MJT/	H5997
<MJZBD/	H5990
<ML/	H5999
<ML=/	H6001
<ML==/	H5999
<MLQ/	H6002
<MLQJ/	H6003
<MM=[	H6004
<MM[	H6004
<MNH/	H3726
<MQ/	H6010
<MQ=/	H6013
<MQ==/	H6012
<MQ===/	H6011
<MR/	H6016
<MR=/	H6016
<MRH/	H6017
<MRJ/	H6018
<MRM/	H6019
<MRMJ/	H6020
<MR[	H6014
<MSJH/	H6007
<MS[	H6006
<MWD/	H5982
<MWN/	H5983
<MWNJ/	H5984
<MWQ/	H5987
<MWS/	H5986
<NB/	H6025
<NB=/	H6024
<NC/	H6066
<NC[	H6064
<ND[	H6029
<NG/	H6028
<NG=/	H6027
<NG[	H6026
<NH=/	H6034
<NH==[	H6030
<NH=[	H6031
<NH[	H6030
<NJ/	H6041
<NJ=/	H6040
<NJ==/	H6042
<NJH/	H6043
<NJM/	H6044
<NJN/	H6045
<NM/	H6046
<NMJM/	H6047
<NMLK/	H6048
<NN/	H6051
<NN=/	H6051
<NNH/	H6053
<NNJ/	H6054
<NNJH/	H6055
<NNJH=/	H6055
<NN[	H6049
<NP/	H6057
<NP=/	H6058
<NQ=/	H6060
<NQ[	H6059
<NR/	H6063
<NR=/	H6063
<NT/	H6067
<NTTJ/	H6069
<NTTJH/	H6070
<NTWT/	H6068
<NTWT=/	H6068
<NW/	H6035
<NWB/	H6036
<NWH/	H6037
<NWH=/	H6038
<NWQ/	H6061
<NWT/	H6039
<PJ/	H6074
<PL/	H2914
<PL[	H6075
<PNJ/	H6078
<PR/	H6083
<PR=/	H6082
<PR==/	H6081
<PRH/	H6084
<PRH=/	H6084
<PRH==/	H6084
<PRT/	H5777
<PRWN/	H6085
<PRWN=/	H6085
<QB/	H6118
<QB=/	H6119
<QB==/	H6121
<QBH/	H6122
<QB[	H3290
<QC/	H6141
<QC=/	H6141
<QCWT/	H6143
<QD/	H6124
<QD[	H6123
<QH/	H6125
<QLQL/	H6128
<QLTWN/	H6129
<QL[	H6127
<QN/	H6130
<QR/	H6135
<QR=/	H6133
<QR==/	H6133
<QRB/	H6137
<QRWN/	H6138
<QRWNJ/	H6139
<QR[	H6131
<QWB/	H6126
<R/	H6144
<R<R/	H6199
<R<RJ/	H6200
<R<WR/	H6177
<R=/	H6147
<R==/	H6144
<RB/	H6153
<RB=/	H6157
<RB==/	H6154
<RB===/	H6158
<RB====/	H6154
<RB=====/	H6151
<RB======/	H6158
<RB=======/	H6149
<RB========/	H6153
<RB=[	H6150
<RBH/	H6160
<RBH=/	H6160
<RBH==/	H6161
<RBJ/	H6163
<RBJ=/	H6163
<RBTJ/	H6164
<RBWN/	H6162
<RB[	H6148
<RD/	H6166
<RD=/	H6166
<RF/	H6210
<RG[	H6165
<RH/	H6168
<RH[	H6168
<RJ/	H6179
<RJ=/	H6179
<RJH/	H6181
<RJRJ/	H6185
<RJSH/	H6182
<RJY/	H6184
<RK/	H6187
<RK[	H6186
<RL/	H6189
<RLH/	H6190
<RL[	H6188
<RMH/	H6195
<RMH=/	H6195
<RMWN/	H6196
<RM[	H6192
<RN/	H6197
<RNJ/	H6198
<RP/	H6203
<RP=[	H6202
<RPH/	H6204
<RPL/	H6205
<RP[	H6201
<RQJ/	H6208
<RQ[	H6207
<RR[	H6209
<RW<R=/	H6177
<RWD/	H6171
<RWGH/	H6170
<RWH/	H6172
<RWM/	H6174
<RWM=/	H6175
<RWY/	H6178
<RY[	H6206
<SJS/	H6071
<SS[	H6072
<T/	H6256
<TD[	H6257
<TH	H6258
<TJ/	H6261
<TJD/	H6264
<TJH/	H6265
<TJQ/	H6267
<TJQ=/	H6266
<TK/	H6269
<TLJ/	H6270
<TLJH/	H6271
<TM[	H6272
<TNJ/	H6273
<TNJ>L/	H6274
<TQ/	H6277
<TQ=/	H6276
<TQ[	H6275
<TR/	H6282
<TR=/	H6281
<TRT/	H6283
<TR[	H6279
<TWD/	H6260
<TWD=/	H6260
<V/	H5842
<VH/	H5844
<VH=[	H5844
<VH[	H5844
<VJCH/	H5846
<VJN/	H5845
<VLP/	H5847
<VP=[	H5848
<VP[	H5848
<VRH/	H5850
<VRH=/	H5850
<VRWT/	H5852
<VRWT_>DR/	H5853
<VRWT_BJT_JW>B/	H5854
<VRWT_CWPN/	H5855
<VR[	H5849
<VWP/	H5848
<WBD/	H5744
<WBL/	H5745
<WB[	H5743
<WC[	H5789
<WD/	H5750
<WD[	H5749
<WG/	H5747
<WGB/	H5748
<WH/	H5754
<WH=/	H5754
<WJ/	H5757
<WJL/	H5760
<WJT/	H5762
<WL/	H5763
<WL=/	H5766
<WL==/	H5767
<WLH/	H5930
<WLL/	H5921
<WLL=/	H5768
<WLM/	H5769
<WL[	H5763
<WN/	H5771
<WP/	H5775
<WP[	H5774
<WQ[	H5781
<WR/	H5787
<WR=/	H5785
<WR=[	H5786
<WRT/	H5788
<WRWN/	H5788
<WR[	H5782
<WTH/	H5792
<WTJ/	H5793
<WY/	H5780
<WY=/	H5780
<WY[	H5779
<WZ[	H5756
<Y/	H6086
<YB/	H6091
<YB=/	H6089
<YB==/	H6090
<YB===/	H6090
<YB====/	H6089
<YBT/	H6094
<YBWN/	H6093
<YB[	H6087
<YH/	H6098
<YH=/	H6098
<YH==/	H6096
<YH===/	H6098
<YJWN_GBR/	H6100
<YL/	H6102
<YLH/	H6103
<YLWT/	H6104
<YL[	H6101
<YM/	H6106
<YM=/	H6108
<YM==/	H6108
<YM===/	H6106
<YMH/	H4100
<YMWN/	H6111
<YM[	H6105
<YR/	H6115
<YR=/	H6114
<YRH/	H6116
<YRT/	H6116
<YR[	H6113
<YWM/	H6099
<Z/	H5797
<Z=/	H5797
<Z==/	H5795
<Z===/	H5794
<Z====/	H5794
<Z>/	H5798
<Z>ZL/	H5799
<ZB=[	H5800
<ZBWQ/	H5802
<ZB[	H5800
<ZGD/	H5803
<ZH/	H5804
<ZH=/	H5804
<ZJ/	H5813
<ZJ>/	H5814
<ZJ>L/	H5816
<ZJ>L=/	H5815
<ZJ>LJ/	H5817
<ZJH/	H5818
<ZJZ>/	H5819
<ZMWT/	H5820
<ZN/	H5821
<ZNJH/	H5822
<ZQH/	H5825
<ZQ[	H5823
<ZR/	H5828
<ZR=/	H5828
<ZR>/	H5830
<ZR>L/	H5832
<ZRH/	H5833
<ZRH=/	H5835
<ZRH==/	H5833
<ZRJ/	H5836
<ZRJ=/	H5836
<ZRJ>L/	H5837
<ZRJH/	H5838
<ZRJQM/	H5840
<ZR[	H5826
<ZTJ/	H5841
<ZWBH/	H5806
<ZWR/	H5809
<ZWZ/	H5807
<ZWZ=/	H5808
<ZZ/	H5811
<ZZJHW/	H5812
<ZZ[	H5810
></	H0636
>B/	H0001
>B<B<T/	H0076
>B=/	H0003
>BDH/	H0009
>BDH=/	H0009
>BDN/	H0012
>BDWN/	H0011
>BD[	H0006
>BGT>/	H0005
>BH/	H0016
>BH[	H0014
>BJ/	H0021
>BJ<ZR/	H0044
>BJ>L/	H0022
>BJ>SP/	H0023
>BJB/	H0024
>BJCG/	H0049
>BJCJ/	H0052
>BJCLWM/	H0053
>BJCW</	H0050
>BJCWR/	H0051
>BJD</	H0028
>BJDN/	H0027
>BJGJL/	H0026
>BJH/	H0029
>BJHJL/	H0032
>BJHW>/	H0030
>BJHWD/	H0031
>BJM/	H0038
>BJM>L/	H0039
>BJMLK/	H0040
>BJN<M/	H0042
>BJNDB/	H0041
>BJR/	H0047
>BJR=/	H0046
>BJRM/	H0048
>BJSP/	H0043
>BJTR/	H0054
>BJVL/	H0037
>BJVWB/	H0036
>BJWN/	H0034
>BJWNH/	H0035
>BK[	H0055
>BL	H0061
>BL/	H0057
>BL=/	H0057
>BL==/	H0060
>BL===/	H0057
>BL[	H0056
>BL_BJT_M<KH/	H1004
>BL_HCVJM/	H0063
>BL_KRMJM/	H0064
>BL_MJM/	H0066
>BL_MXWLH/	H0065
>BL_MYRJM/	H0067
>BN/	H0068
>BN=/	H0070
>BNR/	H0074
>BNV/	H0073
>BN_H<ZR/	H0072
>BQ/	H0080
>BQH/	H0081
>BR/	H0083
>BRH/	H0084
>BRHM/	H0085
>BRK	H0086
>BRM/	H0087
>BS[	H0075
>BT/	H0088
>BVJX/	H0020
>BWJ/	H0017
>BWS/	H0018
>BXH/	H0019
>BY/	H0077
>BYN/	H0078
>C/	H0784
>C<N/	H0824
>C=/	H0786
>CB</	H0791
>CB<L/	H0792
>CBL/	H0788
>CBLJ/	H0789
>CBN/	H0790
>CD/	H0794
>CDWD/	H0795
>CDWDJ/	H0796
>CH/	H0802
>CH=/	H0801
>CJCH/	H0809
>CJM>/	H0807
>CK/	H0810
>CKL/	H0812
>CKL=/	H0812
>CKNZ/	H0813
>CKR/	H0814
>CKWL/	H0811
>CL/	H0815
>CM/	H0817
>CM=/	H0818
>CMH/	H0819
>CM[	H0816
>CNB/	H0822
>CNH/	H0823
>CP/	H0825
>CPH/	H0827
>CPNZ/	H0828
>CPR/	H0829
>CPT/	H0830
>CQLWN/	H0831
>CQLWNJ/	H0832
>CR	H0834
>CR=/	H0835
>CR==/	H0836
>CR===/	H0837
>CR=[	H0836
>CRH/	H0842
>CRJ/	H0843
>CR[	H0834
>CT>L/	H0847
>CT>LJ/	H0848
>CTDWR/	H0849
>CTM</	H0851
>CTWN/	H0850
>CWR/	H0804
>CWR=/	H0804
>CWR==/	H0804
>CWRJ/	H0805
>CWRJM/	H0805
>CXWR/	H0806
>D/	H0108
>DB>L/	H0110
>DB[	H0109
>DC[	H0156
>DD/	H0111
>DJN	H0116
>DJR/	H0117
>DLJ>/	H0118
>DM/	H0120
>DM=/	H0122
>DM==/	H0124
>DM===/	H0120
>DM====/	H0120
>DMDM/	H0125
>DMH/	H0127
>DMH=/	H0126
>DMH==/	H0127
>DMJ_HNQB/	H5346
>DMNJ/	H0132
>DMT>/	H0133
>DM[	H0119
>DN/	H0134
>DN=/	H0135
>DNJ/	H0136
>DNJH/	H0138
>DNJQM/	H0140
>DNJRM/	H0141
>DNJ_BZQ/	H0137
>DNJ_YDQ/	H0139
>DR/	H0145
>DR</	H0153
>DR<J/	H0154
>DR=/	H0144
>DR==/	H0146
>DR===/	H0146
>DRGZR/	H0148
>DRM/	H0151
>DRMLK/	H0152
>DRMLK=/	H0152
>DRT/	H0155
>DRZD>	H0149
>DR[	H0142
>DW/	H0112
>DWM/	H0123
>DWN/	H0113
>DWRJM/	H0115
>FR>L/	H0840
>FR>LH/	H0841
>FRJ>L/	H0844
>FRJ>LJ/	H0845
>G>/	H0089
>GDH/	H0092
>GG/	H0090
>GGJ/	H0091
>GL/	H0096
>GLJM/	H0097
>GM/	H0098
>GM=/	H0099
>GMWN/	H0100
>GN/	H0101
>GP/	H0102
>GRP/	H0106
>GRT/	H0107
>GRVL/	H0105
>GR[	H0103
>GWR/	H0094
>GWRH/	H0095
>GWZ/	H0093
>HB/	H0159
>HB=/	H0158
>HBH/	H0160
>HB[	H0157
>HD/	H0161
>HH	H0162
>HJ	H0165
>HL/	H0168
>HL=/	H0168
>HL==/	H0174
>HLH/	H0170
>HLJ>B/	H0171
>HLJBH/	H0172
>HLJBMH/	H0173
>HLJBMH=/	H0173
>HL[	H0167
>HRN/	H0175
>HW>/	H0163
>HWD/	H0164
>J/	H0339
>J<ZR/	H0372
>J<ZRJ/	H0373
>J=	H0339
>J=/	H0339
>J==	H0339
>JBH/	H0342
>JB[	H0341
>JC/	H0376
>JCHWD/	H0379
>JCWN/	H0380
>JC_BCT/	H0376
>JD/	H0343
>JH	H0346
>JH/	H0345
>JH=/	H0345
>JK	H0349
>JKH	H0349
>JKH=	H0351
>JL/	H0354
>JL=/	H0352
>JL==/	H0352
>JL===/	H0352
>JL====/	H0353
>JLH/	H0355
>JLM/	H0361
>JLM=/	H0362
>JLN/	H0363
>JLT/	H0359
>JLT=/	H0365
>JLWN/	H0356
>JLWN=/	H0356
>JLWN==/	H0357
>JLWT/	H0360
>JL_P>RN/	H0364
>JM/	H0366
>JMH/	H0367
>JMJ/	H0368
>JN	H0369
>JN/	H0369
>JN=	H0371
>JPH	H0375
>JPH/	H0374
>JTJ/	H0383
>JTJ>L/	H0384
>JTMR/	H0385
>JTN/	H0386
>JTN=/	H0386
>JWB/	H0347
>JZBL/	H0348
>K	H0389
>KCP/	H0407
>KD/	H0390
>KJC/	H0397
>KJLH/	H0396
>KL/	H0400
>KL=/	H0401
>KLH/	H0402
>KL[	H0398
>KN	H0403
>KP/	H0405
>KR/	H0406
>KZB/	H0391
>KZJB/	H0392
>KZR/	H0393
>KZRJ/	H0394
>KZRJWT/	H0395
>L	H0413
>L/	H0413
>L<D/	H0496
>L<DH/	H0497
>L<FH/	H0501
>L<WZJ/	H0498
>L<ZR/	H0499
>L=	H0408
>L=/	H0408
>L==	H0408
>L==/	H0413
>L===	H0413
>L>/	H0414
>LD<H/	H0420
>LDD/	H0419
>LGBJC/	H0417
>LH	H0428
>LH/	H0424
>LH=/	H0423
>LH==/	H0427
>LH===/	H0424
>LHJM/	H0430
>LJ<M/	H0463
>LJ<ZR/	H0461
>LJ>B/	H0446
>LJ>L/	H0447
>LJ>TH/	H0448
>LJC</	H0477
>LJCB</	H0472
>LJCH/	H0473
>LJCJB/	H0475
>LJCM</	H0476
>LJCPV/	H0478
>LJCW</	H0474
>LJD</	H0450
>LJDD/	H0449
>LJH/	H0451
>LJH=/	H0452
>LJHW/	H0413
>LJHW<JNJ/	H0454
>LJHW=/	H0453
>LJHW>/	H1931
>LJL/	H0457
>LJMLK/	H0458
>LJN	H0459
>LJPL/	H0465
>LJPLHW/	H0466
>LJPLV/	H0467
>LJPZ/	H0464
>LJQ>/	H0470
>LJQJM/	H0471
>LJSP/	H0460
>LJW<JNJ/	H0413
>LJXB>/	H0455
>LJXRP/	H0456
>LJYPN/	H0469
>LJYWR/	H0468
>LK	H0479
>LLJ	H0480
>LM/	H0483
>LM=/	H0482
>LMGJM/	H0484
>LMH/	H0485
>LMLK/	H0487
>LMN/	H0489
>LMN=/	H0488
>LMNH/	H0490
>LMNJ/	H0492
>LMNWT/	H0491
>LMWDD/	H0486
>LN<M/	H0493
>LNJ/	H0440
>LNTN/	H0494
>LP/	H0505
>LP<L/	H0508
>LP=/	H0505
>LP==/	H0505
>LP===/	H0505
>LPLV/	H0413
>LQCJ/	H0512
>LQNH/	H0511
>LQWM/	H0510
>LSR/	H0495
>LTQ>/	H0514
>LTQN/	H0515
>LTWLD/	H0513
>LW	H0432
>LWC/	H0442
>LWH/	H0433
>LWL/	H0435
>LWN/	H0436
>LWN==/	H0356
>LWP/	H0441
>LWP=/	H0441
>LXNN/	H0445
>LX[	H0444
>LY[	H0509
>LZBD/	H0443
>M	H0518
>M/	H0517
>MC/	H0570
>MH/	H0519
>MH=/	H0520
>MH==/	H0524
>MH===/	H0520
>MH====/	H0520
>MJ/	H0532
>MJR/	H0534
>MJY/	H0533
>MLL/	H0537
>MLL=/	H0536
>ML[	H0535
>MM/	H0538
>MN	H0543
>MN/	H0529
>MN=/	H0544
>MNH	H0546
>MNH/	H0547
>MNH==/	H0548
>MNH===/	H0548
>MNM=	H0552
>MNWN/	H0550
>MN[	H0539
>MR/	H0561
>MR=/	H0562
>MR==/	H0561
>MR===/	H0564
>MRH/	H0565
>MRJ/	H0567
>MRJ=/	H0566
>MRJH/	H0568
>MRPL/	H0569
>MR[	H0559
>MT/	H0571
>MTJ/	H0573
>MTXT/	H0572
>MWNH/	H0530
>MWY/	H0531
>MY/	H0555
>MY=/	H0554
>MYH/	H0556
>MYJ/	H0557
>MYJH/	H0558
>MY[	H0553
>N	H0575
>N/	H0204
>N>	H0577
>NC/	H0606
>NH/	H0205
>NH[	H0579
>NJ	H0589
>NJ/	H0590
>NJ<M/	H0593
>NJH/	H0591
>NJH=/	H0592
>NK/	H0594
>NKJ	H0595
>NN[	H0596
>NP/	H0600
>NPH/	H0601
>NP[	H0599
>NQH/	H0604
>NQH=/	H0604
>NQ[	H0602
>NTH	H0607
>NTWN	H0608
>NWC/	H0376
>NWC==/	H0583
>NWN	H0581
>NXH/	H0585
>NXN>	H0586
>NXNW	H0587
>NXRT/	H0588
>NX[	H0584
>P	H0639
>P/	H0639
>P</	H0659
>P<H/	H0660
>PD/	H0641
>PD=/	H0641
>PDH/	H0642
>PDN/	H0643
>PD[	H0640
>PH/	H0644
>PH[	H0644
>PJL/	H0648
>PJM/	H0649
>PJQ/	H0650
>PJQ=/	H0650
>PJQ==/	H0663
>PJX/	H0647
>PL/	H0651
>PL=/	H0652
>PLH/	H0653
>PLL/	H0654
>PN/	H0655
>PP[	H0661
>PQ/	H0663
>PQH/	H0664
>PQ[	H0662
>PR/	H0665
>PR=/	H0666
>PRJM/	H0669
>PRJWN/	H0668
>PRSJ/	H0670
>PRSKJ/	H0671
>PRT/	H0672
>PRTJ/	H0673
>PRX/	H0667
>PS/	H0657
>PS[	H0656
>PS_DMJM/	H0658
>PTM/	H0674
>PW	H0645
>QDX/	H0688
>QW/	H0689
>R</	H0772
>R>/	H0690
>R>L/	H0691
>R>LJ/	H0692
>R>LJ=/	H0692
>RB/	H0696
>RB</	H0702
>RB=/	H0695
>RB==/	H0694
>RBH/	H0697
>RBH=/	H0699
>RBH==/	H7227
>RBJ/	H0701
>RBWT/	H0700
>RB[	H0693
>RCT/	H0782
>RD/	H0714
>RDJ/	H0716
>RDJ=/	H0716
>RDWN/	H0715
>RF[	H0781
>RG/	H0708
>RGB/	H0709
>RGMN/	H0713
>RGWN/	H0710
>RGZ/	H0712
>RG[	H0707
>RH[	H0717
>RJ/	H0738
>RJ=/	H0738
>RJ>L/	H0739
>RJ>L=/	H0739
>RJ>L==/	H0739
>RJDT>/	H0743
>RJH/	H0745
>RJH=/	H0745
>RJSJ/	H0747
>RJWK/	H0746
>RK/	H0750
>RK=/	H0753
>RK==/	H0752
>RK===/	H0751
>RKBH/	H0755
>RKJ/	H0757
>RKWJ/	H0756
>RK[	H0748
>RM/	H0758
>RMJ/	H0761
>RMJ=/	H0761
>RMNJ/	H0764
>RMWN/	H0759
>RN/	H0767
>RN=/	H0765
>RN==/	H0767
>RNBT/	H0768
>RNN/	H0770
>RNWN/	H0769
>RPD/	H0774
>RPKCD/	H0775
>RQ/	H0778
>RRV/	H0780
>RR[	H0779
>RTXCFT>/	H0783
>RW	H0718
>RWD=/	H0719
>RWDJ/	H0721
>RWDJ=/	H0722
>RWDJ==/	H0722
>RWH/	H0723
>RWKH/	H0724
>RWMH/	H0725
>RWN/	H0727
>RWNH/	H0728
>RX/	H0734
>RX=/	H0732
>RXH/	H0736
>RXH=/	H0737
>RX[	H0732
>RY/	H0776
>RY>/	H0777
>RZ/	H0730
>RZH/	H0731
>S>/	H0609
>SJP/	H0614
>SJR/	H0615
>SJR=/	H0617
>SJR==/	H0617
>SM/	H0618
>SNH/	H0619
>SNPR/	H0620
>SNT/	H0621
>SP/	H0625
>SP==/	H0623
>SPH/	H0626
>SPH=/	H0627
>SPRN>	H0629
>SPSP/	H0628
>SPT>/	H0630
>SP[	H0622
>SR[	H0631
>STR/	H0635
>SWK/	H0610
>SWN/	H0611
>SWR/	H0612
>T	H0853
>T/	H0853
>T=	H0859
>T==	H0853
>TB<L/	H0856
>TH	H0859
>TH[	H0857
>TJ/	H0863
>TM	H0864
>TM/	H0864
>TMWL/	H0853
>TN	H0853
>TNH	H0853
>TNH/	H0866
>TNJ/	H0867
>TNN/	H0868
>TNN=/	H0853
>TR/	H0870
>TRJM/	H0871
>V/	H0328
>VD/	H0329
>VM[	H0331
>VR/	H0334
>VR=/	H0333
>VWN/	H0330
>W	H0176
>W>L/	H0177
>WB/	H0178
>WB=/	H0178
>WBJL/	H0179
>WD/	H0181
>WDWT/	H0182
>WH/	H0185
>WH[	H0183
>WJ	H0188
>WJ/	H0189
>WJH	H0190
>WJL/	H0191
>WJL_MRDK/	H0192
>WL/	H0352
>WLJ	H0194
>WLJ/	H0196
>WLJ=/	H0194
>WLM	H0199
>WLM/	H0199
>WLT/	H0200
>WMR/	H0201
>WN=/	H0205
>WN===/	H0203
>WN====/	H0205
>WNM/	H0208
>WNN/	H0209
>WNW/	H0207
>WPJR/	H0211
>WPJR=/	H0211
>WPN/	H0212
>WPZ/	H0210
>WR/	H0216
>WR=/	H0218
>WR==/	H0218
>WR===/	H0218
>WR====/	H0218
>WRJ/	H0221
>WRJ>L/	H0222
>WRJH/	H0223
>WR[	H0215
>WT/	H0226
>WT[	H0225
>WYR/	H0214
>WY[	H0213
>WZJ/	H0186
>WZL/	H0187
>X	H0251
>X/	H0251
>X=/	H0255
>X==/	H0251
>X>B/	H0256
>XBN/	H0257
>XCTRJ/	H0326
>XCTRN/	H0327
>XCWRWC/	H0325
>XD/	H0259
>XJ/	H0278
>XJ<ZR/	H0295
>XJ=/	H0277
>XJ>M/	H0279
>XJCR/	H0301
>XJCXR/	H0300
>XJDH/	H0280
>XJH/	H0281
>XJHWD/	H0282
>XJLWD/	H0286
>XJM<Y/	H0290
>XJMLK/	H0288
>XJMN/	H0289
>XJMWT/	H0287
>XJN/	H0291
>XJN<M/	H0293
>XJNDB/	H0292
>XJQM/	H0296
>XJR</	H0299
>XJRM/	H0297
>XJRMJ/	H0298
>XJSMK/	H0294
>XJTPL/	H0302
>XJVWB/	H0285
>XJW/	H0283
>XJXD/	H0284
>XLB/	H0303
>XLJ	H0305
>XLMH/	H0306
>XMT>/	H0307
>XR/	H0310
>XR=/	H0312
>XR==/	H0312
>XRJ/	H0317
>XRJ=/	H0317
>XRJN	H0318
>XRJT/	H0319
>XRN/	H0321
>XRNJT	H0322
>XRWN/	H0314
>XRX/	H0315
>XRXL/	H0316
>XR[	H0309
>XSBJ/	H0308
>XW/	H0260
>XWD/	H0261
>XWH/	H0263
>XWH=/	H0262
>XWMJ/	H0267
>XWR/	H0268
>XWT/	H0269
>XWX/	H0265
>XWXJ/	H0266
>XZ=/	H0271
>XZ=[	H0270
>XZH/	H0272
>XZJ/	H0273
>XZJH/	H0274
>XZM/	H0275
>XZT/	H0276
>XZ[	H0270
>Y<DH/	H0685
>YB</	H0676
>YBWN/	H0675
>YJL/	H0678
>YJL=/	H0678
>YJL==/	H0679
>YL/	H0681
>YL=/	H0682
>YL==/	H0680
>YLJHW/	H0683
>YL[	H0680
>YM/	H0684
>YR/	H0687
>Z	H0227
>ZBJ/	H0229
>ZJ	H0233
>ZKRH/	H0234
>ZL/	H0237
>ZL[	H0235
>ZN/	H0241
>ZN=/	H0240
>ZNJ/	H0244
>ZNJ=/	H0244
>ZNJH/	H0245
>ZNWT_TBWR/	H0243
>ZN[	H0238
>ZN_C>RH/	H0242
>ZQJM/	H0246
>ZRX/	H0249
>ZRXJ/	H0250
>ZR[	H0247
>ZWB/	H0231
>ZWR/	H0232
B<C>/	H1201
B<CTRH/	H1203
B<D/	H1157
B<FJH/	H1202
B<H[	H1158
B<JR/	H1165
B<L/	H1167
B<L=/	H1166
B<L==/	H1167
B<LH/	H1173
B<LH=/	H1173
B<LJD</	H1182
B<LJH/	H1183
B<LJS/	H1185
B<LJ_JHWDH/	H1184
B<LT/	H1191
B<LT_B>R/	H1192
B<LWT/	H1175
B<L_BRJT/	H1170
B<L_CLCH/	H1190
B<L_GD/	H1171
B<L_HMWN/	H1174
B<L_M<WN/	H1186
B<L_P<WR/	H1187
B<L_PRYJM/	H1188
B<L_TMR/	H1193
B<L_XNN/	H1177
B<L_XRMWN/	H1179
B<L_XYWR/	H1178
B<N/	H1194
B<N>/	H1195
B<NH/	H1196
B<R/	H1198
B<R>/	H1199
B<RH/	H1200
B<R[	H1197
B<TH/	H1205
B<T[	H1204
B<V[	H1163
B<W/	H1159
B<WR/	H1160
B<Z/	H1162
B>C/	H0889
B>CH/	H0890
B>C[	H0887
B>H/	H0872
B>R/	H0875
B>R=/	H0875
B>R>/	H0878
B>RH/	H0880
B>RJ/	H0882
B>RTJ/	H0886
B>RT_BNJ_J<QN/	H0885
B>RWT/	H0881
B>R[	H0874
BBH/	H0892
BBJ/	H0893
BBL/	H0894
BBLJ/	H0896
BCL/	H1311
BCLM/	H1312
BCL[	H1310
BCN/	H1316
BCNH/	H1317
BCS[	H1318
BCT/	H1322
BD/	H0905
BD=/	H0905
BD>[	H0908
BDD/	H0910
BDD=/	H0911
BDJH/	H0912
BDJL/	H0913
BDJL=/	H0913
BDL/	H0915
BDLX/	H0916
BDL[	H0914
BDN/	H0917
BDQ/	H0919
BDQR/	H0920
BDR[	H0921
BFM/	H1314
BFMT/	H1315
BFR/	H1320
BFWR/	H1308
BGD/	H0899
BGD=/	H0899
BGDWT/	H0900
BGT>/	H0903
BGTN/	H0904
BGWD/	H0901
BGWJ/	H0902
BHJLW/	H0924
BHJR/	H0925
BHLH/	H0928
BHL[	H0926
BHMH/	H0929
BHMWT/	H0930
BHN/	H0931
BHN=/	H0932
BHQ/	H0933
BHRT/	H0934
BHV/	H0923
BHW/	H0922
BHWN/	H0931
BJ	H0994
BJN/	H0996
BJNH/	H0998
BJRH/	H1002
BJT/	H1004
BJTN/	H1055
BJT_<NT/	H1043
BJT_<NWT/	H1042
BJT_<QD/	H1044
BJT_<ZMWT/	H1041
BJT_>L/	H1008
BJT_>RB>L/	H1009
BJT_>WN/	H1007
BJT_B<L_M<WN/	H1010
BJT_BR>J/	H1011
BJT_BRH/	H1012
BJT_C>N/	H1052
BJT_CMC/	H1053
BJT_DBLTJM/	H1015
BJT_DGWN/	H1016
BJT_GMWL/	H1014
BJT_H<MQ/	H1025
BJT_H<RBH/	H1026
BJT_H>YL/	H1018
BJT_HCVH/	H1029
BJT_HJCMWT/	H1020
BJT_HKRM/	H1021
BJT_HMRKBWT/	H1024
BJT_HRM/	H1027
BJT_HRN/	H1028
BJT_KR/	H1033
BJT_LB>WT/	H1034
BJT_LXM/	H1035
BJT_NMRH/	H1039
BJT_P<WR/	H1047
BJT_PLV/	H1046
BJT_PYY/	H1048
BJT_RXWB/	H1050
BJT_TPWX/	H1054
BJT_XGLH/	H1031
BJT_XWRWN/	H1032
BJT_YWR/	H1049
BJYH/	H1000
BK>/	H1057
BKH/	H1059
BKH[	H1058
BKJ/	H1065
BKJM/	H1066
BKJRH/	H1067
BKJT/	H1068
BKR/	H1060
BKR==/	H1070
BKRH/	H1062
BKRH=/	H1072
BKRJ/	H1076
BKRJ=/	H1075
BKRW/	H1074
BKWRH/	H1063
BKWRJM/	H1061
BKWRT/	H1064
BKWT/	H0439
BL	H1077
BL/	H1078
BL</	H1106
BL<=/	H1106
BL<==/	H1106
BL<===/	H1106
BL<DJ	H1107
BL<J/	H1108
BL<M/	H1109
BL<M=/	H1109
BL<[	H1104
BL>DN/	H1081
BLC>YR/	H1113
BLCN/	H1114
BLDD/	H1085
BLGH/	H1083
BLGJ/	H1084
BLG[	H1082
BLH/	H1087
BLH=/	H1086
BLHH/	H1091
BLHH=/	H1090
BLHH==/	H1090
BLHN/	H1092
BLH[	H1086
BLJ/	H1097
BLJ<L/	H1100
BLJL/	H1098
BLL[	H1101
BLM[	H1102
BLQ/	H1111
BLS[	H1103
BLT/	H1115
BLVC>YR/	H1095
BLW/	H1093
BMH/	H1116
BMHL/	H1118
BMWT/	H1120
BMWT_B<L/	H1120
BN/	H1121
BN<>/	H1150
BN=/	H1121
BNH[	H1129
BNJ/	H1137
BNJ=/	H1138
BNJH/	H1140
BNJH=/	H1141
BNJHW/	H1121
BNJM/	H1143
BNJN/	H1147
BNJNW/	H1148
BNJ_BRQ/	H1139
BNJ_J<QN/	H1142
BNS[	H1149
BNWJ/	H1131
BN_>WNJ/	H1126
BN_HDD/	H1121
BQ</	H1235
BQ<H/	H1237
BQ<[	H1234
BQBQ/	H1228
BQBQJH/	H1229
BQBQR/	H1230
BQBWQ/	H1227
BQCH/	H1246
BQC[	H1245
BQJ/	H1231
BQJ</	H1233
BQQ[	H1238
BQR/	H1241
BQR=/	H1242
BQRH/	H1243
BQRT/	H1244
BQR[	H1239
BR/	H1247
BR</	H1298
BR=/	H1252
BR==/	H1247
BR===/	H1247
BR====/	H1247
BR=====/	H1252
BR>==[	H1254
BR>=[	H1254
BR>DK_BL>DN/	H1255
BR>JH/	H1256
BR>[	H1254
BRBR/	H1257
BRC</	H1306
BRD/	H1259
BRD=/	H1261
BRD==/	H1260
BRD===/	H1260
BRH=[	H1262
BRH[	H1262
BRJ/	H1276
BRJ<H/	H1283
BRJ<J/	H1284
BRJ>/	H1277
BRJ>H/	H1278
BRJH/	H1279
BRJT/	H1285
BRJT=/	H1287
BRJX/	H1280
BRJX=/	H1282
BRJX==/	H1282
BRK/	H1290
BRK=[	H1288
BRK>L/	H1292
BRKH/	H1293
BRKH=/	H1295
BRKH==/	H1293
BRKJH/	H1296
BRK[	H1288
BRM	H1297
BRQ/	H1300
BRQ=/	H1300
BRQNJM/	H1303
BRQT/	H1304
BRQT=/	H1304
BRQWS/	H1302
BRR[	H1305
BRTJ/	H1307
BRWC/	H1265
BRWK/	H1263
BRWT/	H1267
BRWTH/	H1268
BRXMJ/	H1273
BRX[	H1272
BRZL/	H1270
BRZLJ/	H1271
BSJ/	H1153
BSR/	H1155
BSWDJH/	H1152
BT/	H1323
BT=/	H1323
BTH/	H1327
BTH=/	H1326
BTJH/	H1332
BTQ[	H1333
BTR/	H1335
BTR=/	H1335
BTRWN/	H1338
BTR[	H1334
BTW>L/	H1328
BTW>L=/	H1328
BTWLH/	H1330
BTWLJM/	H1331
BT_RBJM/	H1337
BV>[	H0981
BVN/	H0990
BVN=/	H0990
BVNH/	H0992
BVNJM/	H0993
BVX/	H0983
BVX=/	H0983
BVXH/	H0985
BVXWN/	H0986
BVXWT/	H0987
BVX[	H0982
BW>[	H0935
BWCH/	H0955
BWC[	H0954
BWJ/	H0942
BWK[	H0943
BWL/	H0945
BWL=/	H0945
BWNH/	H0946
BWQH/	H0950
BWQR/	H0951
BWR/	H0953
BWS[	H0947
BWY/	H0948
BWYY/	H0949
BWZ/	H0938
BWZ=/	H0938
BWZ==/	H0938
BWZH/	H0939
BWZJ/	H0940
BWZJ=/	H0940
BXJR/	H0972
BXL[	H0973
BXN/	H0976
BXN=/	H0975
BXN[	H0974
BXRJM/	H0980
BXRJM=/	H0980
BXR[	H0970
BXWN/	H0969
BXWN=/	H0969
BXWR/	H0970
BY/	H1206
BY</	H1215
BYH/	H1207
BYJ/	H1209
BYJR/	H1210
BYJR=/	H1210
BYL/	H1211
BYL>L/	H1212
BYLWT/	H1213
BYQ/	H1217
BYQT/	H1218
BYQ[	H1216
BYR/	H1221
BYR=/	H1221
BYR==/	H1221
BYR=[	H1219
BYRH=/	H1224
BYRT/	H1226
BYRWN/	H1225
BYR[	H1219
BYWR/	H1219
BZ/	H0957
BZ>[	H0958
BZH/	H0961
BZH[	H0959
BZJWN/	H0963
BZJWTJH/	H0964
BZQ/	H0965
BZQ=/	H0966
BZR[	H0967
BZT>/	H0968
BZZ[	H0962
C<<=[	H8173
C<<[	H8173
C<CGZ/	H8190
C<H/	H8159
C<H[	H8159
C<L/	H8168
C<LBJM/	H8169
C<LBJN/	H8169
C<LBNJ/	H8170
C<LJM/	H8171
C<N[	H8172
C<P/	H8174
C<R/	H8179
C<R=/	H8179
C<R==/	H8182
C<RJH/	H8187
C<RJM/	H8189
C<VH/	H8161
C<VNZ/	H8162
C>B[	H7579
C>GH/	H7581
C>G[	H7580
C>H==[	H7583
C>JH/	H7591
C>L/	H7594
C>LH/	H7596
C>LH=/	H7596
C>LTJ>L/	H7597
C>NN/	H7600
C>N[	H7599
C>P[	H7602
C>R/	H7607
C>R=/	H7605
C>RH/	H7608
C>RH=/	H7609
C>RJT/	H7611
C>R[	H7604
C>R_JCWB/	H7610
C>S[	H7601
C>T/	H7612
C>V/	H7589
C>WL=/	H7586
C>WLJ/	H7587
C>WN/	H7588
C>WN=/	H7588
CB</	H7651
CB<=/	H7651
CB<==/	H7651
CB<H/	H7656
CB<NH/	H7658
CB<[	H7650
CB>/	H7614
CBB/	H7616
CBC[	H7672
CBH[	H7617
CBJ/	H7628
CBJ<J/	H7637
CBJ=/	H7629
CBJB/	H7632
CBJH=/	H7633
CBJL/	H7635
CBJS/	H7636
CBJT/	H7622
CBL/	H7640
CBLT/	H7641
CBLWL/	H7642
CBN>/	H7644
CBNJH/	H7645
CBQ[	H7662
CBR/	H7668
CBR=/	H7668
CBR===/	H7668
CBR=[	H7666
CBRJM/	H7671
CBRWN/	H7670
CBR[	H7665
CBT/	H7676
CBT=/	H7674
CBTJ/	H7678
CBTWN/	H7677
CBT[	H7673
CBV/	H7626
CBV=/	H7627
CBW/	H7618
CBW</	H7620
CBW<H/	H7621
CBW>L/	H7619
CBWR/	H7665
CBWT/	H7622
CBY/	H7661
CBY[	H7660
CC/	H8337
CC=/	H8337
CC==/	H8337
CC>[	H8338
CCBYR/	H8339
CCH[	H8341
CCJ/	H8345
CCJ=/	H8344
CCJ==/	H8343
CCK/	H8347
CCN/	H8348
CCQ/	H8349
CCR/	H8350
CD/	H7701
CD=/	H7699
CD==/	H7700
CD===/	H7701
CDH/	H7705
CDJ/	H7706
CDJ>WR/	H7707
CDMH/	H7709
CDPH/	H7711
CDPWN/	H7711
CDP[	H7710
CDRK/	H7714
CDR[	H7712
CFH[	H8341
CG<WN/	H7697
CG<[	H7696
CGGH/	H7684
CGG[	H7683
CGH[	H7686
CGJ>H/	H7691
CGJWN/	H7692
CGR/	H7698
CGX[	H7688
CHM/	H7718
CHM=/	H7718
CJ/	H7862
CJ>N/	H7866
CJBH/	H7871
CJC/	H7893
CJC>/	H7894
CJCQ/	H7895
CJH[	H7876
CJMWN/	H7889
CJR/	H7892
CJRH/	H7892
CJR[	H7891
CJT/	H7898
CJT=/	H7896
CJT[	H7896
CJV/	H7752
CJXH/	H7882
CJXWR/	H7883
CJXWR_LBNT/	H7884
CJZ>/	H7877
CKBH/	H7902
CKBT/	H7903
CKB[	H7901
CKK[	H7918
CKLJM/	H7923
CKL[	H7921
CKM/	H7926
CKM=/	H7926
CKM==/	H7926
CKM===/	H7928
CKMJ/	H7930
CKM[	H7925
CKN/	H7934
CKNJH/	H7935
CKN[	H7931
CKR=/	H7941
CKR[	H7937
CKWL=/	H7909
CKWR/	H7910
CKX[	H7911
CL/	H7944
CL>NN/	H7946
CLB/	H7948
CLB[	H7947
CLCH/	H8030
CLCH=/	H8031
CLCJM/	H8029
CLCWM/	H8032
CLC[	H8027
CLG/	H7950
CLG=/	H7950
CLH/	H7887
CLH=/	H7956
CLHBT/	H7957
CLJ/	H7987
CLJC/	H7991
CLJC=/	H7991
CLJC==/	H7991
CLJCJ/	H7992
CLJCJT/	H7992
CLJH/	H7988
CLJV/	H7989
CLK/	H7994
CLKT/	H7996
CLKT=/	H7996
CLK[	H7993
CLL/	H7998
CLM/	H8002
CLM=/	H8004
CLM==/	H8006
CLM===/	H8004
CLM====/	H8006
CLMH/	H8011
CLMH=/	H8010
CLMJ/	H8016
CLMJ=/	H8015
CLMJ>L/	H8017
CLMJH/	H8018
CLMJT/	H8019
CLMN/	H8020
CLMN>SR/	H8022
CLMWT/	H8013
CLM[	H7999
CLNJ/	H8024
CLP/	H8026
CLP[	H8025
CLV/	H7982
CLVN/	H7985
CLVN=/	H7985
CLVT/	H7986
CLW/	H7960
CLW=/	H7887
CLWH/	H7962
CLWM/	H7965
CLWM=/	H7966
CLWM==/	H7967
CLWN/	H7968
CLX/	H7974
CLX=/	H7974
CLX==/	H7974
CLX===/	H7975
CLXJ/	H7977
CLXJM/	H7978
CLXJM=/	H7978
CLXN/	H7979
CLX[	H7971
CM	H8033
CM/	H8034
CM</	H8088
CM<=/	H8087
CM<==/	H8089
CM<===/	H8087
CM<====/	H8091
CM<=====/	H8086
CM<>/	H8092
CM<H/	H8094
CM<H=/	H8093
CM<J/	H8096
CM<J=/	H8096
CM<JH/	H8098
CM<NJ/	H8099
CM<T/	H8100
CM<TJ/	H8101
CM<WN/	H8095
CM<[	H8085
CM=/	H8034
CM>/	H8037
CM>BR/	H8038
CM>H/	H8039
CM>M/	H8043
CMC/	H8121
CMCJ/	H8124
CMCRJ/	H8125
CMCWN/	H8123
CMD[	H8045
CMGR/	H8044
CMH/	H8048
CMH=/	H8048
CMHWT/	H8049
CMJ/	H8060
CMJD</	H8061
CMJD<J/	H8062
CMJM/	H8064
CMJN/	H8065
CMJNJ/	H8066
CMJR/	H8069
CMJR=/	H8069
CMJR==/	H8069
CMJR===/	H8069
CMJRMWT/	H8070
CMM/	H8074
CMMH/	H8077
CMMH=/	H8077
CMMWN/	H8078
CMM[	H8074
CMN/	H8081
CMN=/	H8082
CMN==/	H4924
CMNH/	H8083
CMN[	H8080
CMR/	H8106
CMR=/	H8106
CMRH/	H8109
CMRJ/	H8113
CMRJH/	H8114
CMRJM/	H8107
CMRJN/	H8115
CMRJT/	H8116
CMRNJ/	H8117
CMRT/	H8119
CMRWN=/	H8110
CMRWN==/	H8110
CMRWN_MR>WN/	H8112
CMR[	H8104
CMTJ/	H8126
CMVH/	H8059
CMV[	H8058
CMW</	H8051
CMW<H/	H8052
CMW>L/	H8050
CMWT/	H8054
CMY/	H8102
CMYH/	H8103
CN/	H8127
CN<R/	H8152
CN=/	H8127
CN>B/	H8134
CN>N/	H8136
CN>YR/	H8137
CNH/	H8141
CNH=/	H8142
CNHBJM/	H8143
CNH[	H8138
CNJ/	H8145
CNJ=/	H8144
CNJM/	H8147
CNJNH/	H8148
CNN=[	H8150
CNN[	H8150
CNS[	H8151
CP</	H8228
CP<H/	H8229
CP<J/	H8230
CPJ/	H8205
CPJ=/	H8205
CPJM/	H8206
CPJPN/	H8207
CPJR/	H8208
CPK/	H8211
CPKH/	H8212
CPK[	H8210
CPL/	H8217
CPL==/	H8213
CPLH/	H8218
CPLH=/	H8219
CPLWT/	H8220
CPM/	H8221
CPM=/	H8223
CPMJ/	H8225
CPN/	H8227
CPN=/	H8227
CPR/	H8233
CPR=/	H8233
CPRH/	H8236
CPRH=/	H8236
CPRPR/	H8238
CPV/	H8201
CPV=/	H8202
CPVJH/	H8203
CPVN/	H8204
CPV[	H8199
CPW/	H8195
CPWPM/	H8197
CPWV/	H8196
CPXH/	H8198
CQ/	H8243
CQ<RWRH/	H8258
CQ<[	H8257
CQD/	H8247
CQH[	H8248
CQL/	H8255
CQMH/	H8256
CQP[	H8259
CQQ[	H8264
CQR/	H8267
CQR[	H8266
CQT/	H8268
CQV/	H8253
CQV[	H8252
CQWJ/	H8250
CQWY/	H8251
CQY/	H8263
CQY[	H8262
CR/	H8270
CRB/	H8273
CRBJH/	H8274
CRBJV/	H8275
CRC/	H8330
CRC=/	H8328
CRCRH/	H8333
CRH/	H8284
CRJ/	H8298
CRJH/	H8304
CRJR/	H8306
CRQH/	H8322
CRQH=/	H8322
CRT/	H8335
CRT[	H8334
CRWN/	H8289
CRWNJ/	H8290
CRWXN/	H8287
CRY/	H8318
CS</	H8157
CSH[	H8154
CSP[	H8158
CSS[	H8155
CT/	H8352
CT=/	H8352
CT==/	H8352
CTH[	H8354
CTJ/	H8359
CTJ=/	H8359
CTJH/	H8360
CTJN/	H8361
CTLXJ/	H8364
CTM/	H8365
CTN[	H8366
CTQ[	H8367
CTR/	H8369
CTR_BWZNJ/	H8370
CTT/	H8371
CVH/	H7848
CVJM/	H7851
CVP/	H7858
CVP[	H7857
CVR[	H7860
CVV/	H7850
CVX[	H7849
CW<=/	H7770
CW<==/	H7773
CW<===/	H7770
CW<>/	H7774
CW<H/	H7775
CW<L/	H7776
CW<L=/	H7776
CW<L==/	H7776
CW<R/	H7778
CW>/	H7723
CW>==/	H7864
CWB=[	H7725
CWBH/	H7729
CWBL/	H7732
CWBQ/	H7733
CWB[	H7725
CWC>/	H7798
CWCN/	H7799
CWCN=/	H7799
CWCNKJ/	H7801
CWH/	H7740
CWH=/	H7740
CWL/	H7757
CWLL/	H7758
CWMJM/	H7762
CWMR/	H7763
CWNJ/	H7764
CWNJ=/	H7764
CWNM/	H7766
CWP=[	H7779
CWPK/	H7780
CWPMJ/	H7781
CWPR/	H7782
CWP[	H7779
CWQ/	H7785
CWQ=/	H7783
CWR/	H7794
CWR=/	H7793
CWR==/	H7793
CWRH/	H7795
CWTLX/	H7803
CWV[	H7751
CWX/	H7744
CWXH/	H7746
CWXH=/	H7746
CWXJ/	H7747
CWXM/	H7748
CWXMJ/	H7749
CX/	H7807
CXD/	H7810
CXJN/	H7822
CXJS/	H7823
CXJT/	H7825
CXJVH/	H7821
CXL/	H7826
CXLT/	H7827
CXP/	H7828
CXPT/	H7829
CXQ/	H7834
CXQ[	H7833
CXR/	H7837
CXR=/	H7838
CXRJH/	H7841
CXRJM/	H7842
CXRWT/	H7839
CXT/	H7845
CXT[	H7843
CXV[	H7819
CXWR/	H7815
CXWT/	H7816
CXX[	H7817
CXY/	H7830
CYP/	H8241
CZP[	H7805
CZR[	H7806
D</	H1843
D<H/	H1844
D<K[	H1846
D<T/	H1847
D<W>L/	H1845
D>	H1668
D>BH/	H1670
D>BWN/	H1671
D>B[	H1669
D>G/	H1673
D>GH/	H1674
D>H/	H1676
D>H[	H1675
D>R/	H1756
DB/	H1677
DB>/	H1679
DBB[	H1680
DBC/	H1706
DBCT/	H1708
DBCT=/	H1708
DBH/	H1681
DBJR/	H1688
DBJR=/	H1688
DBLH/	H1690
DBLH=/	H1689
DBLJM/	H1691
DBQ/	H1694
DBQ=/	H1695
DBQ[	H1692
DBR/	H1697
DBR=/	H1698
DBR==/	H1699
DBR===/	H1698
DBR=====/	H1688
DBRH/	H1700
DBRJ/	H1704
DBRT/	H1705
DBRT=/	H1705
DBR[	H1696
DBWRH/	H1682
DBWRH=/	H1683
DBX/	H1684
DC>/	H1877
DCN/	H1880
DCN=/	H1878
DCN[	H1878
DD/	H1717
DDH[	H1718
DDN/	H1719
DDNJ=/	H1721
DG/	H1709
DGH/	H1710
DGH[	H1711
DGL/	H1714
DGN/	H1715
DGR[	H1716
DGWN/	H1712
DHB/	H1722
DHM[	H1724
DHRH/	H1726
DHR[	H1725
DJ	H1768
DJ/	H1767
DJBN/	H1769
DJC/	H1786
DJCN/	H1789
DJCWN/	H1788
DJCWN=/	H1787
DJG/	H1771
DJH/	H1772
DJMWN/	H1775
DJMWNH/	H1776
DJN/	H1777
DJN=/	H1781
DJNH/	H1783
DJNJ/	H1784
DJQ/	H1785
DJW/	H1773
DJ_ZHB/	H1774
DK	H1791
DK/	H1790
DK>/	H1793
DKH/	H1795
DKJ/	H1796
DKN	H1797
DKR/	H1798
DKRWN/	H1799
DL/	H1800
DL<N/	H1810
DL=/	H1800
DLG[	H1801
DLH/	H1803
DLH=/	H1803
DLH[	H1802
DLJ/	H1805
DLJH/	H1806
DLJLH/	H1807
DLL[	H1809
DLP/	H1812
DLPWN/	H1813
DLQT/	H1816
DLQ[	H1814
DLT/	H1817
DLX[	H1804
DM/	H1818
DM</	H1831
DM<H/	H1832
DMCQ/	H1833
DMFQ/	H1834
DMH[	H1819
DMJ/	H1824
DMJ=/	H1824
DMMH/	H1827
DMM[	H1826
DMN/	H1828
DMNH/	H1829
DMWT/	H1823
DN/	H1835
DNH	H1837
DNH/	H1837
DNHBH/	H1838
DNJ/	H1839
DNJ>L/	H1841
DPJ/	H1848
DPQH/	H1850
DPQ[	H1849
DQ/	H1851
DQ=/	H1852
DQLH/	H1853
DQQ[	H1854
DQR/	H1856
DQR[	H1856
DR/	H1858
DR>WN/	H1860
DRC[	H1875
DRD</	H1862
DRDR/	H1863
DRK/	H1870
DRK[	H1869
DRQWN/	H1874
DRWM/	H1864
DRWR/	H1865
DRWR=/	H1865
DT/	H1882
DT>/	H1883
DTBR/	H1884
DTN/	H1886
DTN=/	H1885
DWB[	H1727
DWC[	H1758
DWD/	H1730
DWD=/	H1731
DWD==/	H1732
DWDH/	H1733
DWDJ=/	H1736
DWDW/	H1734
DWG/	H1728
DWGH/	H1729
DWH/	H1739
DWJ/	H1741
DWJ=/	H1742
DWKJPT/	H1744
DWK[	H1743
DWMH/	H1746
DWMH=/	H1746
DWMJH/	H1747
DWMM	H1748
DWNG/	H1749
DWN[	H1777
DWR/	H1755
DWR=/	H1752
DWR===/	H1756
DWR>/	H1757
DWX[	H1740
DWY[	H1750
DXH[	H1760
DXJ/	H1762
DXL[	H1763
DXN/	H1764
DXP[	H1765
DXQ[	H1766
DXWH/	H1761
F<JR/	H8163
F<JR=/	H8163
F<JR==/	H8163
F<JR===/	H8163
F<JR====/	H8165
F<JRH/	H8166
F<JRH=/	H8166
F<R/	H8181
F<R=/	H8178
F<R==/	H8178
F<RH/	H8184
F<RH=/	H8185
F<RH==/	H8183
F<RJM/	H8188
F>R/	H7603
F>T/	H7613
FB</	H7648
FB<=/	H7649
FB<==/	H7647
FB<H/	H7653
FB<[	H7646
FBKH/	H7639
FBM/	H7643
FBMH/	H7643
FBR/	H7664
FDH/	H7704
FDJ/	H7704
FDJM/	H7708
FDRH/	H7713
FFWN/	H8342
FGB[	H7682
FGJ>/	H7690
FGWB/	H7687
FH/	H7716
FHD/	H7717
FHDW/	H3026
FHRNJM/	H7720
FJ>/	H7863
FJ>N/	H7865
FJB/	H7869
FJBH/	H7872
FJD/	H7874
FJD[	H7874
FJG/	H7873
FJM[	H7760
FJX/	H7880
FJX=/	H7880
FJXH/	H7881
FJX[	H7878
FK/	H7899
FK=/	H7900
FKH/	H7905
FKJH/	H7914
FKJH=/	H3588
FKJN/	H7915
FKJR/	H7916
FKK[	H5526
FKL/	H7922
FKL=[	H7919
FKLTNW/	H7924
FKR/	H7939
FKR=/	H7938
FKR==/	H7939
FKR[	H7936
FKW/	H7906
FKWJ/	H7907
FLM>/	H8007
FLMH/	H8008
FLMH=/	H8008
FLMWN/	H8012
FLW/	H7958
FM>L/	H8040
FM>LJ/	H8042
FM>L[	H8041
FMJKH/	H8063
FMLH/	H8071
FMLH=/	H8072
FMMJT/	H8079
FMX/	H8056
FMXH/	H8057
FMX[	H8056
FN>H/	H8135
FN>[	H8130
FNJ>/	H8146
FNJR/	H8149
FPH/	H8193
FPM/	H8222
FPMWT/	H8224
FPN[	H8226
FQ/	H8242
FR/	H8269
FR<[	H8311
FR>YR/	H8272
FRD/	H8279
FRD=/	H8278
FRD[	H8277
FRG[	H8276
FRH/	H8283
FRH=/	H8283
FRJ/	H8297
FRJD/	H8300
FRJD=/	H8300
FRJG/	H8299
FRJH/	H8304
FRJN/	H8303
FRK[	H8308
FRP/	H8314
FRP=/	H8314
FRPH/	H8316
FRP[	H8313
FRQ/	H8321
FRQ==/	H8321
FRQH/	H8321
FRV/	H8296
FRVT/	H8296
FRV[	H8295
FRWG/	H8286
FRWK/	H8288
FRX/	H8294
FTM[	H8365
FV/	H7846
FVH[	H7847
FVM[	H7852
FVN/	H7854
FVNH/	H7856
FVNH=/	H7856
FWF[	H7797
FWKH/	H7754
FWKH=/	H7755
FWKTJ/	H7756
FWRH/	H7795
FWX[	H7742
FX/	H7808
FXJP/	H7824
FXQ[	H7832
FXV[	H7818
FXW/	H7813
FXWQ/	H7814
G<C/	H1608
G<H/	H1601
G<L/	H1604
G<L=/	H1603
G<L[	H1602
G<RH/	H1606
G<R[	H1605
G<TM/	H1609
G>/	H1341
G>H/	H1343
G>H=/	H1344
G>H[	H1342
G>L=[	H0413
G>LH/	H1353
G>L[	H1350
G>W>L/	H1345
G>WH/	H1346
G>WN/	H1347
G>WT/	H1348
GB/	H1355
GB</	H1387
GB<>/	H1388
GB<H/	H1389
GB<H=/	H1389
GB<L/	H1392
GB<T/	H1394
GB<TJ/	H1395
GB<WN/	H1391
GB=/	H1356
GB>/	H1360
GBH/	H1364
GBH=/	H1363
GBHWT/	H1365
GBH[	H1361
GBJ/	H1373
GBJ</	H1375
GBJ=/	H1373
GBJC/	H1378
GBJM/	H1374
GBJR/	H1376
GBJRH/	H1377
GBL/	H1381
GBL=/	H1380
GBLJ/	H1382
GBLT/	H1383
GBL[	H1379
GBN/	H1384
GBNH/	H1385
GBNN/	H1386
GBR/	H1397
GBR=/	H1397
GBR==/	H1402
GBRJ>L/	H1403
GBRT/	H1404
GBR[	H1396
GBTWN/	H1405
GBWL/	H1366
GBWLH/	H1367
GBWR/	H1368
GBWRH/	H1369
GBX/	H1371
GBXT/	H1372
GCC[	H1659
GCM/	H1653
GCM=/	H1653
GCM==/	H1656
GCN/	H1657
GCP>/	H1658
GCWR/	H1650
GCWRJ/	H1651
GD/	H1407
GD<M/	H1440
GD<NJ/	H1441
GD<WN/	H1439
GD<[	H1438
GD=/	H1407
GD==/	H1409
GD===/	H1407
GDBR/	H1411
GDD[	H1413
GDJ/	H1423
GDJ=/	H1425
GDJ==/	H1426
GDJ===/	H1425
GDJ>L/	H1427
GDJC/	H1430
GDJH/	H1429
GDJH=/	H1429
GDL/	H1433
GDL=/	H1432
GDL==/	H1434
GDL===/	H1435
GDLJH/	H1436
GDLTJ/	H1437
GDL[	H1431
GDP[	H1442
GDR/	H1447
GDR=/	H1445
GDR==/	H1446
GDRH/	H1448
GDRH=/	H1448
GDRJ/	H1451
GDRTJ/	H1452
GDRTJM/	H1453
GDRWT/	H1450
GDWD/	H1416
GDWD=/	H1416
GDWDH/	H1418
GDWL/	H1419
GDWLH/	H1420
GDWP/	H1421
GDWPH/	H1422
GG/	H1406
GHH/	H1456
GHR[	H1457
GJ>/	H1516
GJCN/	H1529
GJD/	H1517
GJL/	H1523
GJL=/	H1523
GJLH/	H1525
GJLNJ/	H1526
GJNT/	H1527
GJR/	H1528
GJX/	H1518
GJXWN/	H1521
GJXZJ/	H1522
GJX[	H1518
GL/	H1530
GL<D/	H1568
GL<D=/	H1567
GL<DJ/	H1569
GL<[	H1566
GL==/	H1530
GLB/	H1532
GLB</	H1533
GLC[	H1570
GLD/	H1539
GLGL/	H1534
GLGL=/	H1537
GLGL==/	H1534
GLGL===/	H1537
GLGLT/	H1538
GLH/	H1543
GLH=/	H1542
GLH[	H1540
GLJL/	H1551
GLJL=/	H1551
GLJLH/	H1552
GLJLWT/	H1553
GLJM/	H1554
GLJT/	H1555
GLJWN/	H1549
GLL/	H1558
GLL=/	H1558
GLL==/	H1558
GLLJ/	H1562
GLL[	H1556
GLM/	H1564
GLMWD/	H1565
GLWM/	H1545
GLWT/	H1546
GLX[	H1548
GM	H1571
GM>/	H1573
GMD/	H1574
GML/	H1581
GMLJ/	H1582
GMLJ>L/	H1583
GML[	H1580
GMR/	H1586
GMR=/	H1586
GMRJH/	H1587
GMWL/	H1576
GMWL=/	H1577
GMWLH/	H1578
GMZW/	H1579
GN/	H1588
GNB/	H1590
GNBH/	H1591
GNBT/	H1592
GNB[	H1589
GNH/	H1593
GNN[	H1598
GNTWN/	H1599
GNZ/	H1595
GNZK/	H1597
GP/	H1610
GP=/	H1610
GPN/	H1612
GPR/	H1613
GPRJT/	H1614
GR/	H1616
GR<[	H1639
GR=/	H1615
GR>/	H1617
GRB/	H1618
GRB=/	H1619
GRC/	H1645
GRCH/	H1646
GRCM/	H1647
GRCNJ/	H1649
GRCWN/	H1648
GRC[	H1644
GRD[	H1623
GRF/	H1643
GRGCJ/	H1622
GRGR/	H1620
GRH/	H1626
GRH=/	H1626
GRH[	H1624
GRM/	H1634
GRMJ/	H1636
GRM[	H1633
GRN/	H1637
GRP[	H1640
GRR/	H1642
GRR[	H1641
GRS[	H1638
GRWN/	H1627
GRWT/	H1628
GRZJM/	H1630
GRZN/	H1631
GRZ[	H1629
GT/	H1661
GT=/	H1661
GTJ/	H1663
GTJM/	H1664
GTJT/	H1665
GTR/	H1666
GT_RMWN/	H1667
GW/	H1460
GW<[	H1478
GW=/	H1458
GW==/	H1460
GWC/	H1487
GWD[	H1464
GWG/	H1463
GWH/	H1465
GWH=/	H1465
GWJ/	H1471
GWJH/	H1472
GWJM/	H1471
GWLH/	H1473
GWLN/	H1474
GWMY/	H1475
GWNJ/	H1476
GWNJ=/	H1476
GWPH/	H1480
GWP[	H1479
GWR/	H1481
GWR==[	H1481
GWRL/	H1486
GWR[	H1481
GWZL/	H1469
GWZN/	H1470
GWZ[	H1468
GXL/	H1513
GXL=/	H1513
GXM/	H1514
GXR/	H1515
GXWN/	H1512
GZ/	H1488
GZ</	H1503
GZBR/	H1489
GZH/	H1492
GZJT/	H1496
GZL/	H1498
GZL=/	H1499
GZLH/	H1500
GZL[	H1497
GZM/	H1501
GZM=/	H1502
GZR/	H1506
GZR=/	H1506
GZRH/	H1509
GZRH=/	H1508
GZRJ/	H1511
GZWNJ/	H1493
GZZ/	H1495
GZZ[	H1494
H>	H1887
H>=	H1887
H>X	H1889
HBL/	H1893
HBL=/	H1893
HBR[	H1895
HCM/	H2044
HCM<WT/	H2045
HD/	H1906
HDBR/	H1907
HDD/	H1908
HDD<ZR/	H1909
HDH[	H1911
HDJ/	H1914
HDK[	H1915
HDM/	H1916
HDP[	H1920
HDR/	H1926
HDR=/	H1925
HDR==/	H1924
HDRH/	H1927
HDR[	H1921
HDS/	H1918
HDSH/	H1919
HDW/	H1912
HDWRM/	H1913
HGH/	H1899
HGH[	H1897
HGJG/	H1901
HGJWN/	H1902
HGR/	H1904
HGRJ/	H1905
HGRJ=/	H1905
HGWT/	H1900
HH	H1929
HJ/	H1958
HJ>	H1992
HJDD/	H1959
HJH[	H1961
HJK	H1963
HJKL/	H1964
HJLL/	H1966
HJMM/	H1967
HJMN/	H1968
HJN/	H1969
HKRH/	H1971
HKR[	H1970
HL>H	H1973
HL>[	H1972
HLJK/	H1978
HLJKH/	H1979
HLK/	H1982
HLK[	H1980
HLL/	H1985
HLL[	H1984
HLM	H1988
HLMWT/	H1989
HLM[	H1986
HLWLJM/	H1974
HM	H1992
HM/	H1990
HMH	H1992
HMH/	H1993
HMH[	H1993
HMJH/	H1998
HMLH/	H1999
HMM[	H2000
HMN/	H2001
HMN=/	H2001
HMNJK/	H2002
HMS/	H2003
HMW	H1994
HMWN	H1995
HMWN/	H1995
HMWNH/	H1997
HN	H2005
HN</	H2012
HNH	H2005
HNH=	H2007
HNH==	H2007
HNM/	H2011
HNXH/	H2010
HPGH/	H2014
HPKH/	H2018
HPKPK/	H2019
HPK[	H2015
HR/	H2022
HR=/	H2023
HR>/	H2024
HR>L/	H2025
HRG/	H2027
HRGH/	H2028
HRG[	H2026
HRH/	H2029
HRHR/	H2031
HRH[	H2029
HRJSH/	H2034
HRM/	H2036
HRMWN/	H2038
HRN/	H2039
HRRJ/	H2043
HRS/	H2041
HRS[	H2040
HRWN/	H2032
HRWRJ/	H2033
HR_XRS/	H2776
HSH[	H2013
HTK/	H2047
HTT[	H2050
HTWK/	H2046
HW	H1930
HW>	H1931
HWC</	H1954
HWC<JH/	H1955
HWCM</	H1953
HWDWH/	H1937
HWDWJH/	H1938
HWH/	H1943
HWH=/	H1942
HWH==/	H1942
HWHM/	H1944
HWH[	H1933
HWJ	H1945
HWLLH/	H1947
HWLLWT/	H1948
HWMM/	H1950
HWM[	H1949
HWN[	H1951
HWTJR/	H1956
HYLH/	H2020
HYN/	H2021
HZH[	H1957
J<BY/	H3258
J<D[	H3259
J<FJ>L/	H3300
J<H/	H3257
J<H[	H3261
J<J>L/	H3273
J<KN/	H3275
J<L/	H3278
J<L=/	H3278
J<LH/	H3280
J<LH=/	H3280
J<LM/	H3281
J<N/	H3282
J<N=/	H3283
J<NH/	H3284
J<NJ/	H3285
J<P/	H3287
J<P=/	H3288
J<QB/	H3290
J<QBH/	H3291
J<QN/	H3292
J<R/	H3293
J<R=/	H3293
J<R==/	H3293
J<RCJH/	H3298
J<RH/	H3295
J<RH=/	H3295
J<RH==/	H3294
J<RJM/	H3297
J<W>L/	H3262
J<WC/	H3266
J<WY/	H3263
J<Y[	H3289
J<ZJ>L/	H3268
J<ZJHW/	H3269
J<ZR/	H3270
J<Z[	H3267
J>B[	H2968
J>CJH/	H2977
J>C[	H2976
J>H[	H2969
J>JR/	H2971
J>L[	H2974
J>R/	H2975
J>R=/	H2975
J>TRJ/	H2979
J>ZNJH/	H2970
JBB[	H2980
JBC/	H3001
JBCH/	H3004
JBCT/	H3006
JBC[	H3001
JBFM/	H3005
JBJC=/	H3003
JBJN/	H2985
JBL/	H2989
JBL<M/	H2991
JBL=/	H2989
JBLT/	H2990
JBM/	H2993
JBMT/	H2994
JBM[	H2992
JBN>L/	H2995
JBNH/	H2996
JBNJH/	H2997
JBNJH=/	H2998
JBQ/	H2999
JBRKJHW/	H3000
JBWL/	H2981
JBWS/	H2982
JBWSJ/	H2983
JBXR/	H2984
JC/	H3426
JC<J/	H3469
JC<JH/	H3470
JC<[	H3467
JCB<M/	H3427
JCB>B/	H3428
JCBJ/	H3432
JCBJ=/	H3432
JCBJ_LXM/	H3433
JCBQ/	H3435
JCBQCH/	H3436
JCBX/	H3431
JCB[	H3427
JCC/	H3486
JCJ/	H3448
JCJC/	H3453
JCJCJ/	H3454
JCJH/	H3449
JCJMN/	H3452
JCJMWN/	H3452
JCM<>L/	H3458
JCM<>LJ/	H3459
JCM<JH/	H3460
JCM>/	H3457
JCMRJ/	H3461
JCM[	H3456
JCN/	H3462
JCN=/	H3465
JCN==/	H3462
JCN=[	H3462
JCNH/	H3466
JCN[	H3462
JCPH/	H3471
JCPH=/	H3472
JCPN/	H3473
JCR/	H3477
JCR=/	H3476
JCR==/	H3475
JCRH/	H3483
JCRWN/	H3484
JCR[	H3474
JCV[	H3447
JCW</	H3442
JCW<=/	H3442
JCW<H/	H3444
JCWB/	H3437
JCWH/	H3438
JCWJ/	H3440
JCWJ=/	H3440
JCWXJH/	H3439
JCX/	H3445
JD/	H3027
JD</	H3047
JD<JH/	H3048
JD<NJ/	H3049
JD<[	H3045
JD>LH/	H3030
JDBC/	H3031
JDDWT/	H3033
JDD[	H3032
JDH=[	H3034
JDH[	H3034
JDJ<>L/	H3043
JDJD/	H3039
JDJDH/	H3040
JDJDJH/	H3041
JDJH/	H3042
JDLP/	H3044
JDW/	H3035
JDW</	H3037
JDWN/	H3036
JDWTWN/	H3038
JDWTWN=/	H3038
JFFKR/	H3485
JFJM>L/	H3450
JFM[	H3455
JFR>L/	H3478
JFR>LH/	H3480
JFR>LJ/	H3481
JFXQ/	H3446
JG</	H3023
JG<=/	H3022
JG<H/	H3024
JG<[	H3021
JG>L/	H3008
JGB/	H3010
JGBHH/	H3011
JGDLJHW/	H3012
JGJ</	H3018
JGJ<=/	H3019
JGLJ/	H3020
JGR/	H3026
JGR[	H3025
JGWN/	H3015
JGWR=/	H3017
JH/	H3050
JHB/	H3053
JHB[	H3051
JHD/	H3061
JHDJ/	H3056
JHJR/	H3093
JHLL>L/	H3094
JHLM/	H3095
JHW<DH/	H3085
JHW>/	H3058
JHW>C/	H3060
JHW>XZ/	H3059
JHWC</	H3091
JHWCB</	H3089
JHWCB<T/	H3090
JHWCPV/	H3092
JHWD/	H3061
JHWDH/	H3063
JHWDJ/	H3064
JHWDJ=/	H3064
JHWDJT/	H3067
JHWH/	H3068
JHWJD</	H3077
JHWJKJN/	H3078
JHWJQJM/	H3079
JHWJRJB/	H3080
JHWKL/	H3081
JHWNDB/	H3082
JHWNTN/	H3129
JHWRM/	H3088
JHWSP/	H3084
JHWXNN/	H3076
JHWYDQ/	H3087
JHWZBD/	H3075
JHY/	H3096
JJN/	H3196
JKJN/	H3199
JKJNJ/	H3200
JKL[	H3201
JKNJH/	H3204
JKX[	H3198
JLD/	H3206
JLDH/	H3207
JLDWT/	H3208
JLD[	H3205
JLH[	H3856
JLJD/	H3211
JLL/	H3214
JLLH/	H3215
JLPT/	H3217
JLQ/	H3218
JLQWV/	H3219
JLWD/	H3209
JLWN/	H3210
JM/	H3220
JMJMH/	H3224
JMJN/	H3225
JMJN=/	H3225
JMJNJ/	H3228
JMJNJ=/	H3228
JML>/	H3229
JMLK/	H3230
JMM/	H3222
JMN</	H3234
JMNH/	H3232
JMNJ/	H3233
JMN[	H3231
JMRH/	H3236
JMR[	H3235
JMW>L/	H3223
JNCWP/	H3244
JNH[	H3238
JNJQH/	H3242
JNQ[	H3243
JNWM/	H3241
JNWX/	H3239
JP<H/	H3314
JP<[	H3313
JPDJH/	H3301
JPH/	H3303
JPJ/	H3308
JPJ</	H3309
JPJ<=/	H3309
JPLV/	H3310
JPLVJ/	H3311
JPNH/	H3312
JPT/	H3315
JPTX/	H3316
JPTX=/	H3316
JPTX_>L/	H3317
JPW/	H3305
JPX/	H3307
JQ<[	H3363
JQB/	H3342
JQBY>L/	H3343
JQCN/	H3370
JQC[	H3369
JQD<M/	H3347
JQD[	H3344
JQH/	H3348
JQHH/	H3349
JQJM/	H3356
JQJR/	H3358
JQM<M=/	H3360
JQMJH/	H3359
JQN<M/	H3362
JQR/	H3368
JQR=/	H3366
JQT>L/	H3371
JQVN/	H3355
JQWC/	H3353
JQWD/	H3350
JQWM/	H3351
JQWTJ>L/	H3354
JQY[	H3364
JR<[	H3415
JR>/	H3372
JR>H/	H3374
JR>JJH/	H3376
JR>WN/	H3375
JR>[	H3372
JRB/	H3377
JRB<L/	H3378
JRB<M/	H3379
JRBCT/	H3380
JRCH/	H3425
JRCH=/	H3424
JRC[	H3423
JRD/	H3382
JRDN/	H3383
JRD[	H3381
JRH===[	H3384
JRH==[	H3384
JRH=[	H3384
JRH[	H3384
JRJ<H/	H3407
JRJ<WT/	H3408
JRJ>L/	H3400
JRJB/	H3402
JRJB=/	H3402
JRJBJ/	H3403
JRJH/	H3404
JRJMWT/	H3406
JRJXW/	H3405
JRK/	H3409
JRKH/	H3411
JRMJ/	H3413
JRMJH/	H3414
JRMWT/	H3412
JRMWT=/	H3412
JRP>L/	H3416
JRQ/	H3418
JRQ<M/	H3421
JRQ=/	H3417
JRQRQ/	H3422
JRQWN/	H3420
JRQWN=/	H4313
JRQ[	H3417
JRV[	H3399
JRW>L/	H3385
JRWC>/	H3388
JRWCLM/	H3389
JRWQ/	H3387
JRWX/	H3386
JRX/	H3392
JRX</	H3398
JRX=/	H3394
JRX==/	H3392
JRXM/	H3395
JRXM>L/	H3396
JRXM>LJ/	H3397
JSD/	H3246
JSKH/	H3252
JSK[	H3251
JSMKJHW/	H3253
JSP[	H3254
JSR[	H3256
JSWD/	H3247
JSWDH/	H3248
JT	H3487
JTB[	H3488
JTD/	H3489
JTJR/	H3492
JTLH/	H3494
JTMH/	H3495
JTNJ>L/	H3496
JTNN/	H3497
JTR/	H3499
JTR<M/	H3507
JTR=/	H3499
JTR==/	H3499
JTR===/	H3492
JTR>/	H3501
JTRH/	H3502
JTRJ/	H3505
JTRN/	H3506
JTRT/	H3508
JTRW/	H3503
JTRWN/	H3504
JTR[	H3498
JTT/	H3509
JTWM/	H3490
JVBH/	H3192
JVBTH/	H3193
JVB[	H3190
JVWR/	H3195
JW<>LH/	H3132
JW<C/	H3135
JW<D/	H3133
JW<ZR/	H3134
JW>B/	H3097
JW>C/	H3101
JW>L/	H0413
JW>X/	H3098
JW>XZ/	H3099
JWB/	H3102
JWBB/	H3103
JWBB=/	H3103
JWBL/	H3104
JWBL=/	H3106
JWBL==/	H3106
JWCBJH/	H3143
JWCB_XSD/	H3142
JWCH/	H3144
JWCPV/	H3146
JWCWJH/	H3145
JWJD</	H3111
JWJKJN/	H3112
JWJQJM/	H3113
JWJRJB/	H3114
JWKBD/	H3115
JWKL/	H3116
JWM/	H3117
JWMM	H3119
JWN/	H3121
JWN=/	H3120
JWNDB/	H3122
JWNH/	H3123
JWNJ/	H3125
JWNQ/	H3126
JWNQT/	H3127
JWNTN/	H3129
JWQJM/	H3137
JWRH/	H3138
JWRJ/	H3140
JWRM/	H3141
JWSP/	H3130
JWSPJH/	H3131
JWTM/	H3147
JWTR/	H3148
JWVH/	H3194
JWX>/	H3109
JWXNN/	H3110
JWYDQ/	H3136
JWZBD/	H3107
JXD/	H3162
JXDJ>L/	H3164
JXDJHW/	H3165
JXDW	H3162
JXDW/	H3163
JXD[	H3161
JXF/	H3188
JXJ>L/	H3171
JXJ>LJ/	H3172
JXJD/	H3173
JXJH/	H3174
JXJL/	H3175
JXL>L/	H3177
JXL>LJ/	H3178
JXL[	H3176
JXMJ/	H3181
JXMWR/	H3180
JXM[	H3179
JXP/	H3182
JXT/	H3189
JXY>L/	H3183
JXY>LJ/	H3184
JXYJ>L/	H3185
JXZJ>L/	H3166
JXZJH/	H3167
JXZQ>L/	H3168
JXZQJH/	H3169
JXZRH/	H3170
JY<[	H3331
JY>[	H3318
JYB[	H3320
JYG[	H3322
JYHR/	H3324
JYHR=/	H3324
JYHRJ/	H3325
JYJB/	H3330
JYQH/	H3333
JYQ[	H3332
JYR/	H3336
JYR=/	H3336
JYRJ/	H3340
JYR[	H3335
JYT[	H3341
JYW</	H3326
JYXQ/	H3327
JZ</	H3154
JZJH/	H3150
JZJZ/	H3151
JZLJ>H/	H3152
JZNJH/	H3153
JZR<>L/	H0413
JZR<>L=/	H3157
JZR<>LJ/	H3158
JZRX/	H3155
JZRXJH/	H3156
K<N	H3705
K<NT	H3706
K<S/	H3707
K<S[	H3707
K>B/	H3511
K>B[	H3510
K>H/	H3512
K>H[	H3512
KBC/	H3534
KBCN/	H3536
KBC[	H3533
KBD/	H3515
KBD=/	H3515
KBD==/	H3514
KBDT/	H3517
KBD[	H3513
KBF/	H3532
KBFH/	H3535
KBH[	H3518
KBJR/	H3524
KBL/	H3525
KBR/	H3528
KBR=/	H3528
KBRH/	H3531
KBRH=/	H3531
KBS[	H3526
KBWD/	H3519
KBWDH/	H3520
KBWL/	H3521
KBWN/	H3522
KCJ/	H3571
KCJL/	H3781
KCLWN/	H3783
KCL[	H3782
KCP/	H3785
KCP=/	H3786
KCP[	H3784
KCRWN/	H3788
KCR[	H3787
KD/	H3537
KDKD/	H3539
KDRL<MR/	H3540
KFB/	H3775
KFBH/	H3776
KFD/	H3777
KFDJ/	H3778
KFDJM/	H3778
KFH[	H3780
KH	H3541
KHH/	H3544
KHH=/	H3545
KHL[	H3546
KHN/	H3548
KHNH/	H3550
KHN[	H3547
KJ	H3588
KJ/	H3588
KJCWR/	H3601
KJD/	H3589
KJDWD/	H3590
KJDWN/	H3591
KJDWR/	H3593
KJLJ/	H3596
KJLP/	H3597
KJMH/	H3598
KJR/	H3600
KJS/	H3599
KJWN/	H3594
KJWR/	H3595
KKH	H3602
KKR/	H3603
KL/	H3605
KL>/	H3608
KL>B/	H3609
KL>JM/	H3610
KL>[	H3607
KLB/	H3611
KLB=/	H3612
KLBJ/	H3614
KLH/	H3618
KLH=/	H3615
KLH==/	H3616
KLJ/	H3627
KLJH/	H3629
KLJL/	H3632
KLJWN/	H3631
KLKL/	H3633
KLL/	H3636
KLMD/	H3638
KLMH/	H3639
KLMWT/	H3640
KLM[	H3637
KLNH/	H3641
KLNW/	H3605
KLWB/	H3620
KLWB=/	H3620
KLWBJ/	H3621
KLX/	H3625
KLX=/	H3625
KMHM/	H3643
KMH[	H3642
KMN/	H3646
KMRJR/	H3650
KMR[	H3648
KMS[	H3647
KMW	H3644
KMWC/	H3645
KN	H3651
KN/	H3651
KN<H/	H3666
KN<N/	H3667
KN<NH/	H3668
KN<NJ/	H3669
KN<NJ=/	H3669
KN<[	H3665
KN=/	H3651
KN==/	H3651
KNC[	H3673
KNH/	H3657
KNJHW/	H3659
KNM>	H3660
KNNJ/	H3662
KNNJH/	H3663
KNP/	H3671
KNRT/	H3672
KNS[	H3664
KNT/	H3674
KNWR/	H3658
KP/	H3709
KP=/	H3710
KPC[	H3728
KPH/	H3712
KPJR/	H3715
KPJRH/	H3716
KPJS/	H3714
KPL/	H3718
KPL[	H3717
KPN/	H3720
KPP[	H3721
KPR/	H3724
KPR=/	H3724
KPR==/	H3723
KPR===/	H3724
KPR====/	H3724
KPRJM/	H3725
KPRT/	H3727
KPR[	H3722
KPTRJ/	H3732
KPTWR/	H3730
KPTWR=/	H3731
KPT[	H3729
KPWR/	H3713
KPWR=/	H3713
KR/	H3733
KR<JM/	H3767
KR<[	H3766
KR=/	H3734
KR==/	H3733
KR===/	H3733
KRBL[	H3736
KRCN>/	H3771
KRF/	H3770
KRH/	H3740
KRH=/	H3738
KRH=[	H3739
KRH[	H3738
KRJ/	H3746
KRJT/	H3747
KRJTWT/	H3748
KRKB/	H3749
KRKMJC/	H3751
KRKRH/	H3753
KRKS/	H3752
KRM/	H3754
KRM=/	H3755
KRMJ/	H3756
KRMJ=/	H3756
KRMJL/	H3758
KRML/	H3759
KRML=/	H3759
KRML==/	H3759
KRMLJ/	H3761
KRN/	H3763
KRPS/	H3768
KRR[	H3769
KRS>/	H3764
KRSM[	H3765
KRTJ/	H3774
KRT[	H3772
KRWB/	H3742
KRWB=/	H3742
KRWZ/	H3744
KRZ[	H3745
KS>/	H3678
KS>=/	H3677
KSH[	H3680
KSJL/	H3686
KSJL=/	H3686
KSJL==/	H3686
KSJLWT/	H3687
KSL/	H3689
KSL=/	H3689
KSLH/	H3690
KSLT_TBR/	H3696
KSLW/	H3691
KSLWN/	H3693
KSLWN=/	H3692
KSLXJM/	H3695
KSMT/	H3698
KSM[	H3697
KSP/	H3701
KSPJ>/	H3703
KSP[	H3700
KSS[	H3699
KST/	H3704
KSWJ/	H3681
KSWLT/	H3694
KSWT/	H3682
KSX[	H3683
KTB/	H3792
KTBT/	H3793
KTB[	H3789
KTC[	H3806
KTJ/	H3794
KTJT/	H3795
KTL/	H3796
KTLJC/	H3798
KTM/	H3800
KTNT/	H3801
KTP/	H3802
KTR/	H3804
KTRT/	H3805
KTR[	H3803
KTT[	H3807
KWB/	H3552
KWB</	H3553
KWC/	H3568
KWC=/	H3568
KWCJ/	H3569
KWCN/	H3572
KWCN_RC<TJM/	H3573
KWCRH/	H3574
KWH/	H3554
KWH[	H3554
KWJH/	H3555
KWKB/	H3556
KWL[	H3557
KWMZ/	H3558
KWN/	H3561
KWN=/	H3559
KWN[	H3559
KWR/	H3564
KWS/	H3563
KWS=/	H3563
KWT/	H3575
KX/	H3581
KX=/	H3581
KXC/	H3585
KXC=/	H3586
KXC[	H3584
KXD[	H3582
KXL[	H3583
KZB/	H3577
KZB>/	H3578
KZBJ/	H3579
KZB[	H3576
KZJB/	H3580
L</	H3930
L<B[	H3931
L<DH/	H3935
L<DN/	H3936
L<G/	H3933
L<G=/	H3934
L<NH/	H3939
L<V[	H3938
L<Z[	H3937
L>	H3808
L>H/	H3812
L>L/	H3815
L>M/	H3816
L>MJM/	H3817
L>_<MJ/	H3818
L>_DBR/	H3808
L>_RXMH/	H3819
LB/	H3820
LB>WT/	H3822
LBB/	H3824
LBC[	H3847
LBH/	H3827
LBH=/	H3826
LBJ>/	H3833
LBJ>=/	H3833
LBN/	H3837
LBN=/	H3837
LBN==/	H3837
LBN=[	H3835
LBNH/	H3843
LBNH=/	H3828
LBNH==/	H3839
LBNH===/	H3842
LBNH====/	H3840
LBNH=====/	H3842
LBNJ/	H3845
LBNJ=/	H3845
LBNWN/	H3844
LBV[	H3832
LBWC/	H3830
LBWNH/	H3829
LC</	H3962
LCD/	H3955
LCKH/	H3957
LCM/	H3958
LCM=/	H3958
LCN/	H3961
LCWN/	H3956
LD/	H3850
LDBR/	H1688
LG/	H3849
LHB/	H3851
LHBH/	H3852
LHBJM/	H3853
LHD/	H3855
LHG/	H3854
LHH[	H3856
LHM[	H3859
LHN	H3860
LHN=	H3860
LHQH/	H3862
LHV/	H3858
LHVJM/	H1992
LHV[	H3857
LJC/	H3919
LJC=/	H3919
LJC==/	H3919
LJH/	H3914
LJL/	H3915
LJLH/	H3915
LJLJT/	H3917
LJN[	H3885
LJY[	H3887
LKD/	H3921
LKD[	H3920
LKH/	H3922
LKJC/	H3923
LL>T/	H3924
LM<N	H4616
LMD/	H3925
LMD[	H3925
LMK/	H3929
LMW	H3926
LMW>L/	H3927
LPJD/	H3940
LPJDWT/	H3941
LPT[	H3943
LQC/	H3954
LQQ[	H3952
LQV/	H3951
LQV[	H3950
LQWM/	H3946
LQX/	H3948
LQXJ/	H3949
LQX[	H3947
LTK/	H3963
LV/	H3909
LV=/	H3910
LV>H/	H3911
LVC[	H3913
LVWCJM/	H3912
LW	H3863
LWBJ/	H3864
LWC[	H3888
LWD/	H3865
LWDJM/	H3866
LWH=[	H3867
LWH[	H3867
LWJ/	H3878
LWJ=/	H3878
LWJH/	H3880
LWJTN/	H3882
LWL/	H3883
LWL>	H3884
LWN[	H3885
LWT	H3890
LWV=/	H3876
LWVN/	H3877
LWX/	H3871
LWXC/	H3873
LWXJT/	H3872
LWZ/	H3870
LWZ=/	H3870
LX/	H3893
LX=/	H3892
LXC/	H3908
LXJ/	H3895
LXJ=/	H3895
LXJ_R>J/	H0883
LXK[	H3897
LXM/	H3899
LXM=/	H3901
LXM=[	H3898
LXMJ/	H3902
LXMJ=/	H3902
LXMS/	H3903
LXM[	H3898
LXNH/	H3904
LXWM/	H3894
LXY/	H3906
LXY[	H3905
LYWN/	H3944
LZ	H1975
LZH	H1976
LZWT/	H3891
M<BH/	H4568
M<BR/	H4569
M<BRH/	H4569
M<DJ/	H4572
M<DJH/	H4573
M<DN/	H4574
M<DR/	H4576
M<D[	H4571
M<FH/	H4639
M<FJ/	H4640
M<FJH/	H4641
M<FR/	H4643
M<GL/	H4570
M<GL=/	H4570
M<J/	H4596
M<J=/	H4597
M<JL/	H4598
M<JN/	H4599
M<KH/	H4601
M<KH=/	H4601
M<KTJ/	H4602
M<K[	H4600
M<L/	H4605
M<L=/	H4605
M<L==/	H4607
M<LH/	H4608
M<LH=/	H4609
M<LH_<QRBJM/	H4610
M<LL/	H4611
M<MD/	H4612
M<MSH/	H4614
M<NH/	H4585
M<NH=/	H4617
M<NH==/	H4618
M<NH===/	H4617
M<QH/	H4624
M<R/	H4626
M<RB/	H4628
M<RB=/	H4628
M<RH/	H4631
M<RH=/	H4629
M<RH==/	H4631
M<RH===/	H4631
M<RK/	H4633
M<RKH/	H4634
M<RKT/	H4635
M<RT/	H4638
M<RYH/	H4637
M<V/	H4592
M<VH/	H4594
M<VH=/	H4594
M<V[	H4591
M<WG/	H4580
M<WK/	H4582
M<WN/	H4583
M<WN=/	H4584
M<WNJ/	H4586
M<WNTJ/	H4587
M<WP/	H4588
M<WR/	H4589
M<WZ/	H4581
M<Y/	H4619
M<YBH/	H4620
M<YD/	H4621
M<YWR/	H4622
M<ZJH/	H4590
M>BWS/	H3965
M>D/	H3966
M>H/	H3967
M>H=/	H3967
M>KL/	H3978
M>KLT/	H3979
M>KLT=/	H3980
M>MY/	H3981
M>N/	H3984
M>N[	H3985
M>PH/	H3989
M>PL/	H3990
M>PLJH/	H3991
M>RB/	H3993
M>RH/	H3994
M>R[	H3992
M>S=[	H3988
M>S[	H3988
M>WM/	H3971
M>WMH/	H3972
M>WR/	H3974
M>WRH/	H3975
M>ZNJM/	H3976
MBDLH/	H3995
MBFM/	H4017
MBLJGJT/	H4010
MBNH/	H4011
MBNJ/	H4012
MBRX/	H4015
MBV/	H4007
MBV>/	H4008
MBVX/	H4009
MBW</	H4002
MBW>/	H3996
MBWKH/	H3998
MBWL/	H3999
MBWQH/	H4003
MBWSH/	H4001
MBXR/	H4005
MBXR=/	H4005
MBXWR/	H4004
MBYR/	H4014
MBYR=/	H4014
MC/	H4851
MC<J/	H4935
MC<M/	H4936
MC<N/	H4937
MC<N=/	H4937
MC<NH/	H4938
MC<NT/	H4938
MC<WL/	H4934
MC>/	H4855
MC>=/	H4852
MC>B/	H4857
MC>H/	H4859
MC>L/	H4861
MC>LH/	H4862
MC>RT/	H4863
MC>WN/	H4860
MCBR/	H4867
MCBT/	H4868
MCBYWT/	H4865
MCC[	H4959
MCGH/	H4870
MCH/	H4874
MCH=/	H4872
MCJ/	H4897
MCJX/	H4899
MCJZB>L/	H4898
MCK/	H4902
MCK=/	H4902
MCKB/	H4904
MCKN/	H4908
MCK[	H4900
MCL/	H4912
MCL=/	H4915
MCL==/	H4915
MCL===/	H4912
MCL=[	H4911
MCLM/	H4918
MCLMJH/	H4920
MCLMJT/	H4921
MCLMT/	H4922
MCLMWT/	H4919
MCLWX/	H4916
MCLX/	H4916
MCLXT/	H4917
MCL[	H4910
MCM</	H4927
MCM<=/	H4927
MCM<T/	H4928
MCMH/	H4923
MCMN/	H4924
MCMNH/	H4925
MCMR/	H4929
MCMRT/	H4931
MCNH/	H4932
MCPTJM/	H4942
MCPV/	H4941
MCPXH/	H4940
MCPXT/	H4940
MCQ/	H4943
MCQ</	H4950
MCQ=/	H4944
MCQD/	H8246
MCQH/	H4945
MCQL/	H4948
MCQLT/	H4949
MCQWL/	H4946
MCQWP/	H4947
MCR<J/	H4954
MCRH/	H4952
MCRWQJ/	H4953
MCSH/	H4933
MCTH/	H4960
MCVR/	H4896
MCVWX/	H4894
MCWBB/	H4877
MCWBH/	H4878
MCWGH/	H4879
MCWV/	H4880
MCX/	H4887
MCXH/	H4888
MCXH=/	H4888
MCXH==/	H4888
MCXH===/	H4888
MCXJT/	H4889
MCXR/	H4891
MCXT/	H4892
MCXT=/	H4893
MCX[	H4886
MD/	H4055
MD</	H4093
MD<=/	H4093
MDBR/	H4057
MDBR=/	H4057
MDBX/	H4056
MDCH/	H4098
MDD[	H4058
MDH/	H4060
MDH=/	H4060
MDHBH/	H4062
MDJ/	H4074
MDJ=/	H4074
MDJN/	H4080
MDJN=/	H4080
MDJN==/	H4081
MDJNH/	H4082
MDJNJ/	H4084
MDKH/	H4085
MDMN/	H4086
MDMNH/	H4088
MDMNH=/	H4088
MDMNH==/	H4089
MDMNH===/	H4089
MDN/	H4091
MDNJ/	H4092
MDQRH/	H4094
MDRC/	H4097
MDRGH/	H4095
MDRK/	H4096
MDW/	H4063
MDW<	H4069
MDWH/	H4064
MDWN=/	H4068
MDWR/	H4070
MDWRH/	H4071
MDXH/	H4072
MDXPH/	H4073
MF>/	H4854
MF>=/	H4854
MF>==/	H4856
MF>===/	H4854
MF>H/	H4858
MF>T/	H4864
MFGB/	H4869
MFKJL/	H4905
MFKJT/	H4906
MFKRT/	H4909
MFMRH/	H4930
MFPX/	H4939
MFRH/	H4951
MFRPWT_MJM/	H4956
MFRQH/	H4957
MFRT/	H4958
MFVMH/	H4895
MFWF/	H4885
MFWKH/	H4881
MFWR/	H4883
MFWRH/	H4884
MFXQ/	H4890
MG<RT/	H4045
MGB<H/	H4021
MGBJC/	H4019
MGBLT/	H4020
MGD/	H4022
MGDJ>L/	H4025
MGDL/	H4026
MGDL=/	H4024
MGDL_<DR/	H4029
MGDL_>L/	H4027
MGDL_GD/	H4028
MGDNWT/	H4030
MGDW/	H4023
MGDWL/	H4024
MGL/	H4038
MGLH/	H4040
MGN/	H4043
MGN=/	H4043
MGNH/	H4044
MGN[	H4042
MGPH/	H4046
MGPJ<C/	H4047
MGRC/	H4054
MGRH/	H4050
MGRPH/	H4053
MGRWN/	H4051
MGWG/	H4031
MGWRH=/	H4035
MGWRJM/	H4033
MGZRH/	H4037
MH	H4100
MHH[	H4102
MHJR/	H4106
MHJVB>L/	H4105
MHLK/	H4109
MHLL/	H4110
MHLL>L/	H4111
MHL[	H4107
MHPKH/	H4114
MHPKT/	H4115
MHR/	H4119
MHRH/	H4120
MHRJ/	H4121
MHR_CLL_XC_BZ/	H4122
MHWMH/	H4103
MHWMN/	H4104
MJ	H4310
MJC</	H4338
MJC<=/	H4337
MJC>/	H4331
MJC>L/	H4332
MJCK/	H4335
MJCWR/	H4334
MJDB>/	H4311
MJDD/	H4312
MJK>/	H4316
MJK>L/	H4317
MJKH/	H4318
MJKJH/	H4320
MJKJHW/	H4321
MJKJHW=/	H4322
MJKL/	H4324
MJKL=/	H4310
MJM/	H4325
MJMN/	H4326
MJN/	H4327
MJNQT/	H3243
MJP<T/	H4158
MJTR/	H4340
MJVB/	H4315
MJY/	H4330
MJ_ZHB/	H4314
MKBNJ/	H4344
MKBR/	H4345
MKBR=/	H4345
MKCLH/	H4384
MKCWL/	H4383
MKH/	H4347
MKJ/	H4352
MKJR/	H4353
MKJRJ/	H4354
MKK[	H4355
MKLL/	H4359
MKLT/	H4361
MKLWL/	H4358
MKMR/	H4364
MKMRT/	H4365
MKMS/	H4363
MKMTT/	H4366
MKNDBJ/	H4367
MKNH/	H4368
MKNS/	H4370
MKPLH/	H4375
MKR/	H4377
MKR=/	H4378
MKRH/	H4380
MKRH=/	H4379
MKRJ/	H4381
MKRTJ/	H4382
MKR[	H4376
MKS/	H4371
MKSH/	H4372
MKSH=/	H4374
MKSH==/	H4373
MKTB/	H4385
MKTC/	H4388
MKTH/	H4386
MKTM/	H4387
MKWH/	H4348
MKWN/	H4349
MKWNH/	H4350
MKWRH/	H4351
ML>/	H4390
ML>=/	H4393
ML>H/	H4395
ML>H=/	H4396
ML>JM/	H4394
ML>K/	H4397
ML>KH/	H4399
ML>KJ/	H4401
ML>KWT/	H4400
ML>T/	H4402
MLBN/	H4404
MLBWC/	H4403
MLH/	H4405
MLJLH/	H4425
MLJYH/	H4426
MLK/	H4428
MLK=/	H4432
MLK==/	H4428
MLKDT/	H4434
MLKH/	H4436
MLKH=/	H4435
MLKJ>L/	H4439
MLKJ>LJ/	H4440
MLKJH/	H4441
MLKJRM/	H4443
MLKJ_CW</	H3588
MLKJ_YDQ/	H4442
MLKM/	H4445
MLKM=/	H4445
MLKT/	H4446
MLKT=/	H4447
MLKW/	H4437
MLKWT/	H4438
MLLJ/	H4450
MLL[	H4448
MLMD/	H4451
MLQWC/	H4456
MLQWX/	H4455
MLQ[	H4454
MLTXH/	H4458
MLV/	H4423
MLVJH/	H4424
MLV[	H4422
MLW>/	H4407
MLWK/	H4409
MLWKH/	H4410
MLWN/	H4411
MLWNH/	H4412
MLWTJ/	H4413
MLWX/	H4408
MLX/	H4417
MLX=/	H4419
MLX==/	H4417
MLXH/	H4420
MLXMH/	H4421
MLYR/	H4453
MLY[	H4452
MMCL/	H4474
MMCLH/	H4475
MMCLT/	H4475
MMCQ/	H4476
MMCX/	H4473
MMD/	H4461
MMGRH/	H4460
MMKR/	H4465
MMKRT/	H4466
MMLKH/	H4467
MMLKT/	H4467
MMLKWT/	H4468
MMR/	H4470
MMR>/	H4471
MMR>=/	H4471
MMSK/	H4469
MMWKN/	H4462
MMZR/	H4464
MN	H4480
MN/	H4478
MN<L/	H4515
MN<WL/	H4514
MN<[	H4513
MN=	H4478
MN=/	H4482
MN==/	H4482
MN>/	H4484
MNCH/	H4519
MNCJ/	H4520
MND</	H4486
MNGJNH/	H4485
MNH/	H4487
MNH=/	H4488
MNH==/	H4489
MNHG/	H4491
MNHRH/	H4492
MNH[	H4487
MNJ/	H4507
MNJ=/	H4508
MNJMJN/	H4509
MNJN/	H4510
MNJT/	H4511
MNQJT/	H4518
MNT/	H4521
MNWD/	H4493
MNWN/	H4497
MNWR/	H4500
MNWRH/	H4501
MNWS/	H4498
MNWSH/	H4499
MNWX/	H4494
MNWX=/	H4495
MNWXH/	H4496
MNXH/	H4503
MNXM/	H4505
MNXT/	H4506
MNXT=/	H4506
MP/	H4644
MP<L/	H4659
MPF<H/	H4667
MPG</	H4645
MPJBCT/	H4648
MPJM/	H4649
MPJY/	H4650
MPL/	H4651
MPLF/	H4657
MPLGH/	H4653
MPLH/	H4654
MPLT/	H4658
MPLV/	H4655
MPLYT/	H4656
MPQD/	H4662
MPRF/	H4666
MPRQT/	H4665
MPRY/	H4664
MPTN/	H4670
MPTX/	H4668
MPTX=/	H4669
MPX/	H4647
MPX=/	H4646
MPY/	H4660
MPY=/	H4661
MQ/	H4716
MQBT/	H4718
MQBT=/	H4718
MQCH/	H4749
MQCH=/	H4749
MQCH==/	H4748
MQDC/	H4720
MQDH/	H4719
MQHL/	H4721
MQHLT/	H4722
MQL/	H4731
MQL<T/	H4734
MQLV/	H4733
MQLWT/	H4732
MQNH/	H4735
MQNH=/	H4736
MQNJHW/	H4737
MQQ[	H4743
MQR>/	H4744
MQRH/	H4745
MQRH=/	H4746
MQRH==/	H4747
MQSM/	H4738
MQVR/	H4729
MQVRT/	H4730
MQWH/	H4723
MQWH=/	H4724
MQWH==/	H4723
MQWM/	H4725
MQWR/	H4726
MQX/	H4727
MQY/	H4739
MQY<H/	H4741
MQYW</	H4740
MR/	H4751
MR</	H4828
MR<=/	H4827
MR<H/	H4829
MR<JT/	H4830
MR<LH/	H4831
MR=/	H4751
MR==/	H4753
MR>/	H4756
MR>H/	H4758
MR>H=/	H4759
MR>H==/	H4760
MRB/	H4764
MRBH=/	H4767
MRBJT/	H4768
MRBQ/	H4770
MRBY/	H4769
MRBY=/	H4769
MRC<T/	H4849
MRCH=/	H4762
MRD/	H4777
MRD=/	H4779
MRDK/	H4781
MRDKJ/	H4782
MRDP/	H4783
MRDWT/	H4780
MRD[	H4775
MRG<H/	H4774
MRGMH/	H4773
MRGW</	H4771
MRH/	H4786
MRH=/	H4785
MRH[	H4784
MRJ/	H4805
MRJ>/	H4806
MRJBH/	H4808
MRJBH=/	H4808
MRJB_B<L/	H4807
MRJH/	H4179
MRJH=/	H4811
MRJM/	H4813
MRJRJ/	H4815
MRJRWT/	H4814
MRJWT/	H4812
MRK/	H4816
MRKB/	H4817
MRKBH/	H4818
MRKBT/	H4818
MRKLT/	H4819
MRMH/	H4820
MRMH=/	H4820
MRMS/	H4823
MRMWT/	H4822
MRNTJ/	H4824
MRP>/	H4832
MRP>=/	H4832
MRPF/	H4833
MRQ/	H4839
MRQX/	H4840
MRQXH/	H4841
MRQXT/	H4842
MRRH/	H4845
MRRH=/	H4846
MRRJ/	H4847
MRRJ=/	H4847
MRS/	H4825
MRSN>/	H4826
MRTJM/	H4850
MRV[	H4803
MRWD/	H4788
MRWM/	H4791
MRWM=/	H4792
MRWT/	H4796
MRWX/	H4790
MRWY/	H4793
MRWYH/	H4794
MRWYH=/	H4794
MRWZ/	H4789
MRXB/	H4800
MRXCT/	H4802
MRXQ/	H4801
MRX[	H4799
MRY</	H4836
MRYPT/	H4837
MRY[	H4834
MRZX/	H4798
MS/	H4522
MS</	H4550
MS<=/	H4551
MS<D/	H4552
MS=/	H4523
MSB/	H4524
MSD/	H4527
MSDRWN/	H4528
MSGR/	H4525
MSGR=/	H4525
MSGRT/	H4526
MSH/	H4532
MSH=/	H4530
MSH==/	H4532
MSH===/	H4532
MSH[	H4529
MSK/	H4539
MSK=/	H4538
MSKH/	H4541
MSKH=/	H4541
MSKH==/	H4541
MSKN/	H4542
MSKNT/	H4544
MSKNWT/	H4543
MSKT/	H4545
MSLH/	H4546
MSLWL/	H4547
MSMR/	H4548
MSPD/	H4553
MSPR/	H4557
MSPR=/	H4557
MSPRT/	H4559
MSPW>/	H4554
MSPXT/	H4556
MSRT/	H4562
MSRWT/	H4149
MSR[	H4560
MSS[	H4549
MSTR/	H4565
MSTR=/	H4564
MSTWR/	H4563
MSWH/	H4533
MSWKH/	H4534
MSX	H4535
MSXR/	H4536
MT/	H4962
MTBN/	H4963
MTG/	H4964
MTJ	H4970
MTKNT/	H4971
MTM/	H4974
MTN/	H4976
MTN=/	H4976
MTNH/	H4979
MTNH=/	H4979
MTNJ/	H4981
MTNJ=/	H4982
MTNJH/	H4983
MTNJM/	H4975
MTQ/	H4987
MTQH/	H4989
MTQ[	H4985
MTRDT/	H4990
MTT/	H4991
MTTH/	H4992
MTTJH/	H4993
MTWC>L/	H4967
MTWCLX/	H4968
MTWQ/	H4966
MTX[	H4969
MV</	H4302
MV<MJM/	H4303
MV>V>/	H4292
MV>[	H4291
MVBX/	H4293
MVH/	H4294
MVH=/	H4296
MVH==/	H4295
MVH===/	H4298
MVH====/	H4297
MVJL/	H4300
MVMN/	H4301
MVPXT/	H4304
MVR/	H4306
MVRD/	H4308
MVRJ/	H4309
MVR[	H4305
MVWH/	H4299
MW<D/	H4150
MW<DH/	H4152
MW<DJH/	H4153
MW<P/	H4155
MW<QH/	H4157
MW<YH/	H4156
MW>B/	H4124
MW>BJ/	H4125
MWB>/	H4126
MWCB/	H4186
MWCJ/	H4187
MWCJ=/	H4187
MWC[	H4185
MWG[	H4127
MWK[	H4134
MWL/	H4135
MWLDH/	H4137
MWLDT/	H4138
MWLH/	H4139
MWLJD/	H4140
MWL[	H4135
MWPT/	H4159
MWQC/	H4170
MWQD/	H4168
MWQDH/	H4169
MWQ[	H4167
MWR>/	H4172
MWRC/	H4180
MWRC=/	H4180
MWRCH/	H4181
MWRCTJ/	H4183
MWRCT_GT/	H4182
MWRD/	H4174
MWRG/	H4173
MWRH=/	H4177
MWRH===/	H4176
MWR[	H4171
MWSB/	H4141
MWSD/	H4146
MWSD=/	H4143
MWSDH/	H4145
MWSR/	H4148
MWSRH/	H4149
MWSRH=/	H4149
MWT/	H4194
MWTR/	H4195
MWT[	H4191
MWV/	H4132
MWVH/	H4133
MWV[	H4131
MWY>/	H4161
MWY>H/	H4163
MWYQ/	H4165
MWYQ=/	H4165
MX/	H4220
MX=/	H4221
MXB>/	H4224
MXBRT/	H4225
MXBT/	H4227
MXCBH/	H4284
MXCBT/	H4284
MXCK/	H4285
MXFP/	H4286
MXGRT/	H4228
MXH==[	H4229
MXH=[	H4229
MXH[	H4229
MXJ/	H4239
MXJD>/	H4240
MXJH/	H4241
MXJJ>L/	H4232
MXJR/	H4242
MXJR=/	H4242
MXLH/	H4245
MXLH=/	H4246
MXLH==/	H4247
MXLH===/	H4245
MXLH====/	H4244
MXLJ/	H4249
MXLJ=/	H4249
MXLP/	H4252
MXLPWT/	H4253
MXLQH/	H4255
MXLQT/	H4256
MXLT=/	H4258
MXLTJ/	H4259
MXLWN/	H4248
MXMD/	H4261
MXML/	H4263
MXNH/	H4264
MXNJM/	H4266
MXNQ/	H4267
MXQR/	H4278
MXQ[	H4277
MXR/	H4279
MXRCH/	H4281
MXRCT/	H4282
MXRT/	H4283
MXSH/	H4268
MXSJH/	H4271
MXSWM/	H4269
MXSWR/	H4270
MXT/	H4287
MXTH/	H4289
MXTH=/	H4288
MXTRT/	H4290
MXWGH/	H4230
MXWJ>L/	H4232
MXWJM/	H4233
MXWZ/	H4231
MXY/	H4273
MXYB/	H4274
MXYH/	H4275
MXYJT/	H4276
MXY[	H4272
MXZH/	H4236
MXZH=/	H4237
MXZJ>WT/	H4238
MY/	H4671
MY</	H4702
MY<D/	H4703
MY<R/	H4705
MY=/	H4671
MY>[	H4672
MYB/	H4673
MYB=/	H4674
MYBH/	H4676
MYBH=/	H4675
MYBJH/	H4677
MYBT/	H4678
MYD/	H4679
MYH/	H4682
MYH=/	H4682
MYH==/	H4681
MYH[	H4680
MYLH/	H4698
MYNPT/	H4701
MYPH/	H4708
MYPH=/	H4709
MYPH==/	H4708
MYR/	H4712
MYRJ/	H4713
MYRJM/	H4713
MYRP/	H4715
MYWH/	H4687
MYWLH/	H4688
MYWQ/	H4689
MYWQ=/	H4690
MYWQH/	H4691
MYWR=/	H4692
MYWRH/	H4694
MYX/	H4696
MYXH/	H4697
MYY[	H4711
MZ<R/	H4213
MZBX/	H4196
MZG/	H4197
MZH/	H4198
MZH=/	H4199
MZJX/	H4206
MZLG/	H4207
MZLG=/	H4207
MZMH/	H4209
MZMRH/	H4211
MZMWR/	H4210
MZR</	H4218
MZRH/	H4214
MZRQ/	H4219
MZRX/	H4217
MZW/	H4200
MZWN/	H4202
MZWZH/	H4201
N<H/	H5270
N<H=/	H5269
N<J>L/	H5272
N<JM/	H5273
N<L/	H5275
N<M/	H5278
N<M=/	H5277
N<MH/	H5279
N<MH=/	H5279
N<MJ/	H5280
N<MN/	H5283
N<MTJ/	H5284
N<M[	H5276
N<R/	H5288
N<R=/	H5290
N<RH/	H5291
N<RH=/	H5291
N<RH==/	H5291
N<RJ/	H5293
N<RJH/	H5294
N<RN/	H5295
N<RT/	H5296
N<R[	H5287
N<YWY/	H5285
N>	H4994
N>/	H4994
N>=/	H4996
N>D/	H4997
N>M/	H5002
N>P[	H5003
N>QH/	H5009
N>Q[	H5008
N>R[	H5010
N>WH/	H5000
N>YH/	H5007
N>YH=/	H5007
N>Y[	H5006
NB/	H5011
NB<[	H5042
NBB[	H5014
NBCN/	H5044
NBJ>/	H5030
NBJ>H/	H5031
NBJWT/	H5032
NBK/	H5033
NBL/	H5036
NBL===/	H5036
NBLH/	H5039
NBLH=/	H5038
NBLV/	H5041
NBLWT/	H5040
NBL[	H5034
NBV/	H5028
NBV[	H5027
NBW/	H5015
NBW=/	H5015
NBW>H/	H5016
NBWCZBN/	H5021
NBWKDN>YR/	H5019
NBWKDNYR/	H5020
NBWT/	H5022
NBWZR>DN/	H5018
NBX/	H5025
NBX=/	H5025
NBXZ/	H5026
NBZBH/	H5023
NC>=[	H0853
NC>[	H5383
NCB[	H5380
NCH/	H5384
NCJ/	H5386
NCJH/	H5388
NCJN/	H5389
NCJQH/	H5390
NCK/	H5392
NCK=[	H5391
NCKH/	H5393
NCK[	H5391
NCL[	H5394
NCMH/	H5397
NCM[	H5395
NCP/	H5399
NCP[	H5398
NCQ[	H5401
NCR/	H5404
NCTWN/	H5406
NCT[	H5405
ND/	H5067
NDB/	H5070
NDBH/	H5071
NDBJH/	H5072
NDBK/	H5073
NDB[	H5068
NDD[	H5074
NDH/	H5079
NDH=/	H5078
NDJB/	H5081
NDJBH/	H5082
NDN/	H5084
NDN=/	H5084
NDNH/	H5085
NDP[	H5086
NDR/	H5088
NDR[	H5087
NDX[	H5080
NF>[	H5375
NFG[	H5381
NFJ>/	H5387
NFJ>=/	H5387
NFW>H/	H5385
NG</	H5061
NG<[	H5060
NGB/	H5045
NGC[	H5066
NGD/	H5048
NGD[	H5046
NGF[	H5065
NGH/	H5051
NGH=/	H5051
NGHH/	H5054
NGH[	H5050
NGJD/	H5057
NGJNH/	H5058
NGN[	H5059
NGP/	H5063
NGP[	H5062
NGR[	H5064
NGX/	H5056
NGX[	H5055
NH/	H5089
NHG=[	H5090
NHG[	H5090
NHH=[	H5091
NHH[	H5091
NHJ/	H5092
NHLL/	H5097
NHLL=/	H5096
NHLL==/	H5097
NHL[	H5095
NHM/	H5099
NHMH/	H5100
NHQ[	H5101
NHR/	H5104
NHRH/	H5105
NJ/	H5204
NJB/	H5108
NJD/	H5205
NJN/	H5209
NJNWH/	H5210
NJN[	H5209
NJR/	H5216
NJR=/	H5216
NJSN/	H5212
NJXX/	H5207
NJYWY/	H5213
NK>/	H5217
NK>=/	H5218
NK>T/	H5219
NKD/	H5220
NKH=/	H5222
NKH[	H5221
NKL/	H5231
NKL[	H5230
NKR/	H5236
NKRJ/	H5237
NKS/	H5232
NKSJM/	H5233
NKT/	H5238
NKW/	H5224
NKWN/	H5225
NKWN=/	H5225
NKX/	H5228
NKX=/	H5227
NLH[	H5239
NMCJ/	H5250
NMLH/	H5244
NMR/	H5246
NMRD/	H5248
NMRH/	H5247
NMRJM/	H5249
NMW>L/	H5241
NMW>LJ/	H5242
NP/	H5297
NPC/	H5315
NPC[	H5314
NPG/	H5298
NPH/	H5299
NPJC/	H5305
NPJLJM/	H5303
NPK/	H5306
NPL[	H5307
NPQ[	H5312
NPT/	H5317
NPT=/	H5316
NPTLJ/	H5321
NPTWLJM/	H5319
NPTWX/	H5318
NPTXJM/	H5320
NPWCSJM/	H5300
NPX/	H5302
NPX[	H5301
NPY/	H5311
NPY[	H5310
NQ<[	H5361
NQ>/	H5343
NQB/	H5346
NQBH/	H5347
NQB[	H5344
NQC[	H5367
NQD/	H5349
NQD=/	H5348
NQDH/	H5351
NQDJM/	H5350
NQH[	H5352
NQJ/	H5355
NQJQ/	H5357
NQJWN/	H5356
NQM/	H5359
NQMH/	H5360
NQM[	H5358
NQP/	H5363
NQPH/	H5364
NQP[	H5362
NQRH/	H5366
NQR[	H5365
NQWD>/	H5353
NR/	H5369
NR=/	H5369
NRD/	H5373
NRGL/	H5370
NRJH/	H5374
NS/	H5251
NS<[	H5265
NSBH/	H5252
NSH[	H5254
NSJK/	H5257
NSJK=/	H5257
NSK/	H5262
NSK[	H5258
NSRK/	H5268
NSX[	H5255
NT<[	H5421
NTC[	H5428
NTJB/	H5410
NTJBH/	H5410
NTJN/	H5411
NTK[	H5413
NTN/	H5416
NTN>L/	H5417
NTNJH/	H5418
NTN[	H5414
NTQ/	H5424
NTQ[	H5423
NTR/	H5427
NTR[	H5425
NTS[	H5420
NTX/	H5409
NTY[	H5422
NV</	H5194
NV<JM/	H5196
NV<[	H5193
NVC[	H5203
NVH[	H5186
NVJ</	H5195
NVJL/	H5187
NVL/	H5192
NVP/	H5198
NVPH/	H5188
NVPH=/	H5199
NVP[	H5197
NVR=[	H5201
NW<DJH/	H5129
NW<[	H5128
NW>[	H5106
NWC[	H5136
NWD/	H5113
NWDB/	H5114
NWD[	H5110
NWH/	H5116
NWH=/	H5115
NWH==/	H5116
NWLW/	H5122
NWMH/	H5124
NWM[	H5123
NWN/	H5126
NWP[	H5130
NWR/	H5135
NWS[	H5127
NWV[	H5120
NWXH/	H5119
NWYH/	H5133
NWY[	H5132
NX/	H5146
NXBJ/	H5147
NXC/	H5175
NXC=/	H5173
NXC==/	H5175
NXCT/	H5178
NXCT=/	H5178
NXCT>/	H5179
NXCTN/	H5180
NXCWN/	H5177
NXC[	H5172
NXH=[	H5148
NXH[	H5148
NXL/	H5158
NXLH/	H5159
NXLJ>L/	H5160
NXLMJ/	H5161
NXL[	H5157
NXM/	H5164
NXM=/	H5163
NXMH/	H5165
NXMJH/	H5166
NXMNJ/	H5167
NXM[	H5162
NXNW	H5168
NXR/	H5170
NXRJ/	H5171
NXR[	H5170
NXT/	H5184
NXT=/	H5184
NXT==/	H5185
NXT===/	H5184
NXWC/	H5153
NXWCH/	H5154
NXWM/	H5151
NXWM=/	H5149
NXWR/	H5152
NXY[	H5169
NY/	H5322
NY=/	H5322
NY>[	H5323
NYB/	H5325
NYBH/	H5326
NYB[	H5324
NYH=/	H5328
NYH[	H5327
NYJB/	H5333
NYJB=/	H5333
NYJX/	H5335
NYL[	H5337
NYN/	H5339
NYR/	H5342
NYR[	H5341
NYX/	H5332
NYX=/	H5332
NYY[	H5340
NZH[	H5137
NZJD/	H5138
NZJR/	H5139
NZL[	H5140
NZM/	H5141
NZQ/	H5143
NZR/	H5145
NZR[	H5144
P<H[	H6463
P<L/	H6467
P<LH/	H6468
P<LTJ/	H6469
P<M/	H6471
P<MWN/	H6472
P<M[	H6470
P<RJ/	H6474
P<R[	H6473
P<W/	H6464
P<WR/	H6465
P>H/	H6285
P>H=/	H6285
P>H==/	H6285
P>R/	H6287
P>R=[	H6286
P>RH/	H6288
P>RH=/	H6288
P>RN/	H6290
P>RWR/	H6289
P>R[	H6286
PC/	H6580
PC</	H6588
PCR/	H6592
PCT/	H6593
PCTH/	H6594
PCV[	H6584
PCXWR/	H6583
PCX[	H6582
PD<[	H6308
PDH>L/	H6300
PDHYWR/	H6301
PDH[	H6299
PDJH/	H6305
PDJWM/	H6306
PDJWN/	H6306
PDN/	H6307
PDR/	H6309
PDWJM/	H6302
PDWN/	H6303
PDWT/	H6304
PF</	H6587
PFH[	H6581
PFQ[	H6589
PG/	H6291
PG</	H6294
PG<J>L/	H6295
PG<[	H6293
PGC[	H6298
PGR/	H6297
PGWL/	H6292
PH	H6311
PH/	H6310
PJCWN/	H6376
PJD/	H6365
PJH/	H6366
PJKL/	H6369
PJMH/	H6371
PJNN/	H6373
PJNXS/	H6372
PJTWN/	H6377
PJX/	H6368
PJ_HXJRWT/	H6367
PK/	H6378
PKH[	H6379
PL>/	H6382
PL>J/	H6383
PL>J=/	H6384
PLCT/	H6429
PLCTJ/	H6430
PLC[	H6428
PLDC/	H6394
PLG/	H6389
PLG=/	H6389
PLGC/	H6370
PLGH/	H6390
PLGH=/	H6391
PLH[	H6395
PLJH/	H6411
PLJL/	H6414
PLJLH/	H6415
PLJLJ/	H6416
PLJLJH/	H6417
PLJV/	H6412
PLJV=/	H6412
PLJVH/	H6413
PLK/	H6418
PLK=/	H6418
PLL/	H6420
PLL=[	H6419
PLLJH/	H6421
PLL[	H6419
PLNJ/	H6423
PLS/	H6425
PLT/	H6431
PLTJ/	H6432
PLV/	H6404
PLVJ/	H6406
PLVJ=/	H6406
PLVJ>L/	H6409
PLVJH/	H6410
PLW>/	H6396
PLX/	H6400
PLX>/	H6401
PLXN/	H6402
PLYWT/	H6427
PLY[	H6426
PM/	H6433
PN	H6435
PNG/	H6436
PNH/	H6440
PNH=/	H6438
PNH[	H6437
PNJMH	H6441
PNJMJ/	H6442
PNNH/	H6444
PNQ[	H6445
PNW>L/	H6439
PNW>L=/	H6439
PQDH/	H6486
PQDT/	H6488
PQDWN/	H6487
PQD[	H6485
PQJD/	H6496
PQX/	H6493
PQX=/	H6492
PQXJH/	H6494
PQX[	H6491
PR/	H6499
PR</	H6545
PR<C/	H6550
PR<C=/	H6550
PR<H/	H6547
PR<TWN/	H6552
PR<TWNJ/	H6553
PR<[	H6544
PR>/	H6501
PR>M/	H6502
PRBR/	H6503
PRC/	H6571
PRC=/	H6569
PRC==/	H6569
PRCDN/	H6574
PRCGN/	H6573
PRCH/	H6575
PRCNDT>/	H6577
PRC[	H6567
PRD/	H6505
PRDH/	H6506
PRDS/	H6508
PRD[	H6504
PRFZ/	H6576
PRF[	H6566
PRH/	H6509
PRH=/	H6509
PRH==/	H6513
PRH[	H6509
PRJ/	H6529
PRJY/	H6530
PRJY=/	H6530
PRK/	H6531
PRKT/	H6532
PRMCT>/	H6534
PRM[	H6533
PRNK/	H6535
PRPR/	H6554
PRQ/	H6563
PRQ[	H6561
PRR=[	H6565
PRR[	H6565
PRS/	H6538
PRS=/	H6536
PRSH/	H6541
PRS[	H6536
PRT/	H6578
PRT=/	H6509
PRV/	H6528
PRWD>/	H6514
PRWJM/	H6516
PRWR/	H6517
PRWX/	H6515
PRX/	H6525
PRXX/	H6526
PRX[	H6524
PRY/	H6556
PRY=/	H6556
PRYJ/	H6558
PRYJM/	H6559
PRY[	H6555
PRZ/	H6518
PRZH/	H6519
PRZJ/	H6522
PRZJ=/	H6521
PRZL/	H6523
PRZWN/	H6520
PS/	H6446
PSGH/	H6449
PSG[	H6448
PSH/	H6451
PSJL/	H6456
PSK/	H6457
PSL/	H6459
PSL[	H6458
PSPH/	H6462
PSS[	H6461
PSX/	H6453
PSX=/	H6455
PSX==/	H6454
PSX[	H6452
PT/	H6595
PT</	H6621
PT=/	H6596
PT>M	H6597
PTBG/	H6598
PTH=[	H6601
PTH[	H6601
PTJGJL/	H6614
PTJL/	H6616
PTJWT/	H6615
PTLTL/	H6618
PTL[	H6617
PTM/	H6619
PTN/	H6620
PTRSJM/	H6625
PTRWN/	H6623
PTRWS/	H6624
PTR[	H6622
PTT[	H6626
PTW>L/	H6602
PTWR/	H6604
PTWX/	H6603
PTX/	H6607
PTX=/	H6608
PTX=[	H6605
PTXJH/	H6611
PTXWN/	H6610
PTX[	H6605
PVDH/	H6357
PVJC/	H6360
PVR/	H6363
PVRH/	H6363
PW<H/	H6326
PW>H/	H6312
PWC[	H6335
PWGH/	H6314
PWG[	H6313
PWH/	H6312
PWK/	H6320
PWL=/	H6322
PWL==/	H6322
PWNJ/	H6324
PWNN/	H6325
PWN[	H6323
PWQH/	H6330
PWR/	H6332
PWRH/	H6333
PWRT>/	H6334
PWTJ/	H6336
PWV/	H6316
PWVJ>L/	H6317
PWVJPR/	H6318
PWVJ_PR</	H6319
PWX=[	H6315
PWX[	H6315
PWY[	H6327
PX/	H6341
PX=/	H6341
PXD/	H6343
PXD=/	H6343
PXDH/	H6345
PXD[	H6342
PXH/	H6346
PXM/	H6352
PXR/	H6353
PXT/	H6354
PXTT/	H6356
PXT_MW>B/	H6355
PXX[	H6351
PXZ/	H6349
PXZWT/	H6350
PXZ[	H6348
PY</	H6482
PYH[	H6475
PYJRH/	H6477
PYLH/	H6479
PYL[	H6478
PYM[	H6480
PYR[	H6484
PYX=[	H6476
PYX[	H6476
PYY[	H6483
PZ/	H6337
PZR[	H6340
PZZ[	H6339
Q<JLH/	H7084
Q<Q</	H7085
Q<RH/	H7086
Q>/	H6892
Q>T/	H6893
QB/	H6894
QB<T/	H6907
QB<[	H6906
QBB[	H6895
QBH/	H6896
QBH=/	H6898
QBL[	H6901
QBR/	H6913
QBRWT_HT>WH/	H6914
QBR[	H6912
QBWRH/	H6900
QBWY/	H6899
QBY>L/	H6909
QBYH/	H6910
QBYJM/	H6911
QBY[	H6908
QC/	H7179
QC>H/	H7180
QCB/	H7182
QCB==/	H7183
QCC[	H7197
QCH/	H7186
QCH[	H7185
QCJ/	H7190
QCJWN/	H7191
QCR/	H7195
QCR[	H7194
QCT/	H7198
QCT=/	H7199
QCV/	H7189
QCV=/	H7189
QCX[	H7188
QDC/	H6944
QDC=/	H6946
QDC==/	H6946
QDC===/	H6943
QDC[	H6942
QDC_BRN</	H6947
QDD[	H6915
QDH/	H6916
QDJC/	H6922
QDJM/	H6921
QDM/	H6924
QDMH/	H6926
QDMH=/	H6928
QDMH==/	H6929
QDMJ/	H6933
QDMJ>L/	H6934
QDMNJ/	H6935
QDMNJ=/	H6935
QDMWN/	H6930
QDMWT/	H6932
QDQD/	H6936
QDR/	H6938
QDRNJT	H6941
QDRWN/	H6939
QDRWT/	H6940
QDWC/	H6918
QDWMJM/	H6917
QDXT/	H6920
QDX[	H6919
QFJVH/	H7192
QFQFT/	H7193
QFWH/	H7184
QHH[	H6949
QHL/	H6951
QHLH/	H6952
QHLT/	H6953
QHLTH/	H6954
QHL[	H6950
QHT/	H6955
QHTJ/	H6956
QJ>[	H6958
QJC/	H7027
QJCJ/	H7029
QJCWN/	H7028
QJH[	H7006
QJM/	H7009
QJM=/	H7010
QJMH/	H7012
QJN/	H7014
QJN=/	H7014
QJN==/	H7014
QJN===/	H7014
QJNH/	H7016
QJNH=/	H7016
QJNJ/	H7017
QJNN/	H7018
QJQJWN/	H7021
QJQLWN/	H7022
QJR/	H7023
QJR=/	H7023
QJRS/	H7026
QJR_XRF/	H7025
QJV/	H7007
QJVWR/	H7008
QJY/	H7019
QJYWN/	H7020
QJY[	H7019
QL/	H7031
QL</	H7050
QL<=/	H7051
QL<==/	H7050
QL<[	H7049
QLCWN/	H7053
QLH=[	H7034
QLH[	H7033
QLJ/	H7039
QLJH/	H7041
QLJV>/	H7042
QLL/	H7044
QLLH/	H7045
QLL[	H7043
QLQL/	H7052
QLS/	H7047
QLSH/	H7048
QLV[	H7038
QLWN/	H7036
QLXT/	H7037
QMFWN/	H7063
QMH/	H7054
QML[	H7060
QMV[	H7059
QMW>L/	H7055
QMWF/	H7057
QMWN/	H7056
QMX/	H7058
QMY/	H7062
QMY[	H7061
QN/	H7064
QN>/	H7067
QN>H/	H7068
QNH/	H7070
QNH=/	H7069
QNH=[	H7069
QNH[	H7069
QNJN/	H7075
QNMWN/	H7076
QNN[	H7077
QNT/	H7079
QNW>/	H7072
QNY/	H7078
QNZ/	H7073
QNZJ/	H7074
QP>[	H7087
QPD/	H7088
QPDH/	H7089
QPD[	H7088
QPWZ/	H7091
QPY[	H7092
QR/	H7120
QR<[	H7167
QR=/	H7119
QR>/	H7124
QR>[	H7121
QRB/	H7130
QRB=/	H7131
QRB==/	H7128
QRBH/	H7132
QRBN/	H7133
QRBN=/	H7133
QRB[	H7126
QRC/	H7175
QRDM/	H7134
QRH/	H7136
QRH=/	H7137
QRH[	H7136
QRJ/	H7147
QRJ>/	H7148
QRJ>H/	H7150
QRJH/	H7151
QRJT/	H7157
QRJTJM/	H7156
QRJT_>RB</	H7153
QRJT_B<L/	H7154
QRJT_J<RJM/	H7157
QRJT_SNH/	H7158
QRJT_SPR/	H7158
QRJT_XYWT/	H7155
QRJWT/	H7152
QRM[	H7159
QRN/	H7161
QRN[	H7160
QRN_HPWK/	H7163
QRQ</	H7172
QRQ<=/	H7172
QRQR/	H6979
QRQR=/	H7174
QRS/	H7165
QRSL/	H7166
QRT/	H7176
QRTH/	H7177
QRTN/	H7178
QRWB/	H7138
QRX/	H7140
QRX=/	H7142
QRX==/	H7141
QRX===/	H7143
QRXH/	H7144
QRXJ/	H7145
QRXT/	H7146
QRX[	H7144
QRY/	H7171
QSM/	H7081
QSS[	H7082
QST/	H7083
QV/	H6985
QVB/	H6986
QVL/	H6993
QVN/	H6994
QVN=/	H6996
QVN==/	H6995
QVN===/	H6996
QVP[	H6998
QVR/	H7002
QVRT/	H7004
QVRWN/	H7003
QVR[	H6999
QVT/	H7005
QVWRH/	H6988
QVWRH=/	H6989
QW/	H6965
QW</	H6970
QW=/	H6957
QW==/	H6957
QW>/	H6958
QWB</	H6959
QWCJHW/	H6984
QWC[	H6983
QWH=[	H6960
QWH[	H6960
QWL/	H6963
QWLJH/	H6964
QWMH/	H6967
QWMMJWT/	H6968
QWM[	H6965
QWP/	H6971
QWR/	H6979
QWR>/	H6981
QWRH/	H6982
QWV[	H6962
QWY/	H6975
QWY[	H6973
QY/	H7093
QY<=[	H7106
QY<[	H4742
QYB/	H7095
QYH/	H7098
QYH=/	H7097
QYH[	H7096
QYJ<H/	H7103
QYJ<H=/	H7103
QYJN/	H7101
QYJR/	H7105
QYJR=/	H7105
QYJY/	H7104
QYP/	H7110
QYP=/	H7110
QYPH/	H7111
QYP[	H7107
QYR/	H7115
QYR=/	H7116
QYR=[	H7114
QYR[	H7114
QYT/	H7117
QYW/	H7099
QYX/	H7100
QYY[	H7112
R</	H7451
R<<[	H7489
R<=/	H7453
R<==/	H7453
R<===/	H7455
R<====/	H7453
R<B/	H7458
R<B=/	H7456
R<BWN/	H7459
R<B[	H7456
R<C/	H7494
R<C[	H7493
R<D/	H7461
R<H/	H7462
R<H=/	H7463
R<H==/	H7464
R<H=[	H7462
R<J/	H7471
R<J=/	H7472
R<JH/	H7474
R<L/	H7478
R<LH/	H7479
R<LJH/	H7480
R<M/	H7482
R<MH/	H7484
R<MH=/	H7484
R<MJH/	H7485
R<MSS/	H7486
R<NN/	H7488
R<P[	H7491
R<W/	H7466
R<W>L/	H7467
R<WT/	H7468
R<WT=/	H7468
R<Y[	H7492
R>C/	H7218
R>C=/	H7218
R>C==/	H7218
R>CH/	H7221
R>CH=/	H7222
R>CJT/	H7225
R>CWN/	H7223
R>H/	H7203
R>H=/	H7200
R>H==/	H7203
R>H[	H7200
R>J/	H7210
R>J=/	H7209
R>JH/	H7211
R>M/	H7214
R>MWT/	H7216
R>WBN/	H7205
R>WBNJ/	H7206
R>WMH/	H7208
RB/	H7227
RB</	H7256
RB<=/	H7253
RB<==/	H7255
RB<===/	H7255
RB<====/	H7253
RB<=[	H7250
RB<[	H7251
RB=/	H7230
RB==/	H7227
RB===/	H7227
RBB=[	H7232
RBBH/	H7233
RBD[	H7234
RBH/	H7237
RBH=[	H7235
RBH[	H7235
RBJ<J/	H7243
RBJBJM/	H7241
RBJD/	H7242
RBJT/	H7245
RBK[	H7246
RBLH/	H7247
RBQH/	H7259
RBW/	H7238
RBY/	H7258
RBY[	H7257
RB_CQH/	H7227
RC</	H7563
RC<=/	H7562
RC<H/	H7564
RC<[	H7561
RCC[	H7567
RCJWN/	H7558
RCP/	H7565
RCP=/	H7565
RCT/	H7568
RDD[	H7286
RDH=[	H7287
RDH[	H7287
RDJ/	H7288
RDJD/	H7289
RDM[	H7290
RDP[	H7291
RG</	H7281
RG<=/	H7282
RG<[	H7280
RGB/	H7263
RGC/	H7285
RGL/	H7272
RGLJ/	H7273
RGLJM/	H7274
RGL[	H7270
RGM/	H7276
RGMH/	H7277
RGM[	H7275
RGM_MLK/	H7278
RGN[	H7279
RGZ/	H7267
RGZ=/	H7268
RGZH/	H7269
RGZ[	H7264
RHB/	H7293
RHB==/	H7293
RHJV/	H7351
RHV/	H7298
RJ/	H7377
RJB/	H7379
RJBH/	H7379
RJBJ/	H7380
RJB[	H7378
RJC/	H7389
RJPT/	H7384
RJQ/	H7385
RJQ=/	H7386
RJQM	H7387
RJQ[	H7324
RJR/	H7388
RJR[	H7325
RJX/	H7381
RK/	H7390
RK=/	H7391
RKB/	H7393
RKB=/	H7395
RKB==/	H7394
RKBH/	H7396
RKB[	H7392
RKC/	H7409
RKC[	H7408
RKH/	H7397
RKJL/	H7400
RKK[	H7401
RKL/	H7403
RKLH/	H7404
RKS/	H7406
RKS=/	H7407
RKS[	H7405
RKWB/	H7398
RKWC/	H7399
RM/	H7410
RMF/	H7431
RMF[	H7430
RMH/	H7415
RMH=/	H7411
RMH==/	H7411
RMH=[	H7411
RMH[	H7411
RMJH/	H7423
RMJH=/	H7423
RMJH==/	H7422
RMLJHW/	H7425
RMM=[	H7426
RMM[	H7311
RMS[	H7429
RMT/	H7432
RMT=/	H7432
RMTJ/	H7435
RMWN/	H7416
RMWN=/	H7417
RMWN_PRY/	H7428
RMWT/	H7419
RMX/	H7420
RN/	H7438
RNH/	H7440
RNH=/	H7440
RNNH/	H7445
RNN[	H7442
RP>/	H7497
RP>JM=/	H7497
RP>JM==/	H7497
RP>L/	H7501
RP>WT/	H7500
RP>[	H7495
RPC/	H7516
RPD[	H7502
RPH/	H7504
RPH=/	H7503
RPH==/	H7503
RPH[	H7503
RPJDH/	H7507
RPJDJM/	H7508
RPJH/	H7509
RPJWN/	H7510
RPQ[	H7514
RPT/	H7517
RPW>/	H7505
RPX/	H7506
RQ	H7535
RQ/	H7536
RQ</	H7555
RQ<[	H7554
RQ=/	H7535
RQB/	H7538
RQBWN/	H7539
RQD[	H7540
RQH/	H7541
RQJ</	H7549
RQJQ/	H7550
RQM/	H7552
RQM=/	H7552
RQMH/	H7553
RQM[	H7551
RQQ[	H7556
RQT/	H7557
RQWN/	H7542
RQX/	H7545
RQX==/	H7546
RQX===/	H7544
RSH/	H7446
RSJS/	H7447
RSJS=/	H7447
RSN/	H7449
RSN=/	H7449
RSS[	H7450
RTMH/	H7575
RTQ[	H7576
RTT/	H7578
RTWQ/	H7569
RTX/	H7571
RVB/	H7373
RVC[	H7376
RVPC[	H7375
RVV/	H7374
RW/	H7299
RW<[	H7321
RWC[	H7326
RWD[	H7300
RWH/	H7302
RWJH/	H7310
RWM=/	H7311
RWMH=/	H7316
RWMM/	H7318
RWM[	H7311
RWT/	H7327
RWX/	H7307
RWX=/	H7305
RWXH/	H7309
RWX[	H7306
RWY[	H7323
RXB/	H7342
RXB<M/	H7346
RXB=/	H7341
RXB==/	H7339
RXB===/	H7342
RXB====/	H7339
RXB=====/	H7339
RXB======/	H7338
RXBJH/	H7345
RXBWT/	H7344
RXB[	H7337
RXC[	H7370
RXJM/	H7347
RXJQ/	H7352
RXL/	H7354
RXL=/	H7354
RXM/	H7358
RXM=/	H7360
RXM==/	H7356
RXMH/	H7361
RXMH=/	H7361
RXMH==/	H7361
RXMNJ/	H7362
RXM[	H7355
RXP[	H7363
RXQ/	H7369
RXQ[	H7368
RXT/	H7371
RXWM/	H7349
RXWM=/	H7348
RXWQ/	H7350
RXY/	H7366
RXYH/	H7367
RXY[	H7364
RY/	H7518
RY<[	H7527
RY>[	H7519
RYD[	H7520
RYH=[	H7521
RYH[	H7521
RYJ>/	H7525
RYJN/	H7526
RYP/	H7529
RYP=/	H7529
RYPH/	H7532
RYPH==/	H7532
RYWN/	H7522
RYX/	H7524
RYX[	H7523
RYY[	H7533
RZ/	H7328
RZH/	H7330
RZJ/	H7334
RZM[	H7335
RZN[	H7336
S<D[	H5582
S<H[	H5584
S<JP/	H5585
S<JP=/	H5585
S<P/	H5588
S<PH/	H5589
S<R/	H5591
S>H/	H5429
S>N[	H5431
S>WN/	H5430
SB>/	H5435
SB>=/	H5433
SB>==/	H5434
SB>[	H5435
SBB[	H5437
SBH/	H5438
SBJB/	H5439
SBK/	H5442
SBKJ/	H5444
SBL/	H5449
SBL=/	H5447
SBL==/	H5448
SBLT/	H5451
SBLWT/	H5450
SBL[	H5445
SBRJM/	H5453
SBR[	H5452
SBT>/	H5454
SBTK>/	H5455
SD/	H5465
SDJN/	H5466
SDM/	H5467
SDR/	H5468
SGLH/	H5459
SGN/	H5461
SGR[	H5462
SGWR/	H5458
SGWR=/	H5458
SHR/	H5470
SHR=/	H5469
SJ<>/	H5517
SJG/	H5509
SJN/	H5512
SJN=/	H5512
SJNJ/	H5513
SJNJ=/	H5514
SJNJM/	H5515
SJR/	H5518
SJSR>/	H5516
SJWN/	H5510
SJXWN/	H5511
SK/	H5520
SK=/	H5519
SKH/	H5521
SKJ/	H5525
SKK/	H5526
SKK=[	H5526
SKKH/	H5527
SKK[	H5526
SKL/	H5530
SKL=/	H5529
SKLWT/	H5531
SKL[	H5528
SKN[	H5532
SKR=[	H5534
SKR[	H5534
SKT[	H5535
SKWT/	H5523
SKWT=/	H5522
SKWT_BNWT/	H5524
SL/	H5536
SL</	H5553
SL<=/	H5553
SL<M/	H5556
SL>/	H5538
SLD/	H5540
SLH	H5542
SLJXH/	H5547
SLKH/	H5548
SLLH/	H5550
SLL[	H5549
SLM/	H5551
SLP/	H5558
SLP[	H5557
SLQ[	H5559
SLSLH/	H5552
SLT/	H5560
SLW>/	H5543
SLWN/	H5544
SLX/	H5546
SLX[	H5545
SM/	H5561
SMDR/	H5563
SMGR_NBW/	H5562
SMKJHW/	H5565
SMK[	H5564
SML/	H5566
SMN[	H5567
SMR/	H5569
SN>H/	H5570
SNBLV/	H5571
SNH/	H5572
SNPJR/	H5579
SNSNH/	H5578
SNSNH=/	H5578
SNW>H/	H5574
SNWRJM/	H5575
SNXRJB/	H5576
SP/	H5592
SP=/	H5592
SP==/	H5592
SPD[	H5594
SPH[	H5595
SPJ/	H5598
SPJNH/	H5600
SPJR/	H5601
SPJX/	H5599
SPJX=/	H5599
SPL/	H5602
SPN/	H5604
SPN[	H5603
SPP[	H5605
SPQ[	H5606
SPR/	H5612
SPR=/	H5608
SPR==/	H5611
SPR===/	H5611
SPRD/	H5614
SPRH/	H5615
SPRT/	H5618
SPRWJ/	H5616
SPRWJM=/	H5617
SPR[	H5608
SPXT/	H5597
SPX[	H5596
SQL[	H5619
SR/	H5620
SR<PH/	H5634
SRB/	H5621
SRBL/	H5622
SRD/	H5624
SRDJ/	H5625
SRGWN/	H5623
SRH/	H5627
SRH=/	H5627
SRH==/	H5626
SRJS/	H5631
SRK/	H5632
SRN/	H5633
SRN=/	H5633
SRPD/	H5636
SRP[	H5635
SRR[	H5637
SRWX/	H5628
SRX/	H5629
SRX[	H5628
SS/	H5580
SSMJ/	H5581
STM[	H5640
STR/	H5643
STRH/	H5643
STRJ/	H5644
STR[	H5641
STW/	H5638
STWR/	H5639
SW>/	H5471
SWD/	H5475
SWDJ/	H5476
SWGR/	H5474
SWG[	H5253
SWK=[	H5480
SWK[	H5480
SWP/	H5488
SWP==/	H5488
SWPH/	H5492
SWPH=/	H5492
SWR/	H5493
SWR=/	H5493
SWR[	H5493
SWS/	H5483
SWSH/	H5484
SWSJ/	H5485
SWT/	H5497
SWVJ/	H5479
SWX/	H5477
SWXH/	H5478
SXB[	H5498
SXH[	H5500
SXJ/	H5501
SXP[	H5502
SXR/	H5504
SXRH/	H5507
SXRH=/	H5506
SXRT/	H5508
SXR[	H5503
T<<[	H8591
T<B[	H8581
T<H[	H8582
T<LH/	H8585
T<LH=/	H8585
T<LMH/	H8587
T<NJT/	H8589
T<NK/	H8590
T<NWG/	H8588
T<R/	H8593
T<W/	H8583
T<WDH/	H8584
T>/	H8372
T>BH/	H8375
T>CWR/	H8391
T>H[	H8376
T>LH/	H8381
T>M[	H8382
T>NH/	H8384
T>NH=/	H8385
T>NH==/	H8385
T>NJH/	H8386
T>NT_CLH/	H8387
T>R/	H8389
T>R</	H8390
T>R[	H8388
T>W/	H8377
T>WH/	H8378
TB<RH/	H8404
TBH/	H8392
TBH=/	H8392
TBL/	H8398
TBL=/	H8397
TBL==/	H8422
TBLJT/	H8399
TBLL/	H8400
TBN/	H8401
TBNJ/	H8402
TBNJT/	H8403
TBR[	H8406
TBW>H/	H8393
TBWNH/	H8394
TBWR/	H8396
TBWSH/	H8395
TBY/	H8405
TC</	H8672
TC>H/	H8663
TCBJ/	H8664
TCBY/	H8665
TCJ<J/	H8671
TCW<H/	H8668
TCWBH/	H8666
TCWQH/	H8669
TCWRH/	H8670
TD<L/	H8413
TDHR/	H8410
TDMR/	H8412
TFWMT/	H8667
TGLT_PL>SR/	H8407
TGMWL/	H8408
TGRH/	H8409
THLH/	H8416
THPKWT/	H8419
THW/	H8414
THWM/	H8415
TJC/	H8495
TJKWN/	H8484
TJM>/	H8485
TJMN/	H8487
TJMN=/	H8487
TJMNJ/	H8489
TJMNJ=/	H8488
TJMRH/	H8490
TJRJ>/	H8493
TJRS/	H8494
TJRWC/	H8492
TJYJ/	H8491
TK/	H8496
TKH[	H8497
TKLH/	H8502
TKLJT/	H8503
TKLT/	H8504
TKN/	H8506
TKN=/	H8506
TKNJT/	H8508
TKRJK/	H8509
TKWNH/	H8499
TL/	H8510
TL<[	H8529
TL>FR/	H8515
TL>H/	H8513
TL>[	H8511
TLBCT/	H8516
TLG/	H8517
TLH[	H8518
TLJ/	H8522
TLJTJ/	H8523
TLL[	H2048
TLM/	H8525
TLMJ/	H8526
TLMJD/	H8527
TLNWT/	H8519
TLT/	H8532
TLT=/	H8532
TLTJN/	H8533
TLTL/	H8534
TLX/	H8520
TL_>BJB/	H8512
TL_MLX/	H8528
TL_XRC>/	H8521
TM/	H8535
TM=/	H8537
TMH/	H8538
TMHWN/	H8541
TMH[	H8539
TMJD/	H8548
TMJM/	H8549
TMJM=/	H8550
TMK[	H8551
TMM[	H8552
TMN</	H8555
TMNH/	H8553
TMNJ/	H8554
TMNT_SRX/	H8556
TMNT_XRS/	H8556
TMR/	H8559
TMR=/	H8560
TMR==/	H8560
TMR===/	H8559
TMR====/	H8559
TMRWQ/	H8562
TMS/	H8557
TMWL/	H8543
TMWNH/	H8544
TMWRH/	H8545
TMWTH/	H8546
TMWZ/	H8542
TMX/	H8547
TN/	H8565
TNCMT/	H8580
TNCMT=/	H8580
TNH[	H8567
TNJN/	H8577
TNJNWT	H8579
TNW>H/	H8569
TNWBH/	H8570
TNWK/	H8571
TNWMH/	H8572
TNWPH/	H8573
TNWR/	H8574
TNXMT/	H8576
TP/	H8596
TP>RH/	H8597
TP>RT/	H8597
TPF[	H8610
TPL/	H8602
TPL=/	H8602
TPL==/	H8603
TPLH/	H8605
TPLH=/	H8604
TPLYT/	H8606
TPP[	H8608
TPR[	H8609
TPSX/	H8607
TPT/	H8612
TPT=/	H8612
TPTH/	H8613
TPTJ/	H8614
TPWX/	H8599
TPWX=/	H8599
TQ</	H8629
TQ<[	H8628
TQJP/	H8624
TQL/	H8625
TQL[	H8625
TQP/	H8633
TQW<J/	H8621
TQWH/	H8615
TQWH=/	H8615
TQWH==/	H8615
TQWMH/	H8617
TQWPH/	H8622
TR</	H8651
TR<=/	H8652
TR<LH/	H8653
TR<TJ/	H8654
TR>LH/	H8634
TRBJT/	H8636
TRBWT/	H8635
TRC/	H8657
TRCJC/	H8659
TRCJC=/	H8659
TRCJC==/	H8659
TRCT>/	H8660
TRDMH/	H8639
TRGM[	H8638
TRHQH/	H8640
TRJN/	H8648
TRMH/	H8649
TRN/	H8650
TRPJM/	H8655
TRTN/	H8661
TRTQ/	H8662
TRW<H/	H8643
TRWMH/	H8641
TRWMJH/	H8642
TRWPH/	H8644
TRX/	H8646
TRX=/	H8646
TRXNH/	H8647
TRYH/	H8656
TRYH=/	H8656
TRZH/	H8645
TTNJ/	H8674
TW/	H8420
TW<BH/	H8441
TW<H/	H8442
TW<PWT/	H8443
TWBL_QJN/	H8423
TWB[	H8421
TWCB/	H8453
TWCJH/	H8454
TWDH/	H8426
TWGH/	H8424
TWGRMH/	H8425
TWK/	H8432
TWKXH/	H8433
TWL</	H8438
TWL<=/	H8439
TWL<J/	H8440
TWL<T/	H8438
TWLD/	H8434
TWLDWT/	H8435
TWLL/	H8437
TWR/	H8449
TWRH/	H8451
TWR[	H8446
TWTX/	H8455
TWX/	H8430
TWXLT/	H8431
TWY>WT/	H8444
TXC/	H8477
TXC=/	H8477
TXKMNJ/	H8461
TXLH/	H8462
TXMS/	H8464
TXN/	H8465
TXNH/	H8467
TXNH=/	H8467
TXNJ/	H8470
TXNWN/	H8469
TXPNJS/	H8472
TXPNXS/	H8471
TXR</	H8475
TXR>/	H8473
TXT/	H8478
TXT=/	H8478
TXT==/	H8478
TXTJ/	H8482
TXTJM_XDCJ/	H8483
TXTWN/	H8481
TXW/	H8459
TXWT/	H8460
TZNWT/	H8457
TZZ[	H8456
V<H[	H2937
V<M/	H2940
V<N[	H2943
V>B[	H2868
VB/	H2869
VB<T/	H2885
VB<WT/	H2884
VB<[	H2883
VB>L/	H2870
VBLJHW/	H2882
VBL[	H2881
VBT/	H2888
VBWR/	H2872
VBX/	H2875
VBX=/	H2876
VBX==/	H2875
VBXH/	H2878
VBXH=/	H2879
VBXT/	H2880
VHR/	H2889
VHR=/	H2892
VHRH/	H2893
VHR[	H2891
VJN/	H2917
VJRH/	H2918
VJV/	H2916
VJX/	H2915
VL/	H2919
VL>JM/	H2923
VL>[	H2921
VLH/	H2924
VLM/	H2928
VLM=/	H2928
VLMWN/	H2929
VLVLH/	H2925
VM>/	H2930
VM>H/	H2932
VM>[	H2930
VMH[	H2933
VMN[	H2934
VN>/	H2935
VNP[	H2936
VP/	H2945
VPC[	H2954
VPL[	H2950
VPP[	H2952
VPR/	H2953
VPSR/	H2951
VPT/	H2955
VPX=/	H2948
VRJ/	H2961
VRJPH/	H2966
VRM/	H2962
VRP/	H2964
VRP=/	H2965
VRP==/	H2964
VRPLJ/	H2967
VRP[	H2963
VRX/	H2960
VWB/	H2896
VWB=/	H2898
VWB===/	H2897
VWBH/	H2896
VWBJH/	H2900
VWF[	H2907
VWH[	H2901
VWL[	H2904
VWR/	H2905
VWT	H2908
VWVPT/	H2903
VWX[	H2902
VXH[	H2909
VXNH/	H2913
VXN[	H2912
VXRJM/	H2914
VXWN/	H2911
WCNJ/	H2059
WCTJ/	H2060
WDN/	H2051
WHB/	H2052
WJZT>/	H2055
WLD/	H2056
WNJH/	H2057
WPSJ/	H2058
WW/	H2053
WZR/	H2054
XB/	H2243
XB>[	H2244
XBB/	H2246
XBB[	H2245
XBC[	H2280
XBH/	H3160
XBJH/	H2252
XBJWN/	H2253
XBL=/	H2256
XBL==/	H2259
XBL===/	H2256
XBL====/	H2258
XBL=====/	H2260
XBL[	H2254
XBQ/	H2264
XBQWQ/	H2265
XBQ[	H2263
XBR/	H2270
XBR=/	H2268
XBR==/	H2271
XBR===/	H2268
XBRH/	H2274
XBRJ/	H2277
XBRNJ/	H2276
XBRT/	H2279
XBRT=/	H2278
XBRWN/	H2275
XBRWN=/	H2275
XBR[	H2266
XBV[	H2251
XBWLH/	H2248
XBWR/	H2249
XBWRH/	H2250
XBYLT/	H2261
XBYNJH/	H2262
XCB/	H2805
XCBDNH/	H2806
XCBH/	H2807
XCBJH/	H2811
XCBNH/	H2812
XCBNJH/	H2813
XCBWN==/	H2809
XCB[	H2803
XCC/	H2842
XCH[	H2814
XCK/	H2822
XCK=/	H2823
XCKH/	H2825
XCK[	H2821
XCL[	H2826
XCM/	H2367
XCM=/	H2828
XCM==/	H2828
XCML/	H2830
XCMNH/	H2832
XCMWN/	H2829
XCN/	H2833
XCQ/	H2837
XCQ=/	H2839
XCQ[	H2836
XCR/	H2840
XCRH/	H2841
XCTJ/	H2843
XCWB/	H2815
XCWK/	H2816
XCX[	H2818
XD/	H2298
XD=/	H2298
XDC/	H2319
XDC=/	H2320
XDC==/	H2320
XDCH/	H2322
XDD/	H2301
XDH/	H2302
XDH[	H2302
XDJD/	H2307
XDL/	H2310
XDL=/	H2309
XDLJ/	H2311
XDL[	H2308
XDQ/	H2312
XDQL/	H2313
XDR/	H2315
XDRK/	H2317
XDT/	H2323
XDWH/	H2304
XFK[	H2820
XFP/	H2835
XFWP>/	H2817
XG/	H2282
XG>/	H2283
XGB/	H2284
XGB=/	H2284
XGG[	H2287
XGJ/	H2291
XGJ=/	H2292
XGJ==/	H2291
XGJH/	H2293
XGJT/	H2294
XGLH/	H2295
XGR[	H2296
XGW/	H2288
XGWRH/	H2290
XJ/	H2416
XJ>L/	H2419
XJC/	H2363
XJDH/	H2420
XJH/	H2416
XJH=/	H2422
XJH[	H2421
XJJM/	H2416
XJL/	H2428
XJL=/	H2427
XJL==/	H2426
XJL==[	H2342
XJLH/	H2430
XJLM/	H2431
XJL[	H2342
XJN/	H2433
XJQ/	H2436
XJRH/	H2437
XJRM/	H2438
XJWT/	H2424
XJY/	H2434
XJYWN/	H2435
XK/	H2441
XKH/	H2443
XKJLH/	H2444
XKJM/	H2445
XKLJH/	H2446
XKLJLJ/	H2447
XKLLWT/	H2448
XKM/	H2450
XKMH/	H2451
XKMWNJ/	H2453
XKMWT/	H2454
XKM[	H2449
XL/	H2455
XL>H/	H2458
XL>H=/	H2458
XL>[	H2456
XLB/	H2461
XLB=/	H2460
XLB==/	H2460
XLBH/	H2462
XLBNH/	H2464
XLBWN/	H2463
XLC/	H2523
XLC[	H2522
XLD/	H2465
XLD=/	H2467
XLD==/	H2466
XLDH/	H2468
XLDJ/	H2469
XLH/	H2471
XLH[	H2470
XLJ/	H2483
XLJ=/	H2482
XLJ==/	H2482
XLJH/	H2484
XLJL/	H2485
XLJLH	H2486
XLJPH/	H2487
XLJYH/	H2488
XLL/	H2491
XLL[	H2490
XLM/	H2493
XLMJC/	H2496
XLMWT/	H2495
XLM[	H2492
XLN/	H2497
XLN=/	H2473
XLP/	H2500
XLP=/	H2500
XLP=[	H2498
XLP[	H2498
XLQ/	H2506
XLQ=/	H2509
XLQ==/	H2512
XLQ===/	H2506
XLQ====/	H2506
XLQH/	H2513
XLQH=/	H2513
XLQH==/	H2515
XLQJ/	H2516
XLQJ=/	H2517
XLQJH/	H2518
XLQT/	H2520
XLQ[	H2505
XLV[	H2480
XLWCH/	H2476
XLWM/	H2472
XLWN/	H2474
XLWP/	H2475
XLX/	H2477
XLXLH/	H2479
XLXWL/	H2478
XLY/	H2503
XLY=/	H2503
XLY[	H2502
XM/	H2527
XM=/	H2526
XM==/	H2526
XM===/	H2526
XM>H/	H2529
XMC/	H2568
XMC=/	H2569
XMC==/	H2569
XMD/	H2531
XMDH/	H2532
XMDN/	H2533
XMDWT/	H2532
XMD[	H2530
XMH/	H2534
XMH=/	H2535
XMJCJ/	H2549
XMJCJT/	H2549
XMJY/	H2548
XMLH/	H2551
XMLH=/	H2551
XML[	H2550
XMN/	H2553
XMQ[	H2559
XMR/	H2563
XMR=/	H2563
XMR==/	H2564
XMR===/	H2561
XMRN/	H2566
XMS/	H2555
XMT/	H2573
XMT=/	H2574
XMT==/	H2575
XMT===/	H2575
XMTJ/	H2577
XMT_D>R/	H2576
XMV/	H2546
XMVH/	H2547
XMW>L/	H2536
XMWL/	H2538
XMWLJ/	H2539
XMWN/	H2540
XMWQ/	H2542
XMWR/	H2543
XMWR=/	H2544
XMWT/	H2545
XMWVL/	H2537
XMWY/	H2541
XMWY=/	H2541
XMY/	H2557
XMY=/	H2558
XN/	H2580
XN=/	H2580
XNDD/	H2582
XNH/	H2584
XNH[	H2583
XNJ>L/	H2592
XNJK/	H2593
XNJNH/	H2594
XNJT/	H2595
XNKH/	H2598
XNKJ/	H2599
XNK[	H2596
XNM	H2600
XNM>L/	H2601
XNML/	H2602
XNN/	H2605
XNN>L/	H2606
XNNJ/	H2607
XNNJH/	H2608
XNN[	H2603
XNP/	H2610
XNP=/	H2612
XNPH/	H2613
XNP[	H2610
XNQ[	H2614
XNS/	H2609
XNTN/	H2615
XNVJM/	H2590
XNV[	H2590
XNWK/	H2585
XNWK=/	H2585
XNWN/	H2587
XNWN=/	H2586
XNWT/	H2588
XP/	H2643
XP>[	H2644
XPC/	H2667
XPCH/	H2668
XPCJ/	H2670
XPCJT/	H2669
XPF/	H2665
XPF[	H2664
XPH/	H2647
XPH=/	H2647
XPJM/	H2650
XPN/	H2651
XPNJ/	H2652
XPP[	H2653
XPR/	H2660
XPR=/	H2660
XPR=[	H2658
XPRJ/	H2662
XPRJM/	H2663
XPY/	H2656
XPY=/	H2654
XPYJ_BH/	H2657
XPY[	H2654
XPZWN/	H2649
XPZ[	H2648
XQ/	H2706
XQH/	H2708
XQQ/	H2712
XQQ[	H2710
XQR/	H2714
XQR[	H2713
XQWP>/	H2709
XR/	H2715
XR=/	H2715
XR==/	H2715
XRB/	H2719
XRB=/	H2721
XRB==/	H2720
XRB===/	H2722
XRBH/	H2724
XRBWN/	H2725
XRBWN>/	H2726
XRB[	H2717
XRC/	H2796
XRC=/	H2795
XRC==/	H2793
XRC===/	H2791
XRC====/	H2796
XRC=====/	H2791
XRC======/	H2791
XRC>/	H2797
XRCT/	H2799
XRCT_HGWJM/	H1471
XRC[	H2790
XRD/	H2730
XRDH/	H2731
XRDH=/	H2731
XRDJ/	H2733
XRD[	H2729
XRF/	H2789
XRGL/	H2728
XRG[	H2727
XRH=[	H2734
XRHJH/	H2736
XRH[	H2734
XRJ/	H2752
XRJ=/	H2750
XRJ==/	H2752
XRJ===/	H2752
XRJC/	H2758
XRJCJ/	H2759
XRJP/	H2756
XRJV/	H2754
XRJY/	H2757
XRJY=/	H2757
XRM/	H2764
XRM=/	H2764
XRM==/	H2766
XRM===/	H2765
XRM=[	H2763
XRMC/	H2770
XRMH/	H2767
XRMWN/	H2768
XRMWNJM/	H2769
XRM[	H2763
XRN/	H2771
XRN=/	H2771
XRNJ/	H2772
XRNPR/	H2774
XRP/	H2779
XRP=/	H2779
XRP==/	H2780
XRP=[	H2778
XRPH/	H2781
XRP[	H2778
XRQ[	H2786
XRS/	H2775
XRS=/	H2775
XRT/	H2802
XRT[	H2801
XRV/	H2747
XRVM/	H2748
XRWL/	H2738
XRWMP/	H2739
XRWN/	H2740
XRWPJ/	H2741
XRWY/	H2743
XRWY=/	H2743
XRWY==/	H2743
XRWY===/	H2743
XRWY====/	H2743
XRWY=====/	H2743
XRXR/	H2746
XRXS/	H2745
XRXWR/	H2744
XRY/	H2783
XRYN/	H2785
XRY[	H2782
XR_HGDGD/	H2735
XSD/	H2617
XSD=/	H2617
XSD==/	H2617
XSDJH/	H2619
XSH/	H2621
XSH=/	H2621
XSH[	H2620
XSJD/	H2623
XSJDH/	H2624
XSJL/	H2625
XSJN/	H2626
XSJR/	H2627
XSL[	H2628
XSM[	H2629
XSN/	H2634
XSN=/	H2633
XSP/	H2635
XSPS[	H2636
XSR/	H2637
XSR=/	H2639
XSR==/	H2640
XSRH/	H2641
XSRWN/	H2642
XSR[	H2637
XSWT/	H2622
XT/	H2844
XT=/	H2844
XT==/	H2845
XTH/	H2847
XTJ/	H2850
XTJT/	H2851
XTK[	H2852
XTLH/	H2854
XTLN/	H2855
XTL[	H2853
XTMT/	H2858
XTM[	H2856
XTN/	H2860
XTNH/	H2861
XTN[	H2859
XTP/	H2863
XTR[	H2864
XTT/	H2867
XTT=/	H2867
XTT[	H2865
XTWL/	H2848
XV>/	H2399
XV>=/	H2400
XV>H/	H2401
XV>H=/	H2403
XV>H==/	H2398
XV>[	H2398
XVB=[	H2404
XVB[	H2404
XVH/	H2406
XVJL/	H2411
XVJP>/	H2412
XVJV>/	H2410
XVM[	H2413
XVP[	H2414
XVR/	H2415
XVWC/	H2407
XWBH/	H2327
XWC=[	H2363
XWCH/	H2364
XWCJ/	H2365
XWCJM/	H2366
XWCJM=/	H2366
XWC[	H2363
XWD[	H2330
XWG/	H2329
XWH/	H2332
XWH=/	H2332
XWH[	H7812
XWJ/	H2340
XWJLH/	H2341
XWL/	H2344
XWL==/	H2342
XWL[	H2342
XWM/	H2345
XWMH/	H2346
XWP/	H2348
XWPM/	H2349
XWPMJ/	H2350
XWR/	H2354
XWR=/	H2354
XWRJ=/	H2359
XWRJ==/	H2360
XWRM/	H2361
XWRN/	H2362
XWS[	H2347
XWTM/	H2368
XWV/	H2339
XWY/	H2351
XX/	H2397
XY/	H2671
XYB[	H2672
XYH[	H2673
XYJ/	H2677
XYJ=/	H2677
XYJR/	H2682
XYJR=/	H2682
XYJR==/	H2682
XYN/	H2684
XYP[	H2685
XYR/	H2691
XYRMWT/	H2700
XYRW/	H2695
XYRWN/	H2696
XYRWN=/	H2696
XYRWNJ/	H2697
XYRWT/	H2698
XYR_<JNN/	H2704
XYR_<JNWN/	H2703
XYR_>DR/	H2692
XYR_CW<L/	H2705
XYR_GDH/	H2693
XYR_SWSH/	H2701
XYR_SWSJM/	H2702
XYWR/	H2674
XYWR_XDTH/	H2675
XYWT/	H2676
XYY/	H2687
XYYN_TMR/	H2688
XYYRH/	H2689
XYY[	H2686
XZ>L/	H2371
XZH/	H2373
XZH=/	H2374
XZH[	H2372
XZJ>L/	H2381
XZJH/	H2382
XZJR/	H2386
XZJR=/	H2387
XZJZ/	H2385
XZQ/	H2389
XZQ=/	H2392
XZQ==/	H2390
XZQ===/	H2391
XZQH/	H2394
XZQH=/	H2393
XZQJ/	H2395
XZQJH/	H2396
XZQ[	H2388
XZW/	H2375
XZWN/	H2377
XZWT/	H2380
Y<D/	H6806
Y<DH/	H6807
Y<D[	H6805
Y<H[	H6808
Y<JP/	H6809
Y<JR/	H6810
Y<JR=/	H6810
Y<JRH/	H6812
Y<N/	H6814
Y<NNJM/	H6815
Y<QH/	H6818
Y<Q[	H6817
Y<R/	H6820
Y>H/	H0853
Y>H=/	H6627
Y>N/	H6629
Y>NN/	H6630
YB/	H6632
YB</	H6648
YB<JM/	H6650
YB<WN/	H6649
YB=/	H6632
YB>/	H6635
YB>=/	H6635
YB>JM/	H6636
YBH/	H6639
YBH[	H6638
YBJ/	H6643
YBJ=/	H6643
YBJ>/	H6644
YBJH/	H6646
YBR/	H6652
YBT/	H6653
YBV[	H6642
YBW/	H6640
YBW</	H6641
YD/	H6654
YD=/	H6654
YD>	H6656
YDD/	H6657
YDH=[	H6658
YDH[	H6658
YDJH/	H6660
YDJM/	H6661
YDJQ/	H6662
YDQ/	H6664
YDQH/	H6666
YDQJH/	H6667
YDQ[	H6663
YDWQ/	H6659
YHB/	H6669
YHL=[	H6670
YHL[	H6670
YHR/	H6672
YHRJM/	H6672
YJ/	H6716
YJ<R/	H6730
YJ=/	H6716
YJB>/	H6717
YJD/	H6718
YJD=/	H6718
YJD==/	H6719
YJDH/	H6720
YJDNJ/	H6722
YJDWN/	H6721
YJD[	H6679
YJH/	H6723
YJNQ/	H6729
YJR/	H6735
YJR=/	H6735
YJR==/	H6735
YJR===/	H6735
YJR[	H6737
YJWN=/	H6725
YJWN==/	H6726
YJX>/	H6727
YJY/	H6731
YJY=/	H6731
YJYH/	H6733
YJYT/	H6734
YL/	H6738
YL</	H6763
YL<=/	H6762
YL<==/	H6763
YLH/	H6741
YLJ/	H6748
YLJL/	H6742
YLL[	H6749
YLM/	H6754
YLMN</	H6759
YLMNH/	H6758
YLMWN/	H6756
YLMWN=/	H6756
YLMWT/	H6757
YLP/	H6764
YLPXD/	H6765
YLQ/	H6768
YLTJ/	H6769
YLXJT/	H6746
YLXT/	H6747
YLX[	H6743
YLYL/	H6767
YLYL=/	H6767
YLYX/	H6766
YM>/	H6770
YM>=/	H6772
YM>H/	H6773
YM>WN/	H6774
YM>[	H6770
YMD/	H6776
YMD[	H6775
YMH/	H6777
YMJD/	H6781
YMJD=/	H6781
YMJM/	H6782
YMQ[	H6784
YMR/	H6785
YMRJ/	H6786
YMRJM/	H6787
YMRT/	H6788
YMTT/	H6783
YMT[	H6789
YMX/	H6780
YMX[	H6779
YN/	H6791
YN<[	H6800
YN=/	H6790
YN>/	H6792
YNH/	H6793
YNH=/	H6793
YNH==/	H6793
YNJNJM/	H6796
YNJP/	H6797
YNM/	H6798
YNN/	H6799
YNPH/	H6802
YNP[	H6801
YNWR/	H6794
YNX[	H6795
YNYNT/	H6803
YP</	H6848
YPD[	H6821
YPH/	H6822
YPH=[	H6823
YPJH/	H6836
YPJR/	H6842
YPJRH/	H6843
YPJT/	H6844
YPJWN/	H6837
YPJXT/	H6838
YPNJH/	H6846
YPNT_P<NX/	H6847
YPN[	H6845
YPP[	H6850
YPRD</	H6854
YPRH/	H6855
YPRN/	H6856
YPR[	H6852
YPT/	H6858
YPT=/	H6857
YPTH/	H6859
YPW/	H6825
YPWJ/	H6826
YPWN/	H6828
YPWN=/	H6829
YPWN==/	H6827
YPWNJ/	H6831
YPWR/	H6833
YPWR=/	H6834
YPXT/	H6835
YPYPH/	H6851
YQLG/	H6860
YR/	H6862
YR<H/	H6880
YR<H=/	H6881
YR<J/	H6882
YR<T/	H6883
YR<[	H6879
YR=/	H6862
YR==/	H6864
YR===/	H6862
YR====/	H6864
YR=====/	H6863
YRB/	H6866
YRBT/	H6867
YRB[	H6866
YRDH/	H6868
YRH/	H6869
YRH=/	H6869
YRJ=/	H6876
YRJ==/	H6875
YRJX/	H6877
YRK/	H6878
YRPJ/	H6885
YRPT/	H6886
YRP[	H6884
YRR=[	H6887
YRRH/	H6888
YRR[	H6887
YRT/	H6889
YRTN/	H6891
YRT_HCXR/	H6890
YRW<H/	H6871
YRWJH/	H6870
YRWR/	H6872
YRWR=/	H6872
YRWR==/	H6872
YRX[	H6873
YW/	H6673
YW<R/	H6686
YW>R/	H6677
YWB>/	H6678
YWD[	H6679
YWH[	H6680
YWLH/	H6683
YWM[	H6684
YWP/	H6687
YWP=/	H6687
YWPX/	H6690
YWP[	H6687
YWQ[	H6693
YWR/	H6697
YWR=/	H6697
YWR==/	H6697
YWR==[	H3335
YWR=[	H6696
YWRH/	H6699
YWRJ>L/	H6700
YWRJCDJ/	H6701
YWR[	H6696
YWT[	H6702
YWXH/	H6682
YWX[	H6681
YWY=[	H6692
YWY[	H6692
YX/	H6703
YXH/	H6704
YXH[	H6704
YXJX/	H6706
YXJXH/	H6707
YXNH/	H6709
YXQ/	H6712
YXQ[	H6711
YXR/	H6715
YXR=/	H6714
YXYXH/	H6710
Z<H/	H2188
Z<JR/	H2191
Z<K[	H2193
Z<M/	H2195
Z<M[	H2194
Z<P/	H2197
Z<P=/	H2198
Z<P[	H2196
Z<QH/	H2201
Z<Q[	H2199
Z<WH/	H2189
Z<WN/	H2190
Z>B/	H2061
Z>B=/	H2061
Z>T	H2063
ZBD=/	H2066
ZBDJ/	H2067
ZBDJ>L/	H2068
ZBDJH/	H2069
ZBD[	H2065
ZBJ/	H2079
ZBJN>/	H2081
ZBL/	H2083
ZBL=/	H2083
ZBN[	H2084
ZBWB/	H2070
ZBWD/	H2071
ZBWLN/	H2074
ZBWLNJ/	H2075
ZBX/	H2077
ZBX=/	H2077
ZBX[	H2076
ZD/	H2086
ZDWN/	H2087
ZG/	H2085
ZH	H2088
ZH=	H2090
ZHB/	H2091
ZHM/	H2092
ZHR/	H2096
ZHR[	H2094
ZJ</	H2127
ZJDWN/	H2121
ZJD[	H2102
ZJN>/	H2126
ZJP/	H2128
ZJP=/	H2128
ZJPH/	H2129
ZJPJ/	H2130
ZJQH/	H2131
ZJT/	H2132
ZJTN/	H2133
ZJW/	H2122
ZJZ/	H2123
ZJZ=/	H2123
ZJZ>/	H2124
ZJZH/	H2125
ZK/	H2134
ZKH[	H2135
ZKJ/	H3588
ZKK[	H2141
ZKR/	H2143
ZKR=/	H2145
ZKR==/	H2143
ZKRJ/	H2147
ZKRJH/	H2148
ZKRWN/	H2146
ZKR[	H2142
ZKW/	H2136
ZKWKJT/	H2137
ZKWR=/	H2138
ZKWR==/	H2139
ZL<PH/	H2152
ZLL[	H2151
ZLPH/	H2153
ZMH/	H2154
ZMH=/	H2154
ZMJR/	H2158
ZMJR=/	H2158
ZMJRH/	H2160
ZMM[	H2161
ZMN/	H2166
ZMR/	H2169
ZMR=/	H2171
ZMR=[	H2168
ZMRH/	H2173
ZMRH=/	H2173
ZMRJ/	H2174
ZMRJ=/	H2174
ZMRN/	H2175
ZMR[	H2167
ZMWRH/	H2156
ZMZMJM/	H2157
ZN/	H2177
ZNB/	H2180
ZNB[	H2179
ZNH=[	H2181
ZNH[	H2181
ZNQ[	H2187
ZNWNJM/	H2183
ZNWT/	H2184
ZNWX/	H2182
ZNWX=/	H2182
ZNX=[	H2186
ZNX[	H2186
ZPT/	H2203
ZQN/	H2205
ZQN=/	H2206
ZQN==/	H2207
ZQNH/	H2209
ZQNJM/	H2208
ZQN[	H2204
ZQQ[	H2212
ZR/	H2114
ZR</	H2233
ZR<[	H2232
ZR=/	H2213
ZR>/	H2214
ZRBBL/	H2216
ZRB[	H2215
ZRC/	H2238
ZRD/	H2218
ZRH=[	H2219
ZRH[	H2219
ZRM/	H2230
ZRMH/	H2231
ZRQ=[	H2236
ZRQ[	H2236
ZRR[	H2237
ZRT/	H2239
ZRW</	H2220
ZRW<=/	H2221
ZRX/	H2226
ZRX=/	H2226
ZRXJ/	H2227
ZRXJH/	H2228
ZRX[	H2224
ZRZJP/	H2222
ZRZJR/	H2223
ZTM/	H2241
ZTR/	H2242
ZTW>/	H2240
ZW	H2098
ZW/	H2099
ZW<H/	H2113
ZWB[	H2100
ZWJT/	H2106
ZWLH/	H2108
ZWL[	H2107
ZWR=[	H2115
ZWXT/	H2105
ZWZJ/	H2104
ZXLT/	H2120
ZXL[	H2119
ZXX[	H2118
ZZ>/	H2117
