lex,default
<B/,雲
<B=/,雲
<B==/,雲
<BC[,枯萎；乾枯
<BD/,奴隸；僕人；官員；臣民；附庸
<BD=/,作為
<BD==/,奴隸；僕人；官員；臣民；附庸
<BD>/,亞比大，《思》阿貝達
<BD>L/,亞伯疊，《思》哈貝德耳
<BDH/,工作；勞動；服務
<BDH=/,僕人，僕婢
<BDJ/,亞伯底，《思》阿貝狄
<BDJ>L/,押比疊，《思》阿貝狄耳
<BDJHW/,奴隸；僕人；官員；臣民；附庸
<BDWN/,押頓，《思》阿貝冬
<BDWN=/,押頓，《思》阿貝冬
<BD[,服事（某人 )
<BD_>DWM/,俄別‧以東，《思》敖貝得厄東
<BD_MLK/,以伯‧米勒，《思》厄貝得默肋客
<BD_NGW/,亞伯尼歌，《思》阿貝得乃哥
<BH[,胖；粗
<BJ/,厚的
<BR/,一邊；側面
<BR=/,一邊；側面
<BR=[,經過；路過；過去；穿過；橫過
<BRH/,淺灘；渡口
<BRH=/,傲慢無禮；傲慢
<BRJ/,希伯來，《思》希伯來
<BRJ=/,希伯來，《思》希伯來
<BRJM/,亞巴琳，《思》阿巴陵
<BRN/,義伯崙，《思》阿貝冬
<BRNH/,阿博拿，《思》阿貝洛納
<BR[,經過；路過；過去；穿過；橫過
<BT/,繩子
<BV=[,借入
<BVJV/,當頭，抵押品
<BV[,借入
<BWT/,枝葉繁茂
<BWV/,當頭，抵押品
<C/,蛾
<C=/,蛾
<C==/,蛾
<CC[,變得軟弱；變衰弱
<CJR/,有錢人；財主
<CQ/,敲詐勒索；濫權
<CQ=/,以設，《思》厄舍克
<CQH/,困擾；陷入困境
<CQ[,敲詐勒索；詐騙；濫權
<CR/,財富；錢財
<CR[,富有；變得富有
<CT/,牌匾？牌子？板塊？方塊？
<CTJ/,十一；第十一
<CTRT/,亞斯她錄，《思》阿市托勒特
<CTRT=/,小綿羊；小山羊
<CTRT==/,亞斯她錄，《思》阿市托勒特
<CTRTJ/,亞施他拉人，《思》阿市塔洛特人
<CTRT_QRNJM/,亞特律‧加寧，《思》阿市塔特卡爾納殷
<CTRWT/,亞斯她錄，《思》阿舍塔洛特，阿市塔洛特
<CTWT/,思想；意見
<CWT=/,亞施法，《思》阿市瓦特
<D<DH/,亞大達，《思》阿爾阿辣
<D=/,見證，證人
<DCH/,紅豆，小扁豆
<DH/,見證；規定
<DH=/,見證；規定
<DH===/,亞大，《思》阿達
<DJ/,首飾；珠寶
<DJ>L/,亞底業，《思》阿狄耳
<DJN>/,亞第拿，《思》阿狄納
<DJTJM/,亞底他音，《思》阿狄塔殷
<DLJ/,亞第萊，《思》阿德來
<DLM/,亞杜蘭，《思》阿杜藍
<DLMJ/,亞杜蘭人，《思》阿杜藍人
<DN,仍然；至今
<DN===/,伊甸，《思》厄登
<DN>/,阿底拿，《思》阿德納
<DP[,多出來的；剩下的
<DR/,一群；畜群
<DR=/,一群；畜群
<DR==/,一群；畜群
<DR===/,亞得，《思》厄德爾
<DRJ>L/,亞得列，《思》阿德黎耳
<FB/,草；綠色植物；植被；牧草
<FH>L/,亞撒黑，《思》阿撒耳
<FH[,造；創造；生產；建築
<FJ>L/,亞薛，《思》阿息耳
<FJH/,亞撒雅，《思》阿撒雅
<FJRJ/,第十
<FQ/,埃色，《思》「爭論」
<FR=/,十
<FRH=/,十
<FRWN/,三分之一
<FW/,以掃，《思》厄撒烏
<FWR/,十
<GH/,餅；哈拉餅
<GJL/,耳環
<GL/,公牛犢
<GL=/,圓形的
<GLH/,伊基拉‧施利施亞，《思》厄革拉舍里史雅
<GLH=/,車；馬車；戰車
<GLH==/,伊基拉‧施利施亞，《思》厄革拉舍里史雅
<GLWN/,伊磯倫，《思》厄革隆
<GLWN=/,伊磯倫，《思》厄革隆
<GM[,悲傷；憂愁
<GN[,隔離；避免（結婚）
<GWR/,白鶴
<J/,廢墟
<JBL/,以巴錄，《思》厄巴耳
<JBL=/,以巴錄，《思》厄巴耳
<JC/,大熊星座，北斗
<JJM/,以耶‧亞巴琳（以因），《思》依因阿巴陵
<JJ_H<BRJM/,以耶‧亞巴琳，《思》依耶阿巴陵，依因阿巴陵
<JLJ/,以來，《思》依來
<JLM/,以攔，《思》厄藍
<JNN/,以南，《思》厄南
<JN_<GLJM/,隱‧以革蓮，《思》恩厄革拉因
<JN_CMC/,隱‧示麥，《思》舍默士水泉
<JN_DWR/,隱‧多珥，《思》恩多爾
<JN_GDJ/,隱‧基底，《思》恩革狄
<JN_GNJM/,隱‧干寧，《思》恩加寧
<JN_MCPV/,安‧密巴，《思》恩米市帕特
<JN_RGL/,隱‧羅結，《思》洛革耳泉
<JN_RMWN/,隱‧臨門，《思》恩黎孟
<JN_TPWX/,隱‧他普亞，《思》恩塔普亞
<JN_XDH/,隱‧哈大，《思》恩哈達
<JN_XRD/,哈律泉，《思》哈洛得泉
<JN_XYWR/,隱‧夏瑣，《思》恩哈祚爾
<JP/,疲倦；虛弱；十分飢餓
<JP[,飛行
<JR/,城鎮
<JR=/,小公驢
<JR==/,城鎮
<JR===/,城鎮
<JR====/,城鎮
<JR>/,以拉，《思》依辣
<JRD/,以拿，《思》依辣得
<JRJ/,以利，《思》依黎
<JRM/,赤身露體
<JRM=/,以蘭，《思》依蘭
<JRW/,以路，《思》依爾
<JR_CMC/,伊珥‧示麥，《思》依爾舍默士
<JR_HMLX/,鹽城，《思》鹽城
<JV/,猛禽
<JVM/,以坦，《思》厄坦
<JWN/,以雲，《思》依雍
<KBJC/,蜘蛛
<KBR/,老鼠；耗子
<KBWR/,亞革波，《思》阿革波爾
<KCWB/,蜘蛛；毒蛇
<KN/,亞干，《思》阿干
<KR/,亞迦，《現》亞干，《思》阿加爾
<KRN/,俄蘭，《思》敖革蘭
<KR[,麻煩
<KS/,腳鐲，足飾
<KSH/,押撒，《思》阿革撒
<KW/,亞柯，《思》阿苛
<KWR/,亞割谷，《思》阿苛爾山谷
<L/,軛；壓迫；綑綁
<L>/,烏拉，《思》烏拉
<LG/,口吃的人
<LH/,（獻）燔祭
<LH=/,葉子
<LH[,上來；上騰，上升
<LJ/,上面的
<LJ=/,杵
<LJ==/,以利，《思》厄里
<LJH/,樓上；樓頂屋
<LJL/,煉爐；窯
<LJLH/,工作，作為
<LJLJH/,工作，作為
<LJWN/,高；上面的；頂部的
<LJZ/,快樂；欣喜；歡欣鼓舞；眉飛色舞
<LLWT/,落穗
<LL[,經常做（某些）行為
<LM/,男孩
<LMH/,女孩；年輕女子
<LMT/,阿勒篾，《思》阿肋默特
<LMT=/,阿勒篾，《思》阿肋默特
<LMWN/,亞勒們，《思》阿耳孟
<LM[,躲藏起來
<LPH/,變得虛弱
<LP[,變得虛弱
<LS[,享受
<LVH/,黃昏；傍晚
<LWQH/,尼羅河水蛭
<LY[,高興；歡欣鼓舞
<LZ/,高興；歡欣鼓舞
<M<D/,亞末，《思》阿瑪得
<MCSJ/,亞瑪帥，《思》阿瑪賽
<MD=/,地方，地點；位置
<MDH/,站立位置；防守
<MD[,站，站立；站穩
<MF>/,亞瑪撒，《思》阿瑪撒
<MFJ/,亞瑪賽，《思》阿瑪賽
<MJ>L/,亞米利，《思》阿米耳
<MJCDJ/,亞米沙代，《思》阿米沙待
<MJHWD/,亞米忽，《思》阿米胡得
<MJNDB/,亞米拿達，《思》阿米納達布
<MJR/,割下的穀物；禾捆
<MJZBD/,暗米薩拔，《思》阿米匝巴特
<MLQ/,亞瑪力，《思》阿瑪肋克
<MLQJ/,亞瑪力人，《思》阿瑪肋克人
<MM=[,變暗
<MM[,變暗
<MNH/,基法‧阿摩尼
<MQ/,伊麥‧基悉，《思》厄默客刻漆茲
<MQ=/,深
<MQ==/,舌頭的深處＞晦澀難懂的言語
<MQ===/,深度；深厚
<MR/,禾捆
<MR=/,禾捆
<MRH/,蛾摩拉，《思》哈摩辣
<MRJ/,暗利，《思》敖默黎
<MRM/,暗蘭，《思》阿默蘭
<MRMJ/,暗蘭族，《思》阿默蘭族
<MR[,捆綁
<MSJH/,亞瑪斯雅，《思》阿瑪息雅
<MWD/,柱子，圓柱
<MWN/,亞捫，《思》阿孟
<MWNJ/,亞捫人，《思》阿孟人
<MWQ/,亞木，《思》阿摩克
<MWS/,阿摩司，《思》亞毛斯
<NB/,葡萄
<NB=/,亞拿伯，《思》阿納布
<NC/,罰款；貢金
<NC[,罰款
<ND[,捆綁
<NG/,精緻
<NG=/,愉快
<NG[,精緻
<NH=/,亞拿，《思》阿納
<NH==[,回答，回應，說出來
<NH[,回答，回應，說出來
<NJ/,受苦的；窮人
<NJ=/,受苦；不幸；痛苦
<NJ==/,烏尼，《思》翁尼
<NJH/,亞奈雅，《思》阿納雅
<NJM/,亞念，《思》阿寧
<NJN/,業務；事情
<NM/,亞年，《思》恩加寧
<NMJM/,亞拿米人，《思》阿納明人
<NMLK/,亞拿米勒，《思》阿納默肋客
<NN/,雲；霧；煙
<NN=/,雲；霧；煙
<NNH/,雲
<NNJ/,阿拿尼，《思》阿納尼
<NNJH/,亞難尼，《思》阿納尼雅
<NNJH=/,亞難尼，《思》阿納尼雅
<NN[,占卜；算命
<NP/,樹枝；分枝
<NP=/,枝葉繁茂
<NQ=/,項鍊；吊墜；項圈
<NQ[,（某項活動）用作項鏈>全身心投入（某項活動）
<NR/,亞乃，《思》阿乃爾
<NR=/,亞乃，《思》阿乃爾
<NT/,亞拿，《思》阿納特
<NTTJ/,從亞拿突來
<NTTJH/,安陀提雅，《思》安托提雅
<NTWT/,亞拿突，《思》阿納托特
<NTWT=/,亞拿突，《思》阿納托特
<NW/,受苦的；貧窮的；謙卑的
<NWB/,亞諾，《思》阿奴布
<NWH/,謙遜；溫柔
<NWT/,苦難；痛苦
<PL/,痔瘡；腫瘤；潰瘍
<PL[,膨脹；驕傲
<PNJ/,俄弗尼，《思》敖弗尼
<PR/,泥土；塵土；粉末
<PR=/,年輕的鹿，小鹿
<PR==/,以弗，《思》厄斐爾
<PRH/,俄弗拉，《思》敖斐辣
<PRH=/,俄弗拉，《思》敖斐辣
<PRH==/,俄弗拉，《思》敖斐辣
<PRT/,鉛
<QB/,補償；獎勵
<QB=/,腳跟；蹄
<QB==/,留下蹤跡
<QBH/,不誠實；狡猾
<QB[,雅各，《思》雅各伯
<QC/,歪曲的人
<QC=/,歪曲的人
<QCWT/,歪曲
<QD/,有條紋的，有斑紋的
<QD[,捆綁
<QH/,叫囂；喧鬧
<QLQL/,旁路；小道
<QLTWN/,扭曲；蠕動
<QL[,歪曲的；反常的
<QN/,亞干，《思》阿甘
<QR/,不能生育；不孕的
<QR=/,家庭成員；子孫
<QR==/,家庭成員；子孫
<QRB/,蠍子
<QRWN/,以革倫，《思》厄刻龍
<QRWNJ/,以革倫人，《思》厄刻龍人
<QR[,根除；連根拔起
<QWB/,阿谷，《思》阿谷布
<R/,敵人；對敵
<R<R/,窮乏人
<R<RJ/,亞羅珥人，《思》阿洛厄爾人
<R<WR/,亞羅珥，《思》阿洛厄爾
<R=/,珥，《思》厄爾
<R==/,敵人；對敵
<RB/,晚上
<RB=/,一群昆蟲
<RB==/,機織或針織的材料
<RB===/,烏鴉；大鴉
<RB====/,機織或針織的材料
<RB======/,烏鴉；大鴉
<RB========/,晚上
<RBH==/,保證；保障
<RBJ/,阿拉伯人，《思》阿剌伯人
<RBJ=/,阿拉伯人，《思》阿剌伯人
<RBTJ/,亞拉巴人，《思》貝特阿辣巴人
<RBWN/,抵押品，當頭
<RB[,保證；承諾；提供擔保
<RD/,亞拉得，《思》阿辣得
<RD=/,亞拉得，《思》阿辣得
<RF/,牀
<RG[,喘氣
<RH/,揭開；使……露出；撕掉
<RH[,揭開；使……露出；撕掉
<RJ/,以利，《思》厄黎
<RJ=/,以利，《思》厄黎
<RJH/,裸體；赤身露體
<RJRJ/,沒有兒子，無子女
<RJSH/,麵團
<RJY/,強大的；暴力的；無情的
<RL/,未受割禮的人
<RLH/,包皮
<RL[,視為禁戒的
<RMH/,狡猾；深思熟慮
<RMH=/,狡猾；深思熟慮
<RMWN/,梧桐樹；楓樹
<RN/,以蘭，《思》厄蘭
<RNJ/,以蘭族，《思》厄蘭家族
<RPH/,俄珥巴，《思》敖爾帕
<RP[,扭斷脖子
<RQJ/,亞基人，《思》阿爾克人
<RR[,脫衣服
<RW<R=/,亞羅珥，《思》阿洛厄爾
<RWD/,野驢
<RWGH/,種植園地；厚料層
<RWH/,裸體；赤身露體
<RWM/,赤身露體
<RWM=/,機敏的；聰明的；狡詐的；狡猾的；謹慎的
<RWY/,溝壑；河牀
<RY[,極其驚恐，嚇壞了
<SJS/,未發酵葡萄汁；新鮮的葡萄酒
<SS[,踩踏，踐踏
<T/,時間，時刻，時期，季節，年歲
<TD[,預備好；準備妥當
<TH,現在
<TJ/,預備好；可用的
<TJD/,準備好；預備好
<TJH/,亞他雅，《思》阿塔雅
<TJQ/,從胸懷抱走；斷奶
<TJQ=/,華麗的
<TK/,亞撻，《思》阿塔客
<TLJ/,亞勒，《思》阿特來
<TLJH/,亞她利雅，《思》阿塔里雅
<TM[,燒焦
<TNJ/,俄得尼，《思》敖特尼
<TNJ>L/,俄陀聶，《思》敖特尼耳
<TQ/,狂妄的話
<TQ=/,恆久的財寶
<TQ[,移動；挪移
<TR/,懇求者
<TR=/,以帖，《思》厄特爾
<TRT/,豐富
<TR[,懇求；祈求
<TWD/,公山羊
<TWD=/,公山羊
<V/,筆
<VH/,覆蓋
<VH=[,覆蓋
<VH[,覆蓋
<VJCH/,打噴嚏
<VJN/,腰 >身體；大腿 >身體
<VLP/,蝙蝠
<VRH/,冠冕；王冠；花環
<VRH=/,冠冕；王冠；花環
<VRWT/,亞他錄，《思》阿塔洛特
<VRWT_>DR/,亞他綠‧亞達，《思》阿塔洛特阿達爾
<VRWT_BJT_JW>B/,亞他綠‧伯‧約押，《思》阿托貝特約阿布
<VRWT_CWPN/,亞他錄‧朔反，《思》阿特洛特芍番
<VR[,四面圍住；四面護衛
<WBD/,俄備得，《思》敖貝得
<WBL/,俄巴路，《思》敖巴耳
<WB[,使黑雲遮蔽
<WC[,趕忙
<WD[,警告；勸告；保證；肯定
<WG/,噩，《思》敖格
<WGB/,笛子；管
<WH/,廢墟；荒涼
<WH=/,廢墟；荒涼
<WJ/,亞文，《思》阿威
<WJT/,亞未得，《思》阿威特
<WL/,做錯事
<WL==/,不義之人；惡人
<WLH/,（獻）燔祭
<WLM/,永遠；永恆
<WL[,做錯事
<WN/,罪孽
<WP/,鳥類；家禽
<WP[,飛行
<WQ[,吱吱作響
<WR/,眼瞎
<WR=/,皮膚
<WR[,睡醒
<WTH/,顛覆；冤枉
<WTJ/,烏太，《思》烏泰
<WY/,烏斯，《思》伍茲
<WY=/,烏斯，《思》伍茲
<WY[,商議
<WZ[,逃亡
<Y/,樹
<YB/,偶像
<YB=/,勞動；苦幹，勞作；努力工作
<YB==/,偶像
<YB===/,偶像
<YB====/,勞動；苦幹，勞作；努力工作
<YBT/,痛苦；麻煩；受苦；悲傷
<YBWN/,勞動；苦幹，勞作；努力工作
<YB[,受傷
<YH==/,脊骨
<YJWN_GBR/,以旬‧迦別，《思》厄茲雍革貝爾
<YL/,懶惰的人；遊手好閒的人
<YLWT/,懶惰；怠惰
<YL[,不情願；懶惰；怠惰
<YM/,骨頭
<YM=/,骨架
<YM==/,骨架
<YM===/,骨頭
<YMH/,甚麼，怎樣
<YMWN/,押們，《思》阿茲孟
<YM[,大量，眾多；強大
<YR/,關閉的子宮＞不孕
<YR=/,統治，管轄
<YRH/,嚴肅會，聚集；敬拜的日子
<YRT/,嚴肅會，聚集；敬拜的日子
<YR[,慢下來；停止
<YWM/,大量，眾多
<Z/,堅固的；巨大的
<Z=/,堅固的；巨大的
<Z==/,雌山羊
<Z===/,強壯的；猛烈的；有權力的；大能的
<Z====/,強壯的；猛烈的；有權力的；大能的
<Z>ZL/,阿撒瀉勒，《思》阿匝則耳
<ZB=[,離開；留下；拋棄
<ZBWQ/,押卜，《思》阿次步克
<ZB[,離開；留下；拋棄
<ZGD/,押甲，《思》阿次加得
<ZH/,迦薩，《思》迦薩
<ZH=/,迦薩，《思》迦薩
<ZJ/,烏西，《思》烏齊
<ZJ>/,烏西亞，《思》烏齊雅
<ZJ>L/,烏薛，《思》烏齊耳
<ZJ>L=/,雅薛，《思》雅阿齊耳
<ZJ>LJ/,烏薛族，烏薛人，《思》烏齊耳族
<ZJH/,烏西雅，《思》烏齊雅
<ZJZ>/,亞西撒，《思》阿齊匝
<ZMWT/,押斯瑪弗，《思》阿次瑪委特
<ZN/,阿散，《思》阿倉
<ZNJH/,黑禿鷹
<ZQH/,亞西加，《思》阿則卡
<ZQ[,破土
<ZR>/,以斯拉，《思》厄斯德拉
<ZR>L/,亞薩列，《思》阿匝勒耳
<ZRH/,幫助；援助
<ZRH=/,庭院，院子，院宇
<ZRH==/,幫助；援助
<ZRJ/,以斯利，《思》厄次黎
<ZRJ=/,以斯利，《思》厄次黎
<ZRJ>L/,亞斯列，《思》阿次黎耳
<ZRJH/,亞撒利雅，《現》烏西雅，《思》阿匝黎雅
<ZRJQM/,亞斯利干，《思》阿次黎岡
<ZR[,得到幫助；接受幫助
<ZTJ/,迦薩人；從迦薩來
<ZWBH/,阿蘇巴，《思》阿組巴
<ZWR/,押朔，《思》阿組爾
<ZWZ/,能力；權能
<ZWZ=/,強的；有力的；大能的；戰士
<ZZ/,亞撒，《思》阿匝次
<ZZJHW/,亞撒西雅，《思》阿匝齊雅
<ZZ[,強有力的；強壯的；戰勝
>B/,父親
>B<B<T/,裂開的傷口；潰爛的（瘡），起泡的瘡；長瘡
>B=/,花蕊；花
>BDH/,失物，遺失的東西
>BDH=/,失物，遺失的東西
>BDN/,毀滅；屠殺；根絕，消滅
>BD[,失落，丟失；忘記，遺忘
>BGT>/,亞拔他，《思》阿巴革達
>BH/,蘆葦，蒲草
>BH[,願意，肯；答應
>BJ/,亞比，《思》阿彼雅
>BJ<ZR/,亞比以謝，《思》阿彼厄責爾，阿彼厄則爾
>BJ>L/,亞別，《思》阿彼耳
>BJ>SP/,亞比亞撒，《思》阿彼雅撒夫
>BJB/,榖穗，麥穗，穗子
>BJCG/,亞比煞，《思》阿彼沙格
>BJCW</,亞比書，《思》阿彼叔亞
>BJCWR/,亞比述，《思》阿彼叔爾
>BJD</,亞比大，《思》阿彼達
>BJDN/,亞比但，《思》阿彼丹
>BJGJL/,亞比該，《思》阿彼蓋耳
>BJH/,亞比雅，《思》阿彼雅
>BJHW>/,亞比戶，《思》阿彼胡
>BJHWD/,亞比忽，《思》厄胡得
>BJM/,亞比央，《思》阿彼雅
>BJM>L/,亞比瑪利，《思》阿彼瑪耳
>BJMLK/,亞比米勒，《思》阿彼默肋客
>BJN<M/,亞比挪菴，《思》阿彼諾罕
>BJNDB/,亞比拿達，《思》阿彼納達布
>BJR/,公牛
>BJR=/,大能者；大能的上帝，全能上帝
>BJRM/,亞比蘭，《思》阿彼蘭
>BJSP/,以比雅撒，《思》厄貝雅撒夫
>BJTR/,亞比亞他，《思》厄貝雅塔爾
>BJVL/,亞比她，《思》阿彼塔耳
>BJVWB/,亞比突，《思》阿彼突布
>BJWN/,貧窮人；困苦的
>BJWNH/,刺山柑；杏樹
>BK[,旋轉上騰
>BL,但是，可是，卻，然而，不過；雖然
>BL/,悲哀，哀悼；憂悶；垂頭喪氣；淒涼
>BL=/,悲哀，哀悼；憂悶；垂頭喪氣；淒涼
>BL===/,悲哀，哀悼；憂悶；垂頭喪氣；淒涼
>BL[,哀悼，哀痛，哀哭，悲嘆；愁煩，憂愁
>BL_BJT_M<KH/,伯·哈干，《思》貝特干
>BL_HCVJM/,亞伯‧什亭，《思》阿貝耳史廷
>BL_KRMJM/,亞備勒‧基拉明，《思》阿貝耳革辣明
>BL_MJM/,亞伯‧瑪音，《現》亞伯‧瑪音，《思》阿貝耳瑪因
>BL_MXWLH/,亞伯‧米何拉，《思》阿貝耳默曷拉
>BL_MYRJM/,亞伯‧麥西，《思》阿貝耳米茲辣殷
>BN/,瑣希列磐石，蛇岩，《思》左赫肋特磐石
>BN=/,製作陶器的轉輪，拉坯輪，轉盆，輪盆
>BNR/,押尼珥，《思》阿貝乃爾
>BNV/,腰帶；帶子
>BN_H<ZR/,以便以謝，《思》厄本厄則爾
>BQ/,灰塵，塵土
>BQH/,香粉
>BR/,翅膀
>BRH/,翅膀，翼
>BRHM/,亞伯拉罕，《思》亞巴郎
>BRK,跪下！下拜！回避！
>BRM/,亞伯蘭，《思》亞巴郎
>BS[,養肥的；肥壯的
>BT/,阿伯，《思》敖波特
>BVJX/,西瓜，甜瓜
>BWJ/,有禍了；哀哉；唉
>BWS/,食槽，飼料槽
>BXH/,閃閃發光
>BY/,亞別，《思》厄貝茲
>BYN/,以比讚，《思》依貝贊
>C/,火
>C<N/,以珊，《思》厄商
>C=/,是；有
>CB<L/,伊施巴力，《思》依市巴耳
>CBL/,亞實別，《思》阿市貝耳
>CBLJ/,亞實別人，亞實別族，《思》阿市貝耳家族
>CBN/,伊是班，《思》厄市班
>CDWD/,亞實突，《思》阿市多得
>CDWDJ/,亞實突人，《思》阿市多得人
>CH/,女人，婦人，婦女；妻子
>CH=/,火祭
>CJM>/,亞示瑪，《思》阿史瑪
>CK/,睾丸
>CKNZ/,亞實基拿，《思》阿市革納次
>CKR/,禮物；交易付款；交換
>CKWL/,簇；串；掛；棵；束；叢
>CL/,柳樹
>CM/,有罪；罪過；過錯
>CM=/,有罪；犯了罪；錯了
>CMH/,罪，罪孽；罪過；過錯
>CM[,有了罪；犯了罪；得罪；有錯；應付責任
>CNB/,窗櫺；窗格子；格子窗
>CNH/,亞實拿，《思》阿市納
>CP/,術士；占卜家；法術師；魔法師；巫師
>CPH/,箭袋
>CPNZ/,亞施毗拿，《思》阿市培納次
>CPR/,棗子餅
>CPT/,糞堆；垃圾堆；廢物堆
>CQLWN/,亞實基倫，《思》阿市刻隆
>CQLWNJ/,亞實基倫人；來自亞實基倫的
>CR,就是；這，那；那裡；那時；怎樣
>CR==/,亞設，《思》阿協爾
>CR===/,幸福；有福的
>CR=[,亞設，《思》阿協爾
>CRH/,亞舍拉，《思》阿舍辣
>CRJ/,亞設人，《思》阿協爾人
>CR[,就是；這，那；那裡；那時；怎樣
>CT>L/,以實陶，《思》厄市陶耳
>CT>LJ/,以實陶人，《思》厄市陶耳人
>CTWN/,伊施屯，《思》厄舍東
>CWR/,亞述
>CWR=/,亞述
>CWR==/,亞述
>CXWR/,亞施戶，《思》阿市胡爾
>D/,雲霧，霧氣；水分
>DB>L/,亞德別，《思》阿德貝耳
>DB[,使憂傷，使憂愁；使絕望
>DC[,踩踏；踐踏；踹穀；打穀
>DD/,哈達，《思》哈達得
>DJR/,大能；強盛；雄偉；尊貴；威嚴，榮耀
>DLJ>/,亞大利雅，《思》阿達里雅
>DM/,人，世人
>DM=/,紅色；紅潤
>DM==/,紅寶石；紅瑪瑙
>DM===/,人，世人
>DM====/,人，世人
>DMDM/,微紅，呈現紅色，發紅
>DMH/,土地；地上；泥土，泥巴，塵土
>DMH=/,押瑪，《思》阿德瑪，阿瑪德
>DMH==/,土地；地上；泥土，泥巴，塵土
>DMNJ/,紅潤，光紅；帶紅色，發紅
>DMT>/,押瑪他，《思》阿德瑪達
>DM[,紅的，微紅的，紅潤的
>DN/,座，底座；插座
>DN=/,押但，《和修》亞頓，《思》阿丹
>DNJ/,主
>DNJQM/,亞多尼干，《思》阿多尼干
>DNJRM/,亞多尼蘭，《思》阿多尼蘭 ，阿多蘭
>DNJ_BZQ/,亞多尼‧比色，《思》阿多尼貝則克
>DNJ_YDQ/,亞多尼‧洗德，《思》阿多尼責德克
>DR/,崇敬，尊敬；光榮
>DR<J/,以得來，《思》厄德勒
>DR==/,亞達珥，《思》阿達爾
>DR===/,亞達珥，《思》阿達爾
>DRM/,亞多蘭，《思》阿多蘭
>DRMLK/,亞得米勒，《思》阿德辣默肋客
>DRMLK=/,亞得米勒，《思》阿德辣默肋客
>DRT/,尊貴；偉大；佳美；光榮
>DR[,偉大；榮耀，威嚴
>DW/,易多，《思》依多
>DWM/,以東，《思》厄東
>DWN/,主；主人；物主；丈夫
>DWRJM/,亞多萊音，《思》阿多蘭
>FR>L/,亞撒列，《思》阿撒勒耳
>FR>LH/,亞薩利拉，《思》阿沙勒拉
>FRJ>L/,亞斯烈，《思》阿斯黎耳
>FRJ>LJ/,亞斯烈族，《思》阿斯黎耳家族
>G>/,亞基，《思》厄拉
>GDH/,繩，索
>GG/,亞甲，《思》阿加格
>GGJ/,亞甲人，亞甲族，《思》阿加格人
>GL/,點滴；珠
>GLJM/,以基蓮，《思》厄革拉因
>GM/,池塘，水潭，湖澤；沼澤，泥沼
>GM=/,悲傷；苦惱，愁煩
>GMWN/,燈心草；蘆葦；雜草
>GN/,碗，盆，杯
>GP/,軍隊，部隊
>GRP/,拳頭
>GRT/,信；詔書
>GRVL/,盤，碗
>GR[,收割；聚斂；儲存
>GWR/,亞古珥，《思》阿古爾
>GWRH/,一塊銀子
>GWZ/,核桃，堅果；杏樹
>HB/,做愛；飽享愛情，親愛歡樂，擁抱取樂
>HB=/,可愛
>HBH/,愛，愛情；喜愛，喜好，愛戀
>HB[,愛
>HD/,阿轄，《思》敖哈得
>HH,哀哉，糟了，不好了；完了；唉，哎呀
>HL/,帳棚，帳幕，帳篷
>HL=/,帳棚，帳幕，帳篷
>HL==/,沉香樹，沉香木；蘆薈
>HLH/,阿荷拉，《思》敖曷拉
>HLJ>B/,亞何利亞伯，《思》敖曷里雅布
>HLJBH/,阿荷利巴，《思》敖曷里巴
>HLJBMH/,阿何利巴瑪，《思》敖曷里巴瑪
>HLJBMH=/,阿何利巴瑪，《思》敖曷里巴瑪
>HRN/,亞倫，《思》亞郎
>HW>/,亞哈瓦河，《思》阿哈瓦河
>HWD/,以笏，《思》厄胡得
>J<ZR/,伊以謝，《思》耶則爾
>J<ZRJ/,伊以謝族，《思》耶則爾家族
>JBH/,敵意，仇視，仇恨
>JC/,（自然）人；某人；（不論性別的）人
>JCHWD/,伊施荷，《思》依市曷得
>JC_BCT/,（自然）人；某人；（不論性別的）人
>JD/,災難，災禍，患難；毀滅；滅亡；懲罰
>JH,在哪裡？
>JKH=,在哪裡？
>JL/,鹿
>JL=/,公羊，公綿羊
>JL==/,公羊，公綿羊
>JL===/,公羊，公綿羊
>JL====/,力量，精力
>JLH/,雌鹿，母鹿，麀鹿
>JLM=/,以琳，《思》厄林
>JLWN/,以倫，《思》厄隆
>JLWN=/,以倫，《思》厄隆
>JLWN==/,亞雅崙，《思》阿雅隆
>JLWT/,力量
>JL_P>RN/,伊勒‧巴蘭，《思》厄耳帕蘭
>JM/,令人驚嘆；令人驚懼，令人恐懼；威武，耀眼
>JMH/,驚駭，驚慌，驚惶，驚恐；懼怕；恐怖
>JMJ/,以米；以米人，《思》厄明
>JN,從哪裡來？從甚麼地方來？從何而來？
>JN/,從哪裡來？從甚麼地方來？從何而來？
>JN=,這裡有沒有……？
>JPH,哪裡？何處？甚麼地方？
>JPH/,伊法
>JTJ>L/,以鐵，《思》依提耳
>JTMR/,以他瑪，《思》依塔瑪爾
>JTN/,永久的；持久的；固定的；長流的（河）；堅固的（住處）；強盛的（國家）
>JTN=/,永久的；持久的；固定的；長流的（河）；堅固的（住處）；強盛的（國家）
>JWB/,約伯
>JZBL/,耶洗別，《思》依則貝耳
>K,只；惟獨；惟有；僅僅；沒有別的
>KCP/,押煞，《思》阿革沙夫，阿革沙弗
>KD/,亞甲，《思》阿加得
>KJC/,亞吉，《思》阿基士
>KJLH/,食物，飲食
>KL/,食物，食品；糧食
>KL=/,烏甲，《思》阿基士
>KLH/,食物；糧食
>KL[,吃
>KN,肯定地，無疑地；真是，確實；必定；誠然
>KP/,壓力；勢力
>KR/,農夫，耕種田地的人
>KZB/,虛假的東西；騙人的東西；靠不住的東西
>KZJB/,亞革悉，《思》阿革齊布
>KZR/,殘忍，殘暴不仁；兇猛；惡毒
>KZRJ/,殘忍，殘酷，殘暴；兇猛；嚴厲
>KZRJWT/,殘忍，殘酷
>L<D/,以列，《現》以利，《思》厄拉得
>L<DH/,以拉大，《思》厄拉達
>L<FH/,以利亞薩，《思》厄拉撒
>L<WZJ/,伊利烏賽，《思》厄路齊
>L<ZR/,以利亞撒，《思》厄肋阿匝爾
>L>/,以拉，《思》厄拉
>LD<H/,以勒大，《思》厄耳達阿
>LDD/,伊利達，《思》厄耳達得
>LGBJC/,冰雹
>LH,這些；那些
>LH/,篤耨香樹；橡樹；大樹
>LH=/,起誓，發誓，立誓；發咒，詛咒
>LH==/,篤耨香樹；橡樹
>LH===/,篤耨香樹；橡樹；大樹
>LHJM/,神，神明
>LJ<M/,以連，《思》厄里安
>LJ<ZR/,以利以謝，《思》厄里厄則爾
>LJ>B/,以利押，《思》厄里雅布
>LJ>L/,以利業，《現》以列，《思》厄里耳
>LJ>TH/,以利亞他，《思》厄里雅達
>LJC</,以利沙，《思》厄里叟
>LJCB</,以利沙巴，《思》厄里舍巴
>LJCH/,以利沙，《思》厄里沙
>LJCJB/,以利亞實，《思》厄里雅史布
>LJCM</,以利沙瑪，《思》厄里沙瑪
>LJCPV/,以利沙法，《思》厄里沙法特
>LJCW</,以利書亞，《思》厄里叔亞
>LJD</,以利雅大，《思》厄肋雅達，厄里雅達
>LJDD/,以利達，《思》厄里達得
>LJH/,肥尾巴
>LJH=/,以利亞，《思》厄里亞
>LJHW=/,以利戶，《思》厄里胡
>LJL/,神像；偶像；虛無的神明
>LJMLK/,以利米勒，《思》厄里默肋客
>LJPL/,以利法勒，《思》厄里法耳
>LJPLHW/,以利斐利戶，《思》厄里斐路
>LJPZ/,以利法，《思》厄里法次
>LJQ>/,以利加，《思》厄里卡
>LJQJM/,以利亞敬，《思》厄里雅金
>LJSP/,以利雅薩，《思》厄肋雅撒夫，厄里雅撒夫
>LJXB>/,以利雅哈巴，《思》厄里雅巴
>LJXRP/,以利何烈，《思》厄里曷勒夫
>LJYWR/,以利蓿，《思》厄里族爾
>LLJ,有禍了！哀哉！多麼慘！
>LM/,啞；不能開口，不能說話；不會說
>LM=/,靜默，緘默，默然；無聲
>LMGJM/,杜松；檀香木
>LMH/,禾捆，麥捆
>LMLK/,亞拉米勒，《思》阿拉默肋客
>LMN/,守寡，寡居，喪夫
>LMN=/,丟棄，遺棄
>LMNH/,寡婦，守寡
>LMNJ/,某人，某某；某處，某地
>LMNWT/,守寡，寡居，喪夫
>LMWDD/,亞摩答，《思》阿耳摩達得
>LN<M/,伊利拿安，《思》厄耳納罕
>LNJ/,以倫人，以倫族
>LNTN/,以利拿單，《思》厄耳納堂
>LP<L/,以利巴力，《思》厄耳帕耳
>LQCJ/,伊勒歌斯人；來自伊勒歌斯的，《思》厄耳科士人
>LQNH/,以利加拿
>LQWM/,無人敢抵抗
>LSR/,以拉撒，《思》厄拉撒爾
>LTQ>/,伊利提基，《思》厄耳特刻
>LTQN/,伊勒提君，《思》厄耳特孔
>LTWLD/,伊勒多臘，《思》厄耳托拉得
>LW,除非；若非；只要；即使；雖然
>LWC/,亞錄，《思》阿路士
>LWH/,神，神明
>LWL/,以祿月
>LWN/,橡樹
>LWN==/,以倫，《思》厄隆
>LWP/,領袖；族長
>LWP=/,領袖；族長
>LXNN/,伊勒哈難，《思》厄耳哈難
>LX[,邪惡；腐敗；污穢
>LY[,（用說話）滋擾；（用說話）煩擾；催迫；糾纏
>LZBD/,以利薩巴，《思》厄耳匝巴得
>M/,母親，娘
>MC/,黃昏，傍晚
>MH/,女奴；女僕，使女，婢女；宮女
>MH=/,肘
>MH===/,肘
>MH====/,肘
>MJ/,亞米，《思》阿米
>MJR/,樹枝，枝子；下層樹叢
>MJY/,強大；有能力；大能
>MLL/,虛弱，軟弱；悲慘
>MLL=/,軟弱；衰殘；衰竭；暈眩
>ML[,枯竭；枯萎；衰殘；衰弱；衰敗；敗落
>MM/,亞曼，《思》阿曼
>MN,阿們；肯定！
>MN/,忠誠，忠信，忠實；可靠，可信賴，值得信任
>MN=/,忠誠，忠信，信實；可靠，值得信任
>MNH/,門柱
>MNH==/,協議；約
>MNH===/,協議；約
>MNM=,果真？確實？真的嗎？
>MNWN/,暗嫩，《思》阿默農
>MN[,堅固，穩固，牢固
>MR/,話語，言語
>MR=/,言語，講話，言論；命令；承諾，應許
>MR==/,話語，言語
>MR===/,音麥，《思》依默爾
>MRH/,言語；談話；命令；承諾，應許
>MRJ/,亞摩利人，《思》阿摩黎人
>MRJ=/,音利，《思》依默黎
>MRPL/,暗拉非，《思》阿默辣斐耳
>MR[,說；吩咐；思想；呼叫，召喚；曉諭
>MT/,忠誠；誠實；可靠，值得信任；誠懇；真的
>MTJ/,亞米太，《思》阿米泰
>MTXT/,袋子，口袋
>MWNH/,穩定；穩住
>MWY/,亞摩斯，《思》阿摩茲
>MY/,力量；能力
>MY=/,有斑點或斑紋的
>MYH/,力量；能力
>MYJ/,暗西，《思》阿默漆
>MYJH/,亞瑪謝，《思》阿瑪責雅
>MY[,強壯；強大，強盛
>N,哪裡？何處？甚麼地方？
>N>,求你，懇求你，求求你
>NC/,人，世人
>NJ,我
>NJ/,船隊，船隻
>NJ<M/,阿尼安，《思》阿尼罕
>NJH/,船
>NJH=/,哀慟；哀號，哭號
>NK/,準繩，鉛垂線
>NN[,埋怨，發怨言
>NPH/,鷺，鷺鷥，蒼鷺
>NP[,向……發怒；動怒；惹……發怒；激怒
>NQ[,歎息；呻吟，唉哼；哀哭；尖叫
>NTH,你
>NWC/,（自然）人；某人；（不論性別的）人
>NXH/,歎息，唉哼；呻吟；哀告；口出怨言
>NXRT/,亞拿哈拉，《思》阿納哈辣特
>NX[,哀嘆，哀鳴，悲歎；歎息；呻吟
>P</,一文不值，沒有價值；虛無
>P<H/,毒蛇，蝮蛇，虺蛇
>PD/,細麻布的圍裙；細麻布以弗得
>PD=/,細麻布的圍裙；細麻布以弗得
>PDH/,覆蓋層；鍍層
>PDN/,王室的帳幕；王家的帳棚
>PD[,繫在（某人）腰間；束（某人的）腰
>PH/,烘烤
>PH[,烘烤
>PJL/,遲的，晚的
>PJM/,亞遍，《思》阿帕殷
>PJQ/,乾河牀，山谷；水道，水溝，河道；溪水
>PJQ=/,乾河牀，山谷；水道，水溝，河道；溪水
>PJX/,亞斐亞，《思》阿非亞
>PL/,漆黑，全然黑暗
>PL=/,漆黑，黑暗，幽暗；死蔭；黑夜
>PLH/,漆黑，黑暗，幽暗，濃密的黑暗；沉沉的黑夜
>PLL/,以弗拉，《思》厄弗拉耳
>PN/,合時；合適的時機
>PP[,包圍，環繞；纏繞；掩蓋
>PQH/,亞非加，《思》阿費克
>PQ[,抑制自己；強忍；壓住
>PR/,灰
>PR=/,帶子；布；頭巾
>PRJM/,以法蓮，《思》厄弗辣因
>PRJWN/,轎子；車子
>PRTJ/,以法他人；來自以法他的，《思》厄弗辣大人
>PRX/,雛鳥，小鳥
>PS[,用盡，用完，用光，花盡，花光
>PS_DMJM/,以弗‧大憫，《思》厄斐斯達明
>PW,這樣；現在；如此；就；那麼
>QDX/,寶石；珠寶
>QW/,野生山羊，野山羊
>R>/,亞拉，《思》阿辣
>R>L/,大能的勇士；勇猛的戰士；英雄；豪傑
>R>LJ/,亞列利，《思》阿勒里
>R>LJ=/,亞列利，《思》阿勒里
>RB/,埋伏；陷阱；陰謀；謀害
>RB</,四
>RB=/,躲藏處；隱密處；洞穴
>RB==/,亞拉，《思》阿辣布
>RBH/,蝗蟲
>RBH=/,開口；洞孔；窗戶；水閘
>RBH==/,大的
>RBJ/,亞巴人，《思》阿辣布人
>RBWT/,亞魯泊，《思》阿魯波特
>RB[,埋伏，潛伏；設下伏兵
>RCT/,要求；求
>RD/,亞勒，《思》阿爾得，阿爾德
>RDJ/,亞勒人，亞勒族，《思》阿爾德家族
>RDJ=/,亞勒人，亞勒族，《思》阿爾德家族
>RDWN/,押墩，《思》阿爾冬
>RF[,聘定；訂婚
>RG/,梭子
>RGB/,亞珥歌伯，《思》阿爾哥布
>RGWN/,紫紅色；朱紅色紗線；深紅色的毛線
>RGZ/,櫃；箱子；匣子；袋子
>RG[,編織
>RH[,摘取，採摘；收集
>RJ>L/,大能的勇士；勇猛的戰士
>RJ>L=/,大能的勇士；勇猛的戰士
>RJ>L==/,大能的勇士；勇猛的戰士
>RJDT>/,亞利大他，《思》阿黎大達
>RJSJ/,亞利賽，《思》阿黎賽
>RJWK/,亞略，《思》阿黎約客
>RK/,長
>RK=/,長度
>RK==/,長；冗長
>RK===/,以力，《思》厄勒客
>RKJ/,亞基人，《思》阿爾基人
>RK[,長的；加長，增加長度
>RM/,亞蘭·瑪迦，《現》敘利亞人的瑪迦，《思》瑪阿加的阿蘭
>RMJ/,亞蘭人，敘利亞人，《思》阿蘭人
>RMJ=/,亞蘭人，敘利亞人，《思》阿蘭人
>RMNJ/,亞摩尼，《思》阿爾摩尼
>RMWN/,城堡；內院；衛所；堡壘；宮殿
>RN=/,亞蘭，《思》阿郎
>RNBT/,兔子
>RNN/,亞珥難，《思》阿爾難
>RNWN/,亞嫩河，《思》阿爾農河
>RPD/,亞珥拔，《思》阿帕得，阿爾帕得
>RPKCD/,亞法撒，《思》阿帕革沙得
>RRV/,亞拉臘，《思》阿辣辣特
>RR[,咒詛，詛咒；發出詛咒；咒罵；怒罵；懲罰
>RTXCFT>/,亞達薛西，《思》阿塔薛西斯
>RWD=/,亞發，《思》阿爾瓦得
>RWDJ/,亞瓦底人，亞發的居民，《思》阿爾瓦得人
>RWDJ=/,亞羅底，《思》阿洛狄
>RWDJ==/,亞羅底，《思》阿洛狄
>RWH/,棚，廄
>RWKH/,修理，修補；修造；整修
>RWMH/,亞魯瑪，《思》阿魯瑪
>RWN/,箱子；櫃子；棺材
>RWNH/,亞勞拿，《思》敖爾難
>RX/,小徑；路；道
>RX=/,旅行
>RXH/,旅行隊；商隊；結伴的客旅
>RXH=/,日常的生活費用；日常需用的食物；一份
>RX[,旅行
>RY/,地；地區；天下；地上；世上
>RY>/,亞雜，《思》阿爾匝
>RZ/,香柏樹，香柏木
>RZH/,香柏木部件；香柏木板
>S>/,亞撒，《思》阿撒
>SJP/,收取；收割
>SJR/,囚犯，被囚的人；被捆鎖的人；俘虜，被擄的人
>SM/,穀倉，糧倉；倉房，倉庫
>SNH/,押拿，《思》阿斯納
>SNT/,亞西納，《思》阿斯納特
>SP/,採集；收割
>SP==/,亞薩，《思》阿撒夫
>SPH/,聚集
>SPH=/,收集
>SPSP/,烏合之眾；流氓；閒雜人；外族人
>SPT>/,亞斯帕他，《思》阿斯帕達
>SP[,集合，聚集，結集；相聚，聚會；聯合
>SR[,繫牢，拴住；捆綁
>STR/,以斯帖，《思》艾斯德爾
>SWK/,橄欖油瓶子
>SWN/,意外；傷害
>SWR/,皮條，皮帶子；繩，索
>T,鶴嘴鋤；鋤頭；犂頭
>T/,鶴嘴鋤；鋤頭；犂頭
>T==,鶴嘴鋤；鋤頭；犂頭
>TB<L/,謁巴力，《思》厄特巴耳
>TH[,來，前來；回來；出來
>TJ/,以太，《思》依泰
>TM,以倘，《思》厄堂
>TM/,以倘，《思》厄堂
>TMWL/,鶴嘴鋤；鋤頭；犂頭
>TN,鶴嘴鋤；鋤頭；犂頭
>TNH,鶴嘴鋤；鋤頭；犂頭
>TNH/,禮物；賞賜；酬報
>TNJ/,伊特尼，《思》厄特尼
>TNN/,禮物；賞賜；賞金
>TNN=/,鶴嘴鋤；鋤頭；犂頭
>TRJM/,亞他林，《思》阿塔陵
>VD/,荊棘；枸杞；樹莓；有刺灌木
>VM[,格子狀的；窗櫺，窗格
>VR/,「右手閉合」＝習慣用左手，慣用左手的，左手便利
>VR=/,亞特，《思》阿特爾
>VWN/,亞麻布；線織的布；麻織的布；牀單
>W,（只 X）或（Y）；若……若不然……；……或……
>W>L/,烏益，《思》約厄耳
>WB/,皮袋，皮囊
>WB=/,皮袋，皮囊
>WBJL/,阿比勒，《思》敖彼耳
>WD/,木柴，木頭
>WH/,渴望，渴求，想要；慾望；性慾
>WH[,渴求，渴想，渴望；貪圖；慾望
>WJ,有禍了，禍哉；完了；糟了，慘了，哀哉
>WJ/,以未，《思》厄威
>WJH,有禍了，禍哉；多麼慘哪，多麼不幸啊
>WJL/,愚妄，愚昧，愚蠢；無知
>WJL_MRDK/,以未‧米羅達，《思》厄威耳默洛達客
>WL/,公羊，公綿羊
>WLJ,或者；也許，說不定；萬一；假如
>WLJ/,愚昧；壞
>WLJ=/,或者；也許，說不定；萬一；假如
>WLT/,愚昧，愚蠢，愚妄；愚拙；無知
>WMR/,阿抹，《思》敖瑪爾
>WNM/,阿南，《思》敖南
>WNN/,俄南，《思》敖難
>WNW/,阿挪，《思》敖諾
>WPJR/,阿斐，《思》敖非爾
>WPJR=/,阿斐，《思》敖非爾
>WPN/,輪子，碌
>WPZ/,烏法，《思》敖非爾
>WR/,光，亮光，光明
>WRJ/,烏利，《思》烏黎
>WRJ>L/,烏列，《思》烏黎耳
>WRJH/,烏利亞，《思》烏黎雅
>WR[,發光，發亮；光亮，明亮，光明
>WT/,標誌；旗幟，旗號，標幟
>WT[,同意，贊成；答應，應允
>WYR/,財富，財寶，財產，寶物
>WY[,急忙，急速；急躁；衝動
>WZJ/,烏賽，《思》烏齋
>WZL/,烏薩，《思》烏匝耳
>X,兄弟，哥哥，弟弟；同父異母兄弟
>X/,兄弟，哥哥，弟弟；同父異母兄弟
>X=/,豺；咆哮的動物
>X==/,兄弟，哥哥，弟弟；同父異母兄弟
>XBN/,亞辦，《思》阿赫班
>XCTRJ/,哈轄斯他利，《思》阿哈市塔黎
>XCTRN/,王的，王室的，皇家的，御用的
>XCWRWC/,亞哈隨魯，薛西斯，《思》薛西斯
>XD/,一
>XJ/,以希，《思》厄希
>XJ<ZR/,亞希以謝，《思》阿希厄則爾
>XJ=/,亞希，《思》阿希
>XJ>M/,亞希暗，《思》阿希揚，阿希楊
>XJCR/,亞希煞，《思》阿希沙爾
>XJCXR/,亞希沙哈，《思》希沙哈爾
>XJH/,亞希亞，《思》阿希雅
>XJHWD/,亞希忽，《思》阿希胡得
>XJLWD/,亞希律，《思》阿希路得
>XJM<Y/,亞希瑪斯，《思》阿希瑪茲
>XJMLK/,亞希米勒，《思》阿希默肋客
>XJMN/,亞希幔，《思》阿希曼
>XJMWT/,亞希摩，《思》阿希摩特
>XJN/,亞現，《思》阿希楊
>XJN<M/,亞希暖，《思》阿希諾罕
>XJNDB/,亞希拿達，《思》阿希納達布
>XJQM/,亞希甘，《思》阿希甘
>XJR</,亞希拉，《思》阿希辣
>XJRM/,亞希蘭，《思》阿希蘭
>XJRMJ/,亞希蘭族，《思》阿希蘭家族
>XJSMK/,亞希撒抹，《思》阿希撒瑪客
>XJTPL/,亞希多弗，《思》阿希托費耳
>XJVWB/,亞希突，《思》阿希突布
>XJW/,亞希約，《思》阿希約
>XJXD/,亞希忽，《思》阿希胡得
>XLB/,亞黑拉，《思》阿赫拉布
>XLJ,希望……，但願……；巴不得，多麼盼望
>XLMH/,紫晶（？）；碧玉（？）
>XMT>/,亞馬他，《思》厄克巴塔納
>XR/,後面，後邊；之後
>XR=/,另一；別的；其他
>XR==/,另一；別的；其他
>XRJT/,最遠處；海極；西方的海極
>XRNJT,後退，倒退；往後
>XRWN/,在後頭，在後面
>XRX/,亞哈拉，《思》阿希蘭
>XRXL/,亞哈黑，《思》阿哈勒爾
>XR[,遲延，耽延，耽誤；遲緩；太慢
>XSBJ/,亞哈拜，《思》阿哈斯拜
>XW/,草；蘆葦，蘆荻；燈心草
>XWD/,以忽，《思》厄胡得
>XWH=/,聲明，宣言；言語；辯論，申辯
>XWMJ/,亞戶買，《思》阿胡買
>XWR/,背面；內；後頭；反面
>XWT/,姊妹，姊姊，妹妹；同父異母的姊妹
>XWX/,亞何亞，《思》阿曷亞
>XWXJ/,亞何亞人，《現》亞合人，《思》阿曷亞人
>XZ=/,亞哈斯，《思》阿哈次
>XZH/,財產；產業；田產，地業
>XZJ/,亞哈賽，《思》阿赫齋
>XZJH/,亞哈謝，《思》阿哈齊雅
>XZM/,亞戶撒，《思》阿胡倉
>XZT/,亞戶撒，《思》阿胡倉
>Y<DH/,臂鐲；手鐲
>YB</,手指，指頭；手段，所做的
>YBWN/,以斯本，《思》厄茲朋
>YJL/,最遠之處；地角；遙遠的角落
>YJL=/,最遠之處；地角；遙遠的角落
>YJL==/,手臂的關節；手腕；手肘；腋窩
>YL/,旁邊；靠近；接近；附近
>YL=/,亞悉，《思》阿責耳
>YL==/,取去部分；保留，留下；留出；分出來
>YLJHW/,亞薩利雅，《思》阿匝里雅
>YL[,取去部分；保留，留下；留出；分出來
>YM/,阿鮮，《思》敖曾
>YR/,以察，《思》厄責爾
>Z,那時，當時；然後，後來；有一天；同一時期
>ZBJ/,伊斯拜，《思》厄次拜
>ZJ,那時；……的時候
>ZKRH/,作為代表的部分；作為紀念的部分
>ZL/,以色磐石；「離開」磐石
>ZL[,離去；往，去，到
>ZN/,耳朵
>ZN=/,用具，器物；設備，裝備；器械
>ZNJ/,阿斯尼，《思》敖次尼
>ZNJ=/,阿斯尼，《思》敖次尼
>ZNJH/,亞散尼，《思》阿匝尼雅
>ZNWT_TBWR/,亞斯納‧他泊，《思》阿次諾特大博爾
>ZN[,聽，側耳，留心聽，垂聽
>ZN_C>RH/,烏羨‧舍伊拉，《思》烏曾舍厄辣
>ZQJM/,鎖鏈，鏈子；腳鐐
>ZRX/,本地人，本國出生；同胞；國民
>ZRXJ/,以斯拉人，《思》則辣黑人
>ZR[,束（腰）；繫上
>ZWB/,牛膝草
>ZWR/,腰布，腰帶，帶子
B<C>/,巴沙，《思》巴厄沙
B<CTRH/,比‧施提拉，《思》阿市塔洛特
B<D/,通道；入口；進入
B<FJH/,巴西雅，瑪西雅，《思》巴阿色雅
B<H[,使……沸騰
B<JR/,牲畜，牲口，家畜
B<L/,主；主人；所有者；丈夫
B<L=/,管轄；統治
B<L==/,主；主人；所有者；丈夫
B<LJD</,比利雅大，《思》貝里雅達
B<LJH/,比亞利雅，《思》貝阿里雅
B<LJS/,巴利斯，《思》巴里斯
B<LJ_JHWDH/,巴拉‧猶大，《現》猶大的巴拉，《思》猶大巴阿拉
B<LT/,巴拉，《思》巴拉特
B<LT_B>R/,巴拉‧比珥，《思》巴阿拉特貝爾
B<LWT/,比亞綠，《思》貝阿羅特
B<L_BRJT/,巴力‧比利土，《思》巴耳貝黎特
B<L_CLCH/,巴力‧沙利沙，《思》巴耳沙里沙
B<L_GD/,巴力‧迦得，《思》巴耳加得
B<L_HMWN/,巴力‧哈們，《思》巴耳哈孟
B<L_M<WN/,巴力‧免，《思》巴耳默紅
B<L_P<WR/,巴力‧毗珥，《思》巴耳培敖爾，巴耳培敖耳
B<L_PRYJM/,巴力‧毗拉心，《思》巴耳培辣親
B<L_TMR/,巴力‧他瑪，《思》巴耳塔瑪爾
B<L_XNN/,巴勒‧哈南，《思》巴耳哈南
B<L_XRMWN/,巴力‧黑們，《思》巴耳赫爾孟
B<L_XYWR/,巴力‧夏瑣，《思》巴耳哈祚爾
B<N/,比穩，《思》貝紅
B<N>/,巴拿，《思》巴阿納
B<NH/,巴拿，《思》巴阿納
B<R/,愚昧，愚蠢；愚頑；粗俗
B<R>/,巴拉，《思》巴辣
B<RH/,焚燒，燒
B<R[,燃燒，焚燒；燒毀；燒滅
B<TH/,驚惶，驚慌
B<T[,折磨；使驚懼
B<V[,踢
B<WR/,比珥，《思》貝敖爾
B<Z/,波阿斯，《思》波阿次
B>C/,發臭；臭氣上升；臭氣撲鼻；惡臭
B>CH/,腐爛的水果；臭草；惡草；惡臭的草
B>C[,發臭；腥臭
B>H/,門口；進口
B>R/,井；飲水處；泉源
B>R=/,井；飲水處；泉源
B>R>/,比拉，《思》貝厄辣
B>RH/,備拉，《思》貝厄辣
B>RJ/,比利，《思》貝厄黎
B>RTJ/,比錄人，比錄的，《思》貝厄洛特人
B>RT_BNJ_J<QN/,比羅比尼‧亞干，《思》貝洛特貝乃雅干
B>RWT/,比錄，《思》貝洛特
B>R[,解釋；講解；清楚地寫；明明地寫
BBH/,瞳孔；眼中的瞳人；心愛的寶貝
BBJ/,比拜，《思》貝拜
BBL/,巴別，巴比倫，《思》巴貝耳，巴比倫
BCL/,煮好的
BCLM/,比施蘭，《思》彼舍藍
BCL[,煮
BCN/,巴珊，《思》巴商
BCNH/,蒙羞
BCS[,徵稅
BCT/,蒙羞；羞愧，慚愧；羞辱；丟臉
BD/,麻布；麻紗
BD=/,麻布；麻紗
BD>[,選擇；捏造；編造；私自所定
BDD/,獨自；隔離；分開；孤立的；孤獨的
BDD=/,比達，《思》貝達得
BDJH/,比底雅，《思》貝狄雅
BDL/,角；片；小部件
BDLX/,樹脂；樹膠
BDL[,分開；分別；隔開；割斷
BDN/,比但，《現》巴拉，《思》巴辣克
BDQ/,破壞之處；損壞；破裂；裂縫
BDQR/,畢甲，《思》彼德卡
BFMT/,巴實抹，《思》巴色瑪特
BFR/,肉
BFWR/,比梭溪，《思》貝索爾河
BGD/,布；毯子；遮蓋物
BGD=/,布；毯子；遮蓋物
BGDWT/,詭詐；背叛
BGT>/,比革他，《思》彼革達
BGTN/,辟探，《思》彼革堂
BGWD/,奸詐；不貞；背叛
BGWJ/,比革瓦伊，《思》彼革外
BHJR/,亮光；光亮
BHLH/,痛苦；驚慌，驚惶，驚恐；驚嚇
BHL[,趕快；急速；心急；急躁；急忙；突然
BHMH/,走獸
BHMWT/,巨獸；大象；河馬
BHN/,大拇指；大腳趾
BHQ/,白斑病；白癜風
BHRT/,斑點
BHV/,斑岩（？）；大理石（？）
BHW/,空虛；荒涼；荒地
BHWN/,大拇指；大腳趾
BJ,求；懇求；請
BJN/,在（兩個或以上地點）中間；在（兩個或以上地點）之中
BJNH/,認識；明辨是非；明白事理
BJRH/,堡壘；營寨；城堡
BJT/,伯·哈干，《思》貝特干
BJTN/,宮；王宮
BJT_<NT/,伯‧亞納，《思》貝特阿納特
BJT_<NWT/,伯‧亞諾，《思》貝特阿諾特
BJT_<QD/,伯·艾克特，《現》營，《思》貝特厄刻得
BJT_<ZMWT/,伯‧亞斯瑪弗，《思》貝特阿次瑪委特
BJT_>L/,伯特利，《思》貝特耳
BJT_>RB>L/,伯‧亞比勒，《思》貝特阿爾貝耳
BJT_>WN/,伯‧亞文，《思》貝特阿文，貝特曷龍
BJT_BR>J/,伯‧比利，《思》貝特彼黎
BJT_BRH/,伯‧巴拉，《思》貝特巴辣
BJT_C>N/,伯‧善，《思》貝特商
BJT_CMC/,伯‧示麥，《思》貝特舍默士
BJT_DBLTJM/,伯‧低比拉太音，《思》貝特狄貝拉塔因
BJT_DGWN/,伯‧大袞，《思》貝特達貢
BJT_GMWL/,伯‧迦末，《思》貝特加慕耳
BJT_H<MQ/,伯‧以墨，《思》貝特厄默克
BJT_H<RBH/,伯‧亞拉巴，《思》貝特阿辣巴
BJT_H>YL/,伯‧以薛，《思》貝特厄責耳
BJT_HCVH/,伯·示他，《現》伯‧哈示他，《思》貝特史大
BJT_HJCMWT/,伯·耶施末，《思》貝特耶史摩特
BJT_HKRM/,伯‧哈基琳，《思》貝特革楞
BJT_HMRKBWT/,伯‧瑪加博，《思》貝特瑪爾加波特
BJT_HRM/,伯‧亞蘭，《思》貝特阿辣巴
BJT_HRN/,伯‧哈蘭，《思》貝特哈蘭
BJT_KR/,伯‧甲，《思》貝特加爾
BJT_LB>WT/,伯‧利巴勿，《思》貝特肋巴敖特
BJT_LXM/,伯利恆，《思》白冷，貝特肋恆，貝特肋恒
BJT_NMRH/,伯‧寧拉，《思》貝特尼默辣
BJT_P<WR/,伯‧毗珥，《思》貝特培敖爾
BJT_PLV/,伯‧帕列，《思》貝特培肋特
BJT_PYY/,伯‧帕薛，《思》貝特帕責茲
BJT_RXWB/,伯‧利合，《思》貝特勒曷布
BJT_TPWX/,伯‧他普亞，《思》貝特塔普亞
BJT_XGLH/,伯‧曷拉，《思》貝特曷革拉
BJT_XWRWN/,伯‧和崙，《思》貝特曷龍
BJT_YWR/,伯‧夙，《思》貝特族爾
BJYH/,蛋
BKH/,哭泣
BKH[,哭；哭泣；哀哭；流淚；哭號；
BKJM/,波金，《思》波津
BKJRH/,大；長
BKJT/,哀悼（的日子）；哀哭（的日子）
BKR/,頭生的；頭胎的；長子
BKR==/,駱駝；獨峰駝
BKRH/,長子的特權；長子的名分
BKRH=/,年幼的雌駱駝；年幼的雌性獨峰駝
BKRJ/,比結族，《思》貝革爾家族
BKRJ=/,比基利，《思》彼革黎
BKRW/,波基路，《思》波革魯
BKWRH/,初熟的無花果；無花果樹上初熟的果子
BKWRJM/,初熟之物；初熟的
BKWRT/,比歌拉，《思》貝苛辣特
BKWT/,哭泣
BL,不
BL/,彼勒，《思》貝耳
BL<DJ,除了；除……之外；在……以外；沒有
BL<J/,比拉族，《思》貝拉家族
BL<M/,巴蘭，《思》巴郎
BL<M=/,巴蘭，《思》巴郎
BL<[,吞；咽下；吞滅；吞沒
BL>DN/,巴拉但，《思》巴拉丹
BLC>YR/,伯沙撒，《思》貝耳沙匝
BLCN/,必珊，《思》彼耳商
BLDD/,比勒達，《思》彼耳達得
BLGH/,璧迦，《思》彼耳加
BLGJ/,璧該，《思》彼耳蓋
BLG[,照亮；閃現
BLH/,破舊；衰老；憔悴
BLH=/,磨損；破舊；疲憊不堪；衰弱；衰老；枯乾
BLHH/,驚嚇，驚駭，驚恐；恐懼；恐怖
BLHH=/,辟拉，《思》彼耳哈
BLHH==/,辟拉，《思》彼耳哈
BLHN/,辟罕，《思》彼耳漢
BLH[,磨損；破舊；疲憊不堪；衰弱；衰老；枯乾
BLJ/,不；沒有
BLJ<L/,無賴；惡棍；匪徒；壞人；無用之人；廢物
BLJL/,飼料；草料
BLL[,調和；混合
BLM[,勒住；控制；管束
BLQ/,巴勒，《思》巴拉克
BLS[,照料桑樹；修剪桑樹；看管桑樹
BLT/,不；沒有
BLVC>YR/,伯提沙撒，《思》貝耳特沙匝
BMH/,背；背脊
BMHL/,賓哈，《思》彼默哈耳
BMWT/,巴末·巴力，《思》巴摩特巴耳
BMWT_B<L/,巴末·巴力，《思》巴摩特巴耳
BN/,欣嫩子谷，《思》本希農谷
BN<>/,比尼亞，《思》彼納
BN=/,欣嫩子谷，《思》本希農谷
BNH[,造；建造；築；重修；重建；建立
BNJ/,巴尼
BNJ=/,布尼，《思》步尼
BNJH/,建築；建築物；房子
BNJHW/,欣嫩子谷，《思》本希農谷
BNJM/,挑戰的人；討戰的人
BNJNW/,比尼努，《思》貝尼奴
BNJ_BRQ/,比尼‧比拉，《思》貝乃貝辣克
BNJ_J<QN/,比尼‧亞干，《思》貝乃雅干
BNWJ/,賓內，《思》彼奴依
BN_>WNJ/,便‧俄尼，《思》本敖尼
BN_HDD/,欣嫩子谷，《思》本希農谷
BQ</,半舍客勒；比加
BQ<H/,亞文平原，《思》彼卡特阿文
BQ<[,分開；剖開；裂開；破裂；崩裂；震裂；碎裂；摔碎；攻破
BQBQ/,罐；瓶
BQBQJH/,八布迦，《思》巴刻步克雅
BQBQR/,拔巴甲，《思》巴刻巴卡
BQBWQ/,巴卜，《思》巴刻步克
BQCH/,求
BQC[,尋找；尋索；查找
BQJ/,布基，《思》步克
BQJ</,缺口；破口
BQQ[,使……荒廢，使……荒蕪；摧毀，毀壞
BQR/,牛
BQR=/,早晨；天亮
BQRH/,尋找
BQRT/,調查
BQR[,檢查；尋找；考察；查閱；調查
BR</,比拉，《思》貝辣
BR=/,清潔；無辜
BR=====/,清潔；無辜
BR>==[,創造
BR>=[,創造
BR>DK_BL>DN/,米羅達‧巴拉但，《思》 默洛達客巴拉丹
BR>JH/,比拉雅，《思》貝辣雅
BR>[,創造
BRBR/,鵝；家禽
BRC</,比沙，《思》彼爾沙
BRD/,冰雹
BRD=/,有花斑的；有斑點的；帶斑紋的
BRD==/,巴列，《思》貝勒得
BRD===/,巴列，《思》貝勒得
BRH=[,吃；吃飯
BRH[,吃；吃飯
BRJ/,精選的人，比利人，《現》比基利人，《思》彼革黎人
BRJ<H/,比利亞，《思》貝黎雅
BRJ<J/,比利亞族，《思》貝黎雅家族
BRJ>H/,新事；從來沒有聽說過的事，聞所未聞的事
BRJH/,食物
BRJT/,約，契約，盟約；聯盟；條約；協議
BRJT=/,肥皂；鹼
BRJX/,橫木，閂
BRJX=/,巴利亞，《思》巴黎亞
BRJX==/,巴利亞，《思》巴黎亞
BRK/,膝，膝盖
BRK=[,使……跪下
BRK>L/,巴拉迦，《思》巴辣革耳
BRKH/,祝福；賜福；稱頌，讚美
BRKH=/,池，水池
BRKH==/,祝福；賜福；稱頌，讚美
BRK[,使……跪下
BRQ/,閃電
BRQ=/,閃電
BRQNJM/,荊棘；蓟
BRQT/,綠寶石
BRQT=/,綠寶石
BRQWS/,巴柯，《思》巴爾科斯
BRR[,檢驗；考驗；試驗
BRWC/,松樹，柏樹，杉樹
BRWK/,巴錄，《思》巴魯客
BRWT/,食物
BRXMJ/,巴魯米人，《思》巴胡陵人
BRX[,逃走，逃跑；躲避；急速地去
BRZL/,鐵
BRZLJ/,巴西莱，《思》巴爾齊來
BSJ/,比賽，《思》貝賽
BSWDJH/,比所玳，《思》貝索德雅
BT/,女兒
BT=/,女兒
BTH/,峽谷，山谷
BTH=/,荒蕪；荒廢
BTJH/,比提雅，《思》彼提雅
BTQ[,切碎；剁碎
BTR/,塊；半
BTR=/,塊；半
BTRWN/,早晨；上午
BTR[,劈開；剖開
BTW>L/,彼土利，《思》貝突耳
BTW>L=/,彼土利，《思》貝突耳
BTWLH/,少女；女子；處女
BTWLJM/,處女；童貞
BT_RBJM/,巴特‧拉併，《思》巴特辣賓
BV>[,冒失發言；隨便說話；說急躁的話；說話浮躁；出言不慎
BVN/,肚腹；子宮；胃；最裡面的部分
BVN=/,肚腹；子宮；胃；最裡面的部分
BVNH/,阿月渾子果仁；榧子；堅果；粟子
BVNJM/,比多寧，《思》貝托寧
BVX/,安然；安全；穩固；不警惕，不提防
BVX=/,安然；安全；穩固；不警惕，不提防
BVXH/,安穩；安全
BVXWN/,倚靠；依賴；希望，指望
BVXWT/,安穩；穩固
BW>[,完全的女人
BWCH/,羞愧；羞恥；蒙羞
BWC[,羞恥；害羞
BWJ/,賓內，《現》巴瓦伊，《思》彼奴依
BWK[,混亂；慌亂；迷路
BWNH/,布拿，《思》步納
BWQH/,空虛；荒蕪，荒涼，荒廢
BWQR/,牧人；飼養員
BWR/,井；泉
BWS[,打滾；亂動
BWY/,細麻布；織麻紗
BWYY/,播薛，《思》波責茲
BWZH/,藐視；譏笑
BWZJ/,布西人，《思》布次人
BWZJ=/,布西人，《思》布次人
BXJR/,所揀選的；選民
BXL[,憎惡；憎嫌；討厭
BXN/,考驗；試驗
BXN=/,瞭望樓；堡壘
BXN[,試驗
BXRJM/,巴戶琳，《思》巴胡陵
BXRJM=/,巴戶琳，《思》巴胡陵
BXR[,少年人；少男；年輕人；青年；壯丁
BXWN/,考驗者；試驗者；測試者
BXWN=/,考驗者；試驗者；測試者
BXWR/,少年人；少男；年輕人；青年；壯丁
BY/,泥沼；淤泥
BY</,財利，錢財；利益；不義之財；掠奪品；賄賂
BYH/,沼澤；泥沼
BYJ/,比賽，《思》貝宰
BYJR/,摘葡萄，採葡萄
BYJR=/,摘葡萄，採葡萄
BYL/,洋蔥
BYL>L/,比撒列，《思》貝匝肋耳
BYQ/,生麵；麵團
BYQT/,波斯加，《思》波茲卡特
BYQ[,腫
BYR=[,摘（葡萄）
BYRT/,旱災
BYRWN/,堡壘；保障
BYR[,摘（葡萄）
BYWR/,摘（葡萄）
BZ/,擄物；掠物；所擄來的；被奪的；戰利品
BZ>[,劃分；分開
BZH/,戰利品；掠取的財物；掠物
BZH[,輕看，輕視；藐視；輕蔑；認為（某事）有失（自己的）身份
BZJWN/,藐視；不尊重
BZJWTJH/,比斯約他，《思》貝爾舍巴
BZQ/,閃電
BZQ=/,比色，《思》貝則克
BZR[,分發；分給；慷慨給予
BZT>/,比斯他，《思》彼次達
BZZ[,擄掠；洗劫；搶奪，掠奪
C<<=[,閉上眼；盲目
C<<[,閉上眼；盲目
C<CGZ/,沙甲，《思》沙市加次
C<L/,手掌心
C<LBJM/,沙拉賓，沙賓，《思》沙阿拉賓，沙耳賓
C<LBJN/,沙拉賓，沙賓，《思》沙阿拉賓，沙耳賓
C<LBNJ/,沙本人，《思》沙阿耳賓人
C<LJM/,沙琳，《思》沙阿林
C<N[,倚靠；靠著
C<P/,沙亞弗，《思》沙阿夫
C<R==/,壞的
C<RJH/,示亞利雅，《思》沙黎雅
C<RJM/,沙拉音，《思》沙阿辣因
C<VH/,踩踏
C<VNZ/,用不同的線織成的布
C>B[,取（水）
C>GH/,吼叫；低沉的歎息聲
C>G[,吼叫；呻吟
C>JH/,荒廢；荒涼
C>L/,示押，《思》舍阿耳
C>LH/,請求
C>LH=/,請求
C>LTJ>L/,撒拉鐵，《思》沙耳提耳
C>NN/,自在；安全；自滿
C>N[,輕鬆自在；安全
C>P[,急促呼吸；喘氣
C>R/,肉
C>R=/,身，身體，肉體
C>RH/,骨肉，骨肉之親；親戚，親屬
C>RH=/,舍伊拉，《思》舍厄辣
C>R_JCWB/,施亞‧雅述，《思》舍阿爾雅叔布
C>S[,擄掠；洗劫；搶奪，掠奪
C>T/,荒廢；荒涼
C>WL=/,掃羅，《思》撒烏耳
C>WLJ/,掃羅族，《現》少羅宗族，《思》沙烏耳家族
C>WN/,咆哮；沸騰
C>WN=/,咆哮；沸騰
CB</,七
CB<=/,七
CB<==/,七
CB<NH/,七
CB<[,起誓；宣誓
CB>/,示巴，《思》舍巴
CBB/,一塊一塊；碎片
CBH[,俘虜；被擄的人
CBJ<J/,第七
CBJ=/,朔比，《思》芍彼
CBJB/,火焰
CBJH=/,俘虜，被擄的人
CBJL/,路徑 ＞ 行為
CBJS/,頭帶
CBL/,下擺；裙裾
CBLWL/,蝸牛
CBN>/,舍伯那，《思》舍布納
CBRJM/,採石場
CBRWN/,折斷（某人的）腰部 ＞ 腿無力
CBT/,安息日；休息（日）
CBTJ/,沙比太，《思》沙貝泰
CBT[,結束；終止；停止
CBV/,杖、棍、槌、權杖
CBV=/,細罷特月，《思》舍巴特月
CBW/,瑪瑙
CBW</,星期
CBW<H/,誓言
CBY[,編織圖案
CCBYR/,設巴薩，《思》舍市巴匝
CCH[,拿第六部份，獻六分之一
CCJ/,第六
CCJ=/,示篩，《思》舍瑟
CCJ==/,沙賽，《思》沙瑟
CCK/,示沙克，《現》巴比倫，《思》舍沙客
CCN/,示珊，《思》舍商
CCQ/,沙煞，《思》沙沙克
CD==/,邪靈；鬼魔
CDH/,無數的妃嬪
CDJ/,全能者；全足者
CDJ>WR/,示丟珥，《思》舍德烏爾
CDMH/,田野
CDP[,灼傷；燒焦；使枯萎
CDRK/,沙得拉，《思》沙得辣客
CFH[,拿第六部份，獻六分之一
CG<WN/,瘋狂，精神錯亂
CG<[,瘋癲；瘋狂
CGGH/,無意中犯罪；無心的錯誤
CGG[,犯錯；誤入歧途
CGH[,遊蕩；走失；迷路
CGJ>H/,錯誤；過失
CGR/,牛犢，崽
CGX[,凝視，盯著看
CHM/,縞瑪瑙
CHM=/,縞瑪瑙
CJ>N/,示按，《思》史雍
CJC>/,示沙，《思》史沙
CJCQ/,示撒，《思》史沙克
CJMWN/,示門，《思》史孟
CJR[,唱
CJT/,荊棘；蒺藜， 薊；野薔薇
CJT=/,排列，列陣
CJT[,排列，列陣
CJV/,鞭子
CJXWR/,西曷河，《思》史曷爾河
CJXWR_LBNT/,希曷‧立納河，《思》里貝納特河
CJZ>/,示撒，《思》史匝
CKBH/,一層露水
CKBT/,交合
CKB[,躺著；躺下
CKK[,緩和；消退
CKLJM/,喪親
CKL[,失去孩子；流產；失去幼崽
CKM/,肩膀
CKM=/,肩膀
CKM==/,肩膀
CKM===/,示劍，《思》舍根
CKMJ/,示劍族，《思》舍根家族
CKM[,早起
CKN[,安頓下來；停留；居住
CKR=/,棗酒；烈酒
CKWL=/,失去孩子；失去幼崽
CKWR/,喝醉
CKX[,忘記
CL/,輕率
CL>NN/,自在；安全；自滿
CLB/,框架
CLB[,平行
CLCH/,施沙，《思》史耳沙
CLCH=/,沙利沙，《思》沙里沙
CLCJM/,第三代的子孫
CLCWM/,以前，過去（常常做的事）
CLC[,三重的；由三部分組成
CLG/,雪
CLG=/,雪
CLH=/,示拉，《思》舍拉
CLJ/,平靜；安靜
CLJC/,盆；量器
CLJC=/,盆；量器
CLJC==/,盆；量器
CLJH/,胞衣
CLJV/,主人；統治者；總督；首領
CLK/,魚鷹
CLK[,拋；扔；投擲
CLL/,戰利品
CLMH/,償還；報應
CLMH=/,所羅門，《思》撒羅滿
CLMJ/,示冷族，《思》史冷家族
CLMJ=/,示羅米，《思》舍羅米
CLMJ>L/,示路蔑，《思》舍路米耳
CLMJT/,示羅密，《思》舍羅米特
CLMN/,沙勒幔，《思》沙耳曼
CLMN>SR/,撒縵以色，《思》沙耳瑪乃色
CLMWT/,示羅摩，《思》舍羅摩特
CLM[,完工
CLNJ/,示拉族，《思》舍拉家族
CLP/,沙列，《思》舍肋夫
CLP[,拉出；抽出
CLV/,盾牌
CLVT/,無所顧忌；頑固；任性不屈服
CLWH/,舒適；平安；滿足
CLWM/,全然；完全
CLWM=/,回報；報應
CLWM==/,沙龍，《思》沙隆
CLWN/,沙崙，《思》沙隆
CLX===/,西羅亞，《思》史羅亞
CLXJ/,示利希，《思》史肋希
CLXJM/,實忻，《思》史耳新
CLXJM=/,實忻，《思》史耳新
CLXN/,桌子
CLX[,差派（信使到某人那裡去）
CM/,名字
CM</,新聞；報告；謠言；消息
CM<=/,大聲
CM<==/,新聞；報告；謠言；消息
CM<===/,大聲
CM<====/,示瑪，《思》舍瑪
CM<>/,示米亞，《思》史默亞
CM<H/,示瑪，《思》舍瑪亞
CM<H=/,示米亞，《思》史默亞
CM<J/,示每，《思》史米
CM<J=/,示每，《思》史米
CM<NJ/,西緬人《思》西默盎人
CM<T/,示米押，《思》史默阿特
CM<TJ/,示米押人，《思》沙瑪人
CM<WN/,西緬，《思》西默盎
CM=/,名字
CM>/,沙瑪，《思》沙瑪
CM>BR/,善以别，《思》舍默貝爾
CM>H/,示米亞（示米暗），《思》史瑪
CM>M/,示米暗，《思》史曼
CMC/,太陽
CMCRJ/,珊示莱，《思》沙默舍賴
CMCWN/,參孫，《思》三松
CMD[,摧毀；根絕；斷絕；粉碎
CMGR/,珊迦，《思》沙默加爾
CMHWT/,珊合，《思》沙默胡特
CMJ/,沙買
CMJD</,示米大，《思》舍米達
CMJD<J/,示米大族，《思》舍米達家族
CMJM/,天；天空
CMJNJ/,第八
CMJRMWT/,示米拉末，《思》舍米辣摩特
CMM/,荒涼；變得荒涼；被遺棄，被撇棄
CMMWN/,驚駭；驚恐
CMM[,荒涼；變得荒涼；被遺棄，被撇棄
CMN/,油；膏
CMN=/,肥畜
CMN==/,肥沃；豐富
CMNH/,八
CMN[,營養充足的，肥胖的
CMRH/,眼皮，眼瞼
CMRJ/,申利，《思》史默黎
CMRJT/,示米利，《思》史默黎特
CMRNJ/,伸崙族，《思》史默龍家族
CMRT/,申拉，《思》史默辣特
CMRWN=/,伸崙，《思》史默龍
CMRWN==/,伸崙，《思》史默龍
CMRWN_MR>WN/,伸崙‧米崙，《思》史默龍
CMR[,觀察；觀看；注意
CMTJ/,舒瑪人，《思》叔瑪人
CMVH/,鬆開；豁免
CMV[,滑倒
CMW</,沙母亞，《思》沙慕亞
CMW<H/,新聞；報告；謠言；消息
CMW>L/,撒母耳，《思》撒慕爾
CMWT/,沙瑪，《思》沙摩特
CMY/,低語
CMYH/,笑柄
CN/,牙齒
CN<R/,示拿，《現》巴比倫，《思》史納爾
CN=/,牙齒
CN>B/,示納，《思》史納布
CN>N/,成千上萬
CN>YR/,示拿薩，《思》舍納匝爾
CNH/,年
CNHBJM/,象牙
CNH[,不同；改變；受到影響
CNJ/,第二
CNJ=/,朱紅色
CNJM/,二
CNJNH/,嘲諷
CNN=[,磨礪；磨快
CNN[,磨礪；磨快
CNS[,束緊腰部；把斗篷塞進腰帶；繫緊裙子
CP</,大量；豐富
CP<H/,軍隊；在一起的一群人
CP<J/,示非，《思》史非
CPJM/,書品，《思》叔平
CPJPN/,毒蛇
CPJR/,沙斐，《思》沙非爾
CPK/,傾倒的地方
CPKH/,陰莖
CPK[,被倒出；溢出；湧出
CPL/,低
CPLH/,被降低；被放低
CPLH=/,謝非拉，低地，《思》盆地，平原
CPLWT/,閒散；懶惰
CPM/,示番，《思》舍番
CPM=/,沙番，《思》沙凡
CPMJ/,實弗米人，《思》史斐米人
CPN/,石獾，岩狸
CPN=/,石獾，岩狸
CPR/,美
CPR=/,美
CPV/,審判；懲罰
CPV=/,沙法，《思》沙法特
CPVN/,拾弗但，《思》色弗堂
CPV[,判決；宣告判決；執行正義；裁決（案件）
CPWV/,審判；懲罰
CPXH/,女奴，婢女
CQ<RWRH/,淺坑
CQ<[,下沉，下降
CQD/,杏樹；杏仁
CQH[,弄濕了；滋潤了
CQL/,舍客勒，《思》協刻耳
CQMH/,桑樹，無花果桑樹
CQP[,俯瞰
CQQ[,衝上來；衝出來
CQR/,背信棄義；背叛；變節
CQR[,做出虛假行為；背信棄義；欺騙
CQT/,水槽
CQV/,安靜；安全
CQV[,靜止；平靜
CQWJ/,飲料
CQWY/,可憎的
CQY/,可憎惡的東西
CQY[,沾染自己；使自己變成可憎惡的
CR/,肚臍
CRB/,灼熱
CRBJH/,示利比，《思》舍勒彼雅，舍肋彼雅
CRBJV/,權杖
CRC=/,根
CRJ/,沙賴
CRWN/,沙崙，《思》沙龍，原野
CRWNJ/,沙崙人，《思》沙龍人
CRWXN/,沙魯險，《思》沙魯恆
CS</,裂（蹄）
CSH[,擄掠；洗劫；搶奪，掠奪
CSP[,切成碎片
CSS[,擄掠；洗劫；搶奪，掠奪
CTJH/,喝酒
CTLXJ/,書提拉族，《思》叔特拉家族
CTM/,領受異象；看見異象，得見異象
CTN[,男人，男丁
CTQ[,靜止；變為平靜
CTR/,示達，《思》舍塔爾
CVH/,金合歡樹；刺槐
CVJM/,什亭，《思》史廷
CVP/,激流；洪水
CVR[,官員；工頭；監工
CVV/,禍害
CVX[,擴散；散開
CW<==/,求救
CW<>/,書雅，《思》叔亞
CW<H/,求救
CW<L/,野狗，胡狼；狐狸
CW<L=/,野狗，胡狼；狐狸
CW<L==/,野狗，胡狼；狐狸
CW<R/,守城門的人；守衛
CW>/,謊話；撒謊；詭計；欺詐
CWB=[,再次發生
CWBH/,返回；後悔；悔改
CWBL/,朔巴，《思》芍巴耳
CWBQ/,朔百，《思》芍貝克
CWB[,再次發生
CWC>/,沙威沙，《思》沙委沙
CWCN/,百合
CWCN=/,百合
CWH/,沙微谷，《思》沙委山谷
CWH=/,沙微谷，《思》沙委山谷
CWL/,裙裾
CWLL/,剝光衣服；赤裸
CWMJM/,蒜頭
CWMR/,朔默，《思》芍默爾
CWNJ/,書尼，《思》叔尼
CWNJ=/,書尼，《思》叔尼
CWNM/,書念，《思》叔能
CWP=[,擊打；壓碎；使受傷
CWPK/,朔法，《思》芍法客
CWPMJ/,書反族，《思》舍孚番家族
CWPR/,角；號角
CWP[,擊打；壓碎；使受傷
CWQ/,大腿；腿
CWRH/,一行
CWTLX/,書提拉，《思》叔特拉
CWX/,書亞，《思》叔哈
CWXJ/,書亞人，《思》叔亞人
CWXM/,書含，《思》叔罕
CWXMJ/,書含宗族，《思》叔罕家族
CX/,謙遜；謙虛
CXD/,禮物；賄賂
CXJN/,瘡；炎症
CXJT/,坑
CXL/,流浪的雄獅
CXLT/,施喜列；香螺
CXP/,海鷗
CXPT/,癆病，肺病
CXR/,黎明，破曉
CXR=/,黑色的；烏黑的
CXRJH/,示哈利，《思》舍哈黎雅
CXRJM/,沙哈連，《思》沙哈辣殷
CXRWT/,黑髮；青年
CXT[,毀了；壞了；有殘疾
CXWR/,灰；煙塵
CXWT/,坑
CXX[,變得低
CYP/,巨大的；壓倒性的
CZP[,看
CZR[,紡；搓
D</,知識；理解；意見
D<H/,知識；理解；意見
D<K[,熄滅；撲滅
D<T/,知道，了解
D<W>L/,丟珥，《思》勒烏耳
D>BH/,沮喪；驚慌；絕望
D>BWN/,軟弱；精神消耗；精神沮喪
D>B[,軟弱；變得黯淡；感到暈眩；變得衰弱；疲乏
D>G/,多益，《思》多厄格
D>GH/,懼怕，驚惶；焦慮；憂慮
D>H/,黑鳶，鷂鷹
D>H[,俯衝；猛撲
DB/,（敘利亞品種褐色的）熊
DB>/,力量；安全
DBB[,流入；流過
DBC/,蜜，蜂蜜
DBH/,報告惡信；讒謗，詆毀；散佈謠言
DBLH/,無花果餅
DBLH=/,第伯拉他，《思》黎貝拉
DBLJM/,滴拉音，《思》狄布拉因
DBQ/,連接的地方；焊接點
DBQ=/,連繫，相接；接觸，碰到
DBQ[,粘貼在一起；緊緊結連；膠結
DBR=/,災禍；瘟疫
DBR===/,災禍；瘟疫
DBRH/,法律案件，訴訟案件；糾紛
DBRJ/,底伯利，《思》狄貝黎
DBRT/,大比拉，《思》多貝辣特
DBRT=/,大比拉，《思》多貝辣特
DBR[,毀滅；清除；剿滅
DBWRH/,蜂；蜜蜂
DC>/,綠色植物；草，青草
DCN/,油，肥油，肥甘，脂油，油脂
DCN=/,長得肥胖，發胖，變肥
DCN[,長得肥胖，發胖，變肥
DD/,乳房，胸懷
DDH[,帶領到達；領路
DDN/,底但，《思》德丹
DG/,魚
DGH/,魚
DGH[,生養眾多；增加；多多繁衍；昌盛
DGL/,旗幟，旌旗，軍旗
DGN/,穀物；新穀
DGR[,孵蛋
DGWN/,大袞，《思》達貢
DHM[,受驚；受驚嚇；猝不及防
DHRH/,奔騰，奔馳；跳躍，踢跳
DHR[,奔騰，奔馳；跳躍，踢跳
DJ/,足量，足夠，充足
DJBN/,底本，《思》狄朋
DJC/,打穀物，打糧食
DJCN/,底珊，《思》狄商
DJCWN=/,羚羊
DJG/,漁夫，打魚的
DJH/,黑鳶，鷂鷹
DJMWN/,底們，《思》狄孟
DJMWNH/,底摩拿，《思》狄摩納
DJN=/,法官；伸冤者；仲裁者
DJNH/,底拿，《思》狄納
DJQ/,抵抗圍攻的牆；壘，堡壘；土牆；土堆
DJW/,墨
DJ_ZHB/,底撒哈，《思》狄匝哈布
DK/,被壓碎；被迫害；受欺壓；被踐踏
DK>/,壓壞的；損傷的
DKJ/,敲打
DL/,門
DL<N/,底連，《思》狄耳罕
DL=/,門
DLG[,跳躍；攀上；穿越
DLH/,捲布；編織物料
DLH=/,捲布；編織物料
DLH[,打水
DLJ/,桶，水桶
DLJLH/,大利拉，《思》德里拉
DLL[,變成低的，降低；逐漸減少
DLP/,連連滴漏，滴漏不停
DLPWN/,達分，《思》達耳豐
DLQT/,發炎；熱病；火症
DLQ[,燃燒，焚燒；激烈的；火熱的
DLT/,門
DLX[,攪動；攪渾；翻起
DM/,血
DM</,汁液
DM<H/,眼淚，淚水
DMCQ/,牀榻的靠枕
DMFQ/,大馬士革
DMH[,停止，終止
DMMH/,寂靜無聲；微聲低語；輕微細小的聲音，輕柔的聲音
DMM[,站著不動；停住；靜止；等待
DMN/,糞，糞土，糞便
DMNH/,丁拿，《思》黎孟
DMWT/,相像，相似；代表；模樣，樣式，形像
DN/,但，《思》丹
DNH,大拿，《思》達納
DNH/,大拿，《思》達納
DNHBH/,亭哈巴，《思》丁哈巴
DNJ/,但人，但支派的人，《思》丹支派
DPJ/,毀謗
DPQH/,脫加，《思》多弗卡
DPQ[,敲打；擊打
DQ/,薄；細；枯瘦
DQ=/,布；簾子；頂篷；薄紗
DQLH/,德拉，《思》狄刻拉
DQQ[,變成粉末，變成灰
DQR/,刺入；刺穿
DQR[,刺入；刺穿
DR/,珍珠母，珍珠層
DR>WN/,憎惡或厭棄的對象
DRC[,尋找；尋求
DRD</,達大，《思》達爾達
DRDR/,荊棘；蒺藜，薊；野薔薇
DRK/,路，路徑；足跡
DRK[,踩踏；行走（在某東西上）；行進；移動
DRQWN/,達昆，《思》達爾孔
DRWM/,南，南方
DRWR/,液體，流質
DRWR=/,液體，流質
DTN/,多坍，《思》多堂
DTN=/,大坍，《思》達堂
DWB[,使……逐漸衰弱；使……精力消耗
DWD/,愛人；情人，良人
DWD=/,籃子，筐子
DWD==/,大衛，《思》達味
DWDH/,姑母；伯母；叔母
DWDJ=/,曼陀羅草，曼德拉草；風茄，催情果
DWDW/,朵多，《思》多多
DWG/,漁夫，打魚的
DWGH/,捕魚，釣魚，打魚
DWH/,行經中的女人，女人在經期間
DWJ/,患病
DWJ=/,驚愕；困惑；絕望；發昏
DWKJPT/,戴鵀，戴勝鳥
DWK[,搗碎，搗爛
DWMJH/,靜默，默默無聲
DWMM,默默地；在靜默中；默然不語
DWNG/,蠟
DWR/,居所，住處
DWR=/,堆積；堆疊起來
DWX[,清洗，洗滌；清潔，潔淨
DWY[,跳躍，蹦跳，迅速移動
DXJ/,推，猛推；趕逐
DXN/,黍；高粱；小米；粟米
DXP[,急速；急忙
DXQ[,推擠；擁擠
F<JR/,（毛茸茸的）公山羊
F<JR=/,（毛茸茸的）公山羊
F<JR==/,（毛茸茸的）公山羊
F<JR===/,（毛茸茸的）公山羊
F<JR====/,西珥，《思》色依爾
F<JRH/,（毛茸茸的）母山羊
F<JRH=/,（毛茸茸的）母山羊
F<R/,頭髮；毛髮
F<R=/,驚恐萬分
F<R==/,驚恐萬分
F<RH/,大麥
F<RH=/,頭髮；毛髮
F<RH==/,暴風雨
F<RJM/,梭琳，《思》色敖陵
F>R/,酵；酵母
F>T/,抬起；舉起
FB</,飽足
FB<=/,飽足
FB<==/,充足；豐富
FB<H/,滿足
FB<[,飽足；得到滿足；變得滿足
FBR/,希望
FDH/,瑣腓的田野，《現》瑣腓田，《思》瞭望台
FDJ/,瑣腓的田野，《現》瑣腓田，《思》瞭望台
FDJM/,西訂谷，《思》息丁山谷
FDRH/,等級
FFWN/,高興；愉快；喜悅
FGB[,反對，敵對
FGWB/,西割，《思》色古布
FH/,羊
FHD/,見證，證人，見證人
FHDW/,伊迦爾‧撒哈杜他，《思》耶加爾、撒哈杜達
FHRNJM/,月牙圈
FJ>N/,西雲，《現》西連，《思》息爾翁
FJD/,粉刷
FJD[,粉刷
FJG/,忙碌；沒空
FJM[,擺隊，擺陣
FJXH/,沉思；默想
FJX[,呻吟
FK/,荊棘；刺；倒鈎
FK=/,庇護所，棚子，小屋
FKH/,魚叉；捕魚矛
FKJH/,船
FKJN/,刀
FKJR/,租用的，雇來的
FKL/,良好的判斷力；理解；洞察力
FKL=[,順利；成功
FKR/,租金；工錢；酬勞
FKR=/,工資，報酬
FKR==/,租金；工錢；酬勞
FKR[,讓自己被別人雇用
FKW/,西沽，《思》色雇
FKWJ/,公雞
FLM>/,撒門，《思》撒耳孟
FLMH/,斗篷；外衣
FLMH=/,斗篷；外衣
FLMWN/,撒門，《思》撒耳孟
FLW/,鵪鶉
FM>L/,左邊；左
FM>LJ/,左邊
FM>L[,去左邊，向左
FMJKH/,毛毯；被子；地毯；窗簾
FMLH/,斗篷；外衣
FMLH=/,桑拉，《思》撒默拉
FMMJT/,壁虎
FMX/,喜樂的；欣喜
FMXH/,喜樂
FMX[,喜樂的；欣喜
FN>H/,怨恨；仇恨
FN>[,恨惡；拒絕
FNJ>/,恨惡的；拒絕的
FNJR/,示尼珥，《思》色尼爾
FPH/,嘴唇
FPM/,鬚
FPMWT/,息末，《思》息弗摩特
FPN[,掩蓋
FQ/,袋子，布袋，麻袋
FR/,將軍；元帥；長官；顯貴；官員；省長
FR>YR/,沙利色，《思》沙勒責爾
FRD/,手寫筆；記號筆
FRD[,倖存，活下來
FRG[,交織在一起
FRJ/,撒萊，《思》撒辣依
FRJD/,倖存者，生還者
FRJD=/,倖存者，生還者
FRJG/,枝子；樹藤
FRJN/,西連，《思》息爾翁
FRP/,彩鋸鱗蝰，火蛇
FRP=/,彩鋸鱗蝰，火蛇
FRPH/,燃燒；火災
FRP[,燃燒；燒毀
FRWG/,西鹿，《思》色魯格
FRWK/,鞋帶
FRX/,西拉，《思》色辣黑
FTM[,領受異象；看見異象，得見異象
FV/,誤入歧途；迷失方向
FVH[,轉身離開
FVM[,（對某人）懷恨在心
FVN/,敵人；仇敵
FWF[,高興；愉快；喜悅
FWKH=/,梭哥，《思》索苛
FWKTJ/,蘇甲人，《思》穌加人
FWRH/,一行
FWX[,去走走；四處走動
FX/,心思；主意
FXJP/,木鑲板，牆板，護牆板
FXQ[,笑；微笑
FXV[,擠壓
FXW/,游泳
FXWQ/,歡笑；笑聲
G<C/,迦實，《思》加阿士
G<H/,歌亞，《思》哥阿
G<L/,被厭惡；被憎恨
G<L=/,迦勒，《思》加阿耳
G<L[,離棄；討厭，厭惡；憎恨
G<RH/,責備；斥責
G<R[,責備；斥責
G<TM/,迦坦，《思》加堂
G>/,驕傲，傲慢
G>H/,驕傲；狂傲
G>H=/,驕傲；傲慢
G>H[,生長；長高；高漲
G>LH/,贖回
G>W>L/,臼利，《思》革烏耳
G>WH/,高漲；膨脹
G>WN/,叢林，灌木叢
G>WT/,上漲；上騰
GB</,迦巴，《思》革巴
GB<>/,山丘，山崗，小山
GB<L/,含苞
GB<TJ/,基比亞人，《思》基貝亞人
GB<WN/,基遍，《思》基貝紅
GB=/,水池；水坑
GB>/,水池；池塘
GBH/,高；高大
GBH=/,高，高度；身高
GBHWT/,驕傲，高傲，傲慢；狂妄
GBH[,高；高大
GBJ/,迦拜
GBJ</,杯
GBJ=/,迦拜
GBJC/,水晶
GBJM/,基柄，《思》革平
GBJR/,主；主人
GBJRH/,女主人，主母
GBL/,迦巴勒，《思》革巴耳
GBL=/,迦巴勒，《思》革巴耳
GBLJ/,迦巴勒人，《思》革巴耳人
GBLT/,編織的；擰成的；絞成的
GBL[,形成地界，作為邊界
GBN/,駝背的人
GBNH/,奶酪，奶餅
GBNN/,高峰；山頂
GBR/,人；男丁，男人，男子
GBR=/,人；男丁，男人，男子
GBR==/,巨人；勇士
GBRJ>L/,加百列，《思》加俾額爾
GBR[,變強盛；變強大；得勝
GBTWN/,基比頓，《思》基貝通
GBWL/,境界，疆界，邊界；四境，疆土；牆，分隔的牆；邊緣
GBWLH/,疆界，地界，邊界；邊緣；四境，疆土
GBWR/,巨人；勇士；強人；英雄
GBWRH/,偉大；能力；大能
GBX/,頂門禿
GBXT/,頂門禿
GCC[,摸索
GCM/,雨
GCM=/,雨
GCM==/,雨
GCN/,歌珊，《思》哥笙
GCP>/,基斯帕，《思》基市帕
GCWR/,基述，《思》革叔爾
GCWRJ/,基述人，《思》革叔爾人
GD/,芫荽
GD<M/,基頓，《思》革巴
GD<NJ/,基多尼，《思》基德敖尼
GD<WN/,基甸，《思》基德紅
GD<[,脫落；折斷
GD=/,芫荽
GD===/,芫荽
GDD[,割傷自己；自割；砍傷自己
GDJ/,小山羊，山羊羔
GDJ==/,迦底，《思》加狄
GDJ>L/,迦疊，《思》加狄耳
GDJC/,禾捆；禾稼
GDJH/,小山羊，山羊羔
GDJH=/,小山羊，山羊羔
GDL/,偉大；大
GDL==/,繸子；流蘇
GDL===/,吉德，《思》基德耳
GDLTJ/,基大利提，《思》基達耳提
GDL[,增大；壯大；漸漸強大；增添，加增
GDP[,侮辱，凌辱；辱罵；褻瀆
GDR=/,基德，《思》革德爾
GDR==/,基突，《思》革多爾
GDRJ/,基第利人；《思》革德爾人
GDRTJ/,基底拉人，《思》革德爾人
GDRTJM/,基底羅他音，《思》革德洛塔殷
GDRWT/,基低羅，《思》革德洛特
GDWD/,一群掠奪者；強盜；軍隊
GDWD=/,一群掠奪者；強盜；軍隊
GDWDH/,劃傷，割傷
GDWLH/,大；尊大；偉大
GDWPH/,羞辱，凌辱；辱罵
GG/,屋頂，房頂；平頂；樓頂
GHH/,健康
GHR[,屈身；伏；彎腰，俯身
GJ>/,欣嫩子谷，《思》本希農谷
GJD/,筋；肌肉；肌腱
GJL/,歡樂，喜樂，快樂，歡躍；踴躍
GJL=/,歡樂，喜樂，快樂，歡躍；踴躍
GJLH/,歡喜；快樂
GJLNJ/,基羅人；來自基羅的
GJNT/,基納，《思》基納特
GJXWN/,基訓河，《思》基紅河
GJXZJ/,基哈西，《思》革哈齊
GL/,浪，波浪，浪濤
GL<D/,基列，《思》基肋阿得
GL<D=/,迦累得，《思》基肋阿得
GL<DJ/,基列人，基列族，《思》基肋阿得家族
GL<[,勃然大怒；被激怒
GL==/,浪，波浪，浪濤
GLB/,理髮師（中文聖經沒有譯出）
GLB</,基利波山，《思》基耳波亞
GLC[,下來；跳躍著下來；往下流瀉
GLD/,皮膚
GLGL/,輪子；車輪
GLGL==/,輪子；車輪
GLGLT/,頭蓋骨；腦殼
GLH/,碗；罐
GLH=/,基羅
GLH[,揭開（某人的）耳朵 > 開通（某人的）耳朵
GLJLH/,地區；境；地
GLJLWT/,基利綠，《思》革里羅特
GLJM/,迦琳，《思》加林
GLJT/,歌利亞，《思》哥肋雅
GLJWN/,板；牌
GLLJ/,基拉萊，《思》基拉來
GLL[,滾，滾動；移動
GLM/,胎兒；胚胎
GLMWD/,不能生育的，不育
GLWM/,披風；罩袍
GLWT/,被擄；流亡
GLX[,剃（鬍子）；剪（頭髮）；剃頭刮臉
GM,也，又；甚至；此外；而且；更糟糕的是；除了；和；既……又
GM>/,蒲草；蘆葦，蘆荻
GMD/,短肘；半公尺
GML/,駱駝
GMLJ/,基瑪利，《思》革瑪里
GMLJ>L/,迦瑪列，《思》加默里耳
GML[,斷奶
GMR/,歌篾，《思》哥默爾
GMR=/,歌篾，《思》哥默爾
GMRJH/,基瑪利，基瑪利雅，《思》革瑪黎雅
GMWL/,所做的；行為
GMWL=/,迦末，《思》加慕耳
GMWLH/,行為；所做的
GMZW/,瑾鎖，《思》基默左
GN/,園子，園
GNB/,賊，小偷
GNBH/,偷，盜竊
GNBT/,基努拔，《思》革奴巴特
GNB[,偷，偷竊，偷盜
GNH/,花園；園子，園
GNN[,保衛；保護
GNTWN/,近頓，《思》金乃通
GNZ/,庫房，府庫，王庫
GNZK/,庫房，府庫
GP/,身體
GP=/,身體
GPN/,瓜藤
GPR/,歌斐木；柏樹
GPRJT/,硫磺
GR/,異鄉人；陌生人；寄居者；外族人；外人；客旅
GR<[,剃髮；剪髮
GR=/,石灰石，灰石
GR>/,基拉，《思》革辣
GRB/,皮膚感染
GRB=/,迦立，《思》加勒布
GRC/,出產；作物；農產品
GRCH/,逐出，趕出
GRCM/,革舜，《思》革爾熊，革爾雄
GRCNJ/,革順人，革順宗族，《思》革爾雄人
GRCWN/,革順，《思》革爾雄
GRC[,翻騰
GRD[,刮身體
GRF/,磨碎的穀物；去殼的穀粒
GRGCJ/,革迦撒人，《思》基爾加士人
GRGR/,成熟的橄欖
GRH[,激怒；挑釁；挑起；招惹
GRM/,骨頭
GRMJ/,迦米人，《思》加爾米人
GRM[,咀嚼；啃咬；吞吃
GRN/,禾場
GRP[,沖沒；沖走
GRR/,基拉耳，《思》革辣爾
GRR[,掃除；拖走；拉起來
GRS[,磨損；損耗
GRWN/,喉嚨
GRWT/,基羅特金罕，《思》革魯特基默罕
GRZJM/,基利心，《思》革黎斤
GRZN/,斧頭，斧子；鎬；鋤
GRZ[,拖走，拉走；把……推開
GTJ/,迦特人，《思》加特人
GTJM/,基他音，《思》基塔殷
GTJT/,迦特樂器
GTR/,基帖，《思》革特爾
GT_RMWN/,迦特‧臨門，《思》加特黎孟
GW/,背
GW<[,氣絕，斷氣，呼了最後一口氣；死亡，滅亡
GW=/,丢在背后
GW==/,背
GWC/,腫塊，瘤
GWD[,襲擊；攻擊
GWG/,歌革，《思》哥格
GWH/,驕傲；狂傲；自高自大
GWH=/,驕傲；狂傲；自高自大
GWJH/,身體；屍身，屍體，屍首；殘骸
GWLH/,被擄；流亡
GWLN/,哥蘭，《思》哥藍
GWMY/,坑；陷阱
GWNJ/,沽尼，《思》古尼
GWNJ=/,沽尼，《思》古尼
GWPH/,屍身，屍體
GWP[,關；關閉；關門上閂
GWR/,寄居；居留；像異鄉人那樣生活；住
GWR==[,寄居；居留；像異鄉人那樣生活；住
GWRL/,鬮；籤
GWR[,寄居；居留；像異鄉人那樣生活；住
GWZL/,雛鳥
GWZN/,歌散，《思》哥倉
GWZ[,帶來；吹走；推送；推動
GXM/,迦含，《思》加罕
GXR/,迦哈，《思》加哈爾
GXWN/,肚子
GZ/,剪毛
GZ</,樹樁；樹幹；枝幹
GZBR/,司庫，庫官，財政大臣
GZH/,羊毛
GZJT/,鑿成的石頭；料石；粗琢方石
GZL/,搶奪，搶劫；剝削
GZL=/,掠奪；搶劫
GZLH/,搶奪所得的東西
GZL[,搶奪，搶劫；霸佔；強取
GZM/,蝗蟲，剪蟲
GZM=/,迦散，《思》加倉
GZR/,塊；件
GZR=/,塊；件
GZRH/,分開的；單獨的；無人的；沒有人居住的
GZRH=/,空地
GZWNJ/,基孫人，《思》基宗人
GZZ/,迦謝，《思》加則次
GZZ[,剪毛；剃；剪；剪除
H>,看哪；請看
H>=,看哪；請看
H>X,啊哈，呵哈
HBR[,分開 > 研究
HCM/,哈深，《思》雅笙
HCM<WT/,新聞；報告；謠言；消息
HD/,歡呼的聲音
HDD/,哈達，《思》哈達得
HDD<ZR/,哈大底謝，《思》哈達德則爾
HDH[,伸（手）；把（手）放在
HDJ/,希太，《思》希待
HDK[,踐踏；打倒；擊潰
HDM/,腳凳
HDP[,推，推倒，推開，推擠
HDR/,榮耀；威嚴
HDR=/,榮耀；顯赫
HDR==/,崇高；威嚴
HDRH/,威嚴；榮耀
HDR[,華麗，華美；輝煌
HDS/,香桃木；番石榴樹
HDSH/,哈大沙，《思》哈達撒
HDW/,印度
HDWRM/,哈多蘭
HGH/,咕噥；隆隆作響；發出連續低沉的聲音；嘆息
HGH[,移動；除去，清除；趕逐
HGJG/,喃喃細語，發出連續低沉的聲音
HGJWN/,默想，沉思
HGR/,夏甲，《思》哈加爾
HGRJ/,夏甲人，《思》哈革爾人
HGRJ=/,夏甲人，《思》哈革爾人
HGWT/,默想；思想
HH,哀哉！慘啦！
HJ/,悲痛
HJDD/,歡呼；吶喊
HJK,怎能？
HJKL/,王宮，宮廷；殿，聖殿，殿宇
HJLL/,晨星
HJMM/,希幔，《思》赫曼
HJMN/,希幔，《思》赫曼
HJN/,欣
HKRH/,偏袒，偏私
HKR[,虐待；折磨
HL>[,在遠方；被帶至遠方
HLJK/,腳步；腳
HLJKH/,去；走；路
HLK/,流，流下，流出
HLK[,運行；穿過；流到，流過，流通
HLL/,希列，《思》希肋耳
HLL[,照亮，照耀；閃耀；放光，發光，發出（光）
HLMWT/,錘子
HLM[,擊打；擊碎
HLWLJM/,頌讚，讚美；感謝，感恩
HM/,哈麥，《思》哈木
HMH/,呻吟；呼嘯；吼叫；咆哮
HMH[,呻吟；呼嘯；吼叫；咆哮
HMJH/,聲音；音響
HMLH/,轟轟聲
HMM[,陷入恐慌；潰敗
HMN/,哈曼
HMN=/,哈曼
HMS/,矮灌木叢，矮樹叢
HMWN,噪音；喧嘩；騷動；滾滾（河水）；咆哮
HMWN/,噪音；喧嘩；騷動；滾滾（河水）；咆哮
HMWNH/,哈摩那，《思》哈摩納
HN</,希拿，《思》赫納
HNM/,欣嫩子谷，《思》本希農谷
HNXH/,豁免（稅項）
HPGH/,止息；喘息
HPKH/,傾覆；毀滅
HPKPK/,行為歪曲
HPK[,轉身，翻身，轉過來；轉回；撤退
HR/,山，高山
HR=/,何珥山，《思》曷爾山
HR>/,哈拉，《思》哈辣
HR>L/,祭壇上的供臺
HRG/,屠殺；殺戮
HRGH/,屠宰；屠殺；殺戮
HRG[,屠殺；殺害；謀殺
HRH/,有了身孕；成孕，受孕，懷孕
HRH[,有了身孕；成孕，受孕，懷孕
HRJSH/,毀壞，破損；荒廢了；破敗的；塌毀
HRM/,何蘭，《思》曷蘭
HRMWN/,哈門，《思》赫爾孟
HRN/,哈蘭，《思》哈郎
HRRJ/,哈拉人，《思》哈辣黎人
HRS/,毀壞；（成為）廢墟；已荒廢
HRS[,成了廢墟
HRWRJ/,哈律人，《思》哈洛得人
HSH[,靜默；安靜，肅靜；不作聲
HTK/,哈他革，《思》哈塔客
HTT[,威脅；攻擊
HTWK/,熔化
HW,哀哉！
HWC</,何西阿，《現》何希阿，《思》曷舍亞
HWC<JH/,何沙雅，《思》曷沙雅
HWCM</,何沙瑪，《思》曷沙瑪
HWDWH/,何達威，《思》曷達委雅
HWDWJH/,何達威雅，《思》曷達委雅
HWH/,災害，災難，災禍，禍患
HWH=/,慾望；渴望；愛好
HWH==/,慾望；渴望；愛好
HWHM/,何咸，《思》曷罕
HWJ,哀哉！
HWLLH/,狂妄，瘋狂
HWLLWT/,狂妄，瘋狂
HWMM/,荷幔，《現》希幔，《思》曷曼
HWM[,震動；發出迴響
HWN[,認為容易，以為輕易
HWTJR/,何提，《思》曷提爾
HYLH/,拯救
HYN/,裝備齊全
HZH[,在睡夢中喃喃自語；做夢
J<BY/,雅比斯，《思》雅貝茲
J<D[,擺放，放置
J<FJ>L/,雅西業，《思》雅息耳
J<H/,鏟子；刮刀
J<H[,清除，掃除；沖去
J<J>L/,耶利，《思》耶厄耳
J<KN/,雅干，《思》雅甘
J<LH/,母羊，雌性野山羊
J<LH=/,母羊，雌性野山羊
J<LM/,雅蘭，《思》雅藍
J<N/,因為；既然
J<N=/,鴕鳥
J<NH/,貓頭鷹；雕鴞，大雕
J<NJ/,雅乃
J<P/,疲乏，困倦
J<P=/,迅速飛，快速飛
J<QB/,雅各，《思》雅各伯
J<QBH/,雅哥巴，《思》雅科巴
J<QN/,亞干，《思》阿甘
J<R/,森林；灌木叢；樹林
J<R=/,森林；灌木叢；樹林
J<R==/,森林；灌木叢；樹林
J<RCJH/,雅利西，《思》雅勒舍雅
J<RH==/,雅拉，《思》約阿達
J<W>L/,耶烏利，《思》耶烏耳
J<WC/,耶烏施，《思》耶烏士
J<WY/,耶烏斯，《思》耶烏茲
J<Y[,計劃；策劃；設計；打算
J<ZJ>L/,便雅薛，《現》雅薛，《思》雅阿齊耳
J<ZJHW/,雅西雅，《思》雅哈齊雅
J<ZR/,雅謝，《思》雅則爾
J<Z[,傲慢，驕傲；粗野
J>B[,渴慕，切慕
J>C[,放棄；認為無用；認為無希望；絕望
J>H[,合宜的
J>JR/,睚珥，《思》雅依爾
J>R/,尼羅河
J>R=/,尼羅河
J>TRJ/,耶特賴，《思》約特賴
J>ZNJH/,雅撒尼亞，《思》雅匝尼雅
JBB[,凝視；注視；觀看
JBC/,乾，乾涸；枯乾；枯萎
JBCH/,乾地
JBCT/,乾地，旱地
JBC[,乾，乾涸；枯乾；枯萎
JBFM/,易伯散，《思》依貝散
JBJN/,耶賓，《思》雅賓
JBL<M/,以伯蓮，《思》依貝肋罕
JBLT/,膿瘡；疣
JBM/,丈夫的兄弟，大伯，小叔
JBMT/,兄弟的妻子，嫂子，弟媳
JBM[,履行為兄弟立後的責任
JBN>L/,雅比聶，《思》雅貝乃耳
JBNH/,雅比尼，《思》雅貝乃
JBNJH/,伊比內雅，《和》伊比尼雅，《思》依貝乃雅
JBNJH=/,伊比尼雅，《思》依貝乃雅
JBQ/,雅博河，《思》雅波克河
JBRKJHW/,耶比利家，《思》耶貝勒基雅
JBWL/,五穀；出產；農作物
JBWS/,耶布斯，《思》耶步斯
JBWSJ/,耶布斯人，《思》耶步斯人
JBXR/,益轄，《思》依貝哈爾
JC<J/,以示，《思》依史
JC<[,取勝，得勝；報仇
JCB<M/,坐下；就座
JCB>B/,耶是比押，《思》耶舍貝阿布
JCBJ/,雅述族，《思》雅叔布家族
JCBJ=/,雅述族，《思》雅叔布家族
JCBJ_LXM/,雅叔比利恆，《思》未譯出
JCBQ/,伊施巴，《思》依市巴克
JCBQCH/,約施比加沙，《思》約市貝卡沙
JCBX/,益巴，《思》依市巴
JCB[,坐下；就座
JCC/,年老；衰老
JCJ/,耶西，《思》葉瑟
JCJC/,年老的，年長；老年人
JCJCJ/,耶示篩，《思》耶史賽
JCJMN/,曠野；荒野；約斯門
JCJMWN/,曠野；荒野；約斯門
JCM<>L/,以實瑪利，《思》依市瑪耳
JCM<>LJ/,以實瑪利人，《思》依市瑪耳人
JCM>/,伊施瑪，《思》依市瑪
JCMRJ/,伊施米萊，《思》依市默賴
JCM[,荒涼，荒廢；變為廢墟
JCN/,睡，睡覺；睡著；入睡；沉睡；躺臥
JCN=/,陳舊；舊的
JCN==/,睡，睡覺；睡著；入睡；沉睡；躺臥
JCN=[,睡，睡覺；睡著；入睡；沉睡；躺臥
JCNH/,耶沙拿，《思》耶沙納
JCN[,睡，睡覺；睡著；入睡；沉睡；躺臥
JCPH/,碧玉
JCPH=/,伊施巴，《思》依市帕
JCPN/,伊施班，《思》依市旁
JCR/,直的；筆直
JCR=/,正直；誠實；真誠；廉正
JCR==/,耶設，《思》耶舍爾
JCRH/,正直；誠實；真誠；廉正
JCRWN/,耶書崙，《思》耶叔戎
JCR[,使平直；使均勻；使平滑
JCV[,伸出；伸展
JCW</,耶書亞，《思》耶叔亞
JCW<=/,耶書亞，《思》耶叔亞
JCW<H/,成功；救恩；拯救；勝利；保護
JCWB/,雅述，《思》雅叔布
JCWH/,亦施瓦，《思》依市瓦
JCWJ/,亦施韋，《思》依市偉
JCWJ=/,亦施韋，《思》依市偉
JCWXJH/,約朔海，《思》耶芍哈雅
JCX/,空的
JD/,手；手腕；前臂；手臂
JD</,雅大，《思》雅達
JD<JH/,耶大雅，《思》耶達雅
JD<NJ/,亡靈，死人的靈魂，鬼
JD<[,學習；找出；知道
JD>LH/,以大拉，《思》依德阿拉
JDBC/,伊得巴，《思》依德巴士
JDDWT/,所愛的，所親愛的
JDD[,投，拋，擲
JDH=[,認罪，承認罪孽、過犯，承認所犯的罪
JDH[,認罪，承認罪孽、過犯，承認所犯的罪
JDJ<>L/,耶疊，《思》耶狄厄耳
JDJDH/,耶底大，《思》耶狄達
JDJDJH/,耶底底亞，《思》耶狄狄雅
JDJH/,耶大雅，《思》耶達雅
JDLP/,益拉，《思》耶杜通
JDW</,押杜亞，《思》雅杜亞
JDWN/,雅頓，《思》雅冬
JDWTWN/,耶杜頓，《思》耶杜通
JDWTWN=/,耶杜頓，《思》耶杜通
JFFKR/,以薩迦，《思》依撒加爾
JFJM>L/,耶西篾，《思》耶息米耳
JFR>L/,以色列
JFR>LH/,耶薩利拉，《思》耶沙勒拉
JFR>LJ/,以色列人
JG</,疲乏，困倦；厭倦，厭煩
JG<=/,勞碌得來的
JG<H/,疲倦，疲乏；耗盡，精疲力盡
JG<[,疲倦，困倦，疲乏，困乏；勞碌；勞動；勞累；勞苦
JG>L/,以迦，《思》依卡耳
JGB/,田地
JGBHH/,約比哈，《思》約革波哈
JGDLJHW/,伊基大利，《思》依革達里雅
JGJ</,辛勞，勞碌；勞動；粗重的工作
JGJ<=/,疲倦；疲憊不堪，耗盡，精疲力盡
JGLJ/,約利，《思》約革里
JGR/,伊迦爾‧撒哈杜他，《思》耶加爾、撒哈杜達
JGR[,畏懼，懼怕，害怕
JGWN/,哀傷，悲傷，憂愁，愁苦；悲慘
JGWR=/,雅姑珥，《思》雅古爾
JH/,耶和华；上主
JHB/,重擔；憂慮，擔心；焦慮
JHB[,給予
JHDJ/,雅代，《思》雅赫待
JHJR/,專橫；狂傲，傲慢，心驕氣傲，自命不凡
JHLL>L/,耶哈利勒，《思》雅肋肋耳
JHLM/,鑽石；金剛石
JHW<DH/,耶何阿達，《思》約阿達
JHW>/,耶戶，《思》耶胡
JHW>C/,約阿施，《思》約阿士
JHW>XZ/,約哈斯，《思》約阿哈次
JHWC</,約書亞，《思》若蘇厄
JHWCB</,約示巴，《思》約舍巴
JHWCPV/,約沙法，《思》約沙法特
JHWDH/,猶大
JHWDJT/,猶滴，《思》友狄特
JHWH/,耶和華；上主
JHWJD</,耶何耶大，《思》約雅達
JHWJKJN/,約雅斤，《思》耶苛尼雅
JHWJQJM/,約雅敬，《思》約雅金
JHWJRJB/,耶何雅立，《思》約雅黎布
JHWKL/,猶甲，《思》猶加耳
JHWNDB/,約拿達，《思》約納達布
JHWRM/,約蘭，《思》哈多蘭
JHWSP/,約瑟，《思》若瑟
JHWXNN/,約哈難，《思》約哈南
JHWYDQ/,約薩答，約撒答，《思》約匝達克
JHWZBD/,約撒拔，《思》約匝巴得
JHY/,雅雜，《思》雅哈茲
JJN/,葡萄酒，酒
JKJN/,雅斤，《思》雅津
JKJNJ/,雅斤族，《思》雅津家族
JKL[,能夠，能
JKX[,解決爭端；仲裁
JLD/,小孩，孩子，孩童；兒女；少年人，年輕人
JLDH/,少女；女孩，女童
JLDWT/,年輕，年少；幼年
JLJD/,後代；……族，……人
JLL/,嘯鳴
JLLH/,哀號；痛哭；呼喊
JLPT/,痂；疤
JLQ/,蝗蟲
JLQWV/,（牧人的）袋子；小袋
JLWD/,生，出生
JLWN/,雅倫，《思》雅隆
JM/,蘆葦海，紅海
JMJMH/,耶米瑪
JMJN/,右，右邊
JMJN=/,右，右邊
JMJNJ/,雅憫族，雅憫人，《思》本雅明家族
JMJNJ=/,雅憫族，雅憫人，《思》本雅明家族
JML>/,音拉，《思》依默拉
JMLK/,雅米勒，《思》雅默肋客
JMM/,驢
JMN</,音那，《思》依默納
JMNH/,音拿，《思》依默納
JMNJ/,右，右側；南
JMN[,向右
JMRH/,音拉，《思》依默辣
JMR[,自誇；誇耀
JMW>L/,耶母利，《思》耶慕耳
JNCWP/,貓頭鷹；鴞鳥
JNH[,壓迫，壓制；欺壓
JNJQH/,嫩枝，新枝，枝條
JNQ[,吸，吮，啜
JNWM/,雅農
JNWX/,雅挪哈，《思》雅諾亞
JP<H/,榮耀，輝煌
JP<[,閃耀，發光
JPDJH/,伊弗底雅，《思》依費德雅
JPH/,美麗；美貌，容貌俊美，英俊
JPJ/,美麗
JPJ</,雅非亞
JPJ<=/,雅非亞
JPLV/,雅弗勒，《思》雅費肋特
JPLVJ/,押利提人，《思》雅費肋提人
JPNH/,耶孚尼，《思》耶孚乃
JPT/,雅弗，《思》耶斐特
JPTX/,益弗他，《思》依弗達
JPTX=/,益弗他，《思》依弗達
JPTX_>L/,伊弗他‧伊勒谷，《思》依費塔赫耳山谷
JPW/,約帕，《思》約培
JPX/,呼氣
JQ<[,脫臼；關節脫臼
JQB/,西伊伯酒池，西伊伯醡酒池，《思》則厄布醡酒池
JQBY>L/,葉甲薛，《思》卡貝責耳
JQCN/,約珊，《思》約刻商
JQC[,用網捕捉；誘捕；使陷羅網
JQD<M/,約甸，《思》約刻德罕
JQH/,雅基，《思》雅刻
JQHH/,朝拜；服從
JQJM/,雅金，《思》雅肯
JQM<M=/,耶加面，《思》雅刻默罕，耶卡默罕
JQMJH/,耶加米雅，《思》耶卡米雅
JQN<M/,約念，《思》約刻乃罕
JQR/,珍貴的；精選的；昂貴的
JQR=/,珍貴；榮譽；尊重；輝煌；價值
JQT>L/,約帖，《思》約刻特耳
JQVN/,約坍，《思》約刻堂
JQWD/,燃燒，焚燒
JQWM/,生物，活物
JQWTJ>L/,耶古鐵，《思》耶谷提耳
JQY[,醒來
JR<[,顫抖；戰兢
JR>/,害怕，懼怕；恐懼，畏懼；敬畏；尊崇
JR>H/,恐懼
JR>JJH/,伊利雅，《思》依黎雅
JR>WN/,以利穩，《思》依郎
JR>[,害怕，懼怕；恐懼，畏懼；敬畏；尊崇
JRB/,耶雷布（王），大（王）
JRB<L/,耶路巴力，《思》耶魯巴耳
JRB<M/,耶羅波安，《思》雅洛貝罕，勒哈貝罕
JRBCT/,耶路比設，《現》基甸，《思》耶魯巴耳
JRCH/,（別人的）財產
JRCH=/,（別人的）財產
JRC[,繼承；承受；得……為產業；成為（某人的）繼承人
JRD/,雅列，《思》耶勒得
JRDN/,約旦河，《思》約但河
JRD[,下去，下來；落下；掉下；沉下；下降
JRJ<H/,（帳幕的}遮蓋；（帳幕）布
JRJ<WT/,耶略，《思》耶黎敖特
JRJ>L/,耶勒，《思》雅爾哈
JRJBJ/,耶利拜，《思》耶黎拜
JRJXW/,耶利哥，《思》耶里哥
JRK/,大腿
JRKH/,後部；遠端；最裡面
JRMJ/,耶利買，《思》耶勒買
JRMJH/,耶利米，《思》耶勒米雅
JRMWT/,耶末，《思》雅爾慕特
JRMWT=/,耶末，《思》雅爾慕特
JRP>L/,伊利毗勒，《思》依爾培耳
JRQ/,綠葉；綠色植物；青菜
JRQ<M/,約干，《思》約爾刻罕
JRQ=/,吐唾沫，吐口水
JRQRQ/,發綠；黃綠色
JRQWN/,蒼白；臉色發白
JRQWN=/,美‧耶昆，《思》默雅爾孔
JRQ[,吐唾沫，吐口水
JRV[,（為某事）迅速地前進；魯莽地行動
JRW>L/,耶魯伊勒，《思》耶魯耳
JRWCLM/,耶路撒冷
JRWQ/,綠色（葉子，植物）；青綠之物
JRWX/,耶羅亞，《思》雅洛亞
JRX</,耶哈，《思》雅爾哈
JRX=/,月亮
JRXM/,耶羅罕
JRXM>L/,耶拉篾，《思》耶辣默耳
JRXM>LJ/,耶拉篾的，耶拉篾人，《思》耶辣默耳人
JSD/,開始
JSKH/,亦迦，《思》依色加
JSK[,擦
JSMKJHW/,伊斯瑪基雅，《思》依斯瑪基雅
JSP[,添加；增加
JSR[,懲戒，懲罰，懲治；管教
JSWD/,基礎；地基
JSWDH/,基礎
JTD/,橛子；釘子
JTJR/,雅提珥，《思》雅提爾
JTLH/,伊提拉，《思》依特拉
JTMH/,伊特瑪，《思》依特瑪
JTNJ>L/,耶提聶，《思》雅特尼耳
JTNN/,以提楠，《思》依特南
JTR/,剩下的；餘下的；留下的；其餘的；存留的
JTR<M/,以特念，《思》依特蘭
JTR=/,剩下的；餘下的；留下的；其餘的；存留的
JTR==/,剩下的；餘下的；留下的；其餘的；存留的
JTR===/,雅提珥，《思》雅提爾
JTRH/,財產，財物
JTRJ/,以帖人，《思》雅提爾人，耶特爾人
JTRN/,益蘭，《思》依特蘭，依特郎
JTRT/,肝臟上的附屬物；肝臟上的脂肪；肝上的網子，肝上的網油
JTRW/,葉特羅，葉忒羅，《思》耶特洛
JTRWN/,益處
JTR[,剩下；被留下；存留
JTT/,耶帖，《思》耶太特
JTWM/,孤兒
JVBH/,約提巴，《思》約特巴
JVBTH/,約巴他，《思》約特巴達
JVB[,照料，照管；裝飾，裝扮；改進
JVWR/,伊突，《思》耶突爾
JW<>LH/,猶拉，《思》約厄拉
JW<C/,約阿施，《思》約阿士
JW<D/,約葉，《思》約厄得
JW<ZR/,約以謝，《思》約厄則爾
JW>B/,約押，《思》約阿布
JW>X/,約亞，《思》約阿黑
JWB/,約伯，《思》雅叔布
JWBB/,約巴，《思》約巴布
JWBB=/,約巴，《思》約巴布
JWBL/,羊角
JWCBJH/,約示比，《思》約史貝雅
JWCB_XSD/,于沙‧希悉，《思》猶沙布赫色得
JWCH/,約沙
JWCWJH/,約沙未雅，《思》約沙委雅
JWKBD/,約基別，《思》約革貝得
JWM/,白天
JWMM,白天
JWN/,淤泥
JWN=/,雅完，《思》雅汪
JWNH/,鴿子
JWNJ/,雅完人
JWNQ/,嫩芽
JWNQT/,嫩芽；嫩枝
JWQJM/,約敬，《思》約肯
JWRH/,弓箭手
JWRJ/,約賴
JWSPJH/,約細斐，《思》約息非雅
JWTM/,約坦，《思》約堂
JWTR/,其餘的，剩餘的，餘數
JWVH/,淤他，《思》猶他
JWX>/,約哈
JXDJ>L/,雅疊，《思》雅狄耳
JXDJHW/,耶希底亞，《思》耶赫狄雅
JXDW/,耶哈多，《思》雅多
JXD[,結合；聯結
JXF/,家譜
JXJ>L/,耶歇，《思》耶希耳
JXJ>LJ/,耶希伊利，《思》耶希耳
JXJD/,只有一個
JXJH/,耶希亞，《思》耶希雅
JXJL/,等待，等候
JXL>L/,雅利，《思》雅赫肋耳
JXL>LJ/,雅利族，《思》雅赫肋耳家族
JXMJ/,雅買，《思》雅赫買
JXMWR/,羚羊
JXM[,交配
JXP/,赤腳
JXT/,雅哈，《思》雅哈特
JXY>L/,雅薛，《思》雅赫則耳，雅赫責耳
JXY>LJ/,雅薛族，《思》雅赫責耳家族
JXZJ>L/,雅哈悉，《思》雅哈齊耳
JXZJH/,雅哈謝，《思》雅赫則雅
JXZQ>L/,以西結，《思》耶赫次刻耳
JXZQJH/,希西家，《思》希則克雅
JXZRH/,雅希細拉，《思》雅赫則辣
JY<[,鋪開（作為牀）
JY>[,出去；出來；走開，離開，離去；出發，起程
JYB[,佔據位置
JYG[,放在，放置；安置
JYHRJ/,以斯哈族，以斯哈人，《思》依茲哈爾族，依茲哈爾的子孫
JYQH/,鑄造；熔化
JYQ[,流
JYR/,所形成的東西
JYR=/,所形成的東西
JYT[,點燃，放火燒
JYXQ/,以撒，《思》依撒格
JZ</,出汗，流汗
JZJH/,耶西雅，《思》依齊雅
JZJZ/,雅悉，《思》雅齊次
JZLJ>H/,伊斯利亞，《思》依次里雅
JZR<>L=/,耶斯列，《思》依次勒耳
JZR<>LJ/,耶斯列人，《思》依次勒耳人
JZRX/,伊斯拉人，《思》依次辣黑人
JZRXJH/,伊斯拉希，《思》依次辣希雅
K<S/,苦惱，惱恨；生氣，發怒
K<S[,苦惱，惱恨；生氣，發怒
K>B/,傷痛；創傷
K>B[,受傷；疼痛
KBC/,腳凳
KBCN/,冶煉爐；燒窰
KBC[,被制服；屈服
KBD/,重
KBD=/,重
KBD==/,重
KBDT/,沉重；困難
KBD[,重；重大；沉重
KBF/,羊羔
KBFH/,母羊羔
KBH[,熄滅
KBJR/,大能的；大有能力
KBL/,腳鐐；枷鎖
KBR/,迦巴魯河，《思》革巴爾河
KBR=/,迦巴魯河，《思》革巴爾河
KBS[,潔淨自己
KBWD/,尊榮，榮耀；權力；尊嚴
KBWDH/,卓越；華麗，華美
KBWL/,迦步勒，《思》加步耳
KBWN/,迦本，《思》加朋
KCJL/,斧子，斧頭
KCLWN/,失敗
KCL[,絆跌；跌倒；蹣跚
KCP/,巫術，邪術
KCP=/,巫師；行邪術的人；魔法師
KCP[,行巫術，行邪術
KCRWN/,成就；成功
KCR[,正確的；恰當的
KD/,瓶罐；水罐；酒壺
KDKD/,紅寶石
KDRL<MR/,基大老瑪，《思》革多爾老默爾
KFB/,羔羊，小羊
KFBH/,小母羊
KFD/,基薛，《思》革色得
KFDJ/,迦勒底人，《思》加色丁人
KFDJM/,迦勒底人，《思》加色丁人
KFH[,變得肥胖
KHH/,勇氣消失了
KHH=/,正在減弱
KHN/,祭司
KHNH/,祭司職任
KHN[,擔任祭司，當祭司
KJCWR/,紡錘，紡線車
KJD/,災難；毀滅；敗亡
KJDWD/,火花，火星
KJDWN/,標槍，槍，矛
KJDWR/,攻打；戰役
KJLJ/,惡棍；無賴；流氓
KJLP/,撬棍；鐵棒
KJMH/,昴星
KJR/,爐子
KJS/,袋，囊；皮包
KJWN/,迦温，《思》克汪
KJWR/,釜；鍋
KKR/,一個，一條
KL>/,監獄，牢獄
KL>B/,基利押，《思》基肋阿布
KL>JM/,兩種（東西）
KL>[,囚禁，拘禁；圍困；關
KLB/,狗
KLB=/,迦勒，《思》加肋布
KLBJ/,迦勒族的人，《思》加肋布族人
KLH/,兒媳，媳婦
KLH=/,完成，做完；結束，完畢；過去
KLH==/,軟弱；昏暗；失明
KLJ/,物品；器具；工具；器皿；兵器，武器，戰具；器物；袋子；傢俱
KLJH/,腎，腎臟
KLJL/,完美；完美地；完全地；全然；全部
KLJWN/,滅絕
KLKL/,甲各，《思》加耳苛耳
KLL/,基拉，《思》革拉耳
KLMD/,基抹，《思》瑪待
KLMH/,羞恥，羞辱，恥辱；侮辱，蒙羞
KLMWT/,羞恥，恥辱，凌辱
KLM[,羞恥，羞愧，蒙羞；受辱；慚愧
KLNH/,甲尼，《思》加耳乃，阿加得
KLWBJ/,基路拜，《思》革路拜
KMHM/,金罕，《思》基默罕
KMH[,渴望；渴想（某人）
KMN/,小茴香
KMR[,發熱；發燒
KMS[,儲存 > 記住
KMW,火；（上帝審判的）燃燒
KMWC/,基抹，《思》革摩士
KN<H/,載運的物品；包裹；行囊
KN<N/,迦南，《思》客納罕
KN<NH/,基拿拿，《思》革納阿納
KN<NJ/,迦南人，《思》客納罕人
KN<NJ=/,迦南人，《思》客納罕人
KN<[,謙卑自己
KNH/,根莖，樹幹
KNNJ/,基拿尼，《思》革納尼
KNNJH/,基拿尼雅，《思》革納黎雅
KNP/,翅膀，翼
KNRT/,基尼烈，《思》基乃勒特
KNS[,聚集；集合；收集
KNT/,同僚，同事；伙伴
KNWR/,小七弦琴；弦樂器
KP/,手掌，手
KP=/,岩石；磐石
KPC[,使畏縮；使彎腰屈膝
KPH/,棕樹枝
KPJRH/,基非拉，《思》革非辣
KPJS/,棟梁；椽木
KPL/,雙重；兩倍
KPL[,雙折
KPN/,飢餓；饑荒；挨餓
KPP[,俯伏；低頭
KPR==/,村莊，鄉村
KPRJM/,贖罪
KPRT/,約櫃的蓋，櫃蓋
KPR[,覆蓋；抹上，塗上
KPTRJ/,迦斐託人，《思》加非托爾人
KPTWR/,花萼
KPWR/,碗
KPWR=/,碗
KR/,公綿羊羔；小公羊
KR<JM/,腿骨
KR<[,突然倒下；癱坐
KR=/,歌珥
KR==/,公綿羊羔；小公羊
KR===/,公綿羊羔；小公羊
KRBL[,穿衣服
KRCN>/,甲示拿，《思》加爾舍納
KRF/,胃；肚腹
KRH/,筵席，宴席
KRJ/,迦利人，《思》加黎人
KRJT/,基立，《思》革黎特
KRJTWT/,離婚
KRKB/,邊緣；框子
KRKMJC/,迦基米施，《思》加革米士
KRKRH/,單峰駱駝；駱駝
KRKS/,甲迦，《思》加爾加斯
KRM/,葡萄園
KRM=/,葡萄園丁；修整葡萄園的人
KRMJ/,迦米，《思》加爾米
KRMJ=/,迦米，《思》加爾米
KRMJL/,朱紅線
KRML/,初熟的穀物；新收成的穀物
KRML=/,初熟的穀物；新收成的穀物
KRML==/,初熟的穀物；新收成的穀物
KRMLJ/,迦密人，《思》加爾默耳人
KRN/,基蘭，《思》革蘭
KRPS/,棉花
KRR[,跳舞
KRSM[,毀壞；踐踏；蹂躪
KRTJ/,基利提人，《思》革勒提人
KRT[,切；切斷；割下
KRWB/,基路伯；帶翅膀的活物
KRWB=/,基路伯；帶翅膀的活物
KS>=/,滿月；月圓
KSH[,覆蓋；被覆蓋
KSJLWT/,愚昧，愚蠢
KSL/,腰，腰部
KSL=/,腰，腰部
KSLH/,信心；倚靠
KSLT_TBR/,吉斯綠‧他泊，《思》基斯羅特大博爾
KSLW/,基斯流月
KSLWN/,基撒崙，《思》革撒隆
KSLWN=/,基斯倫，《思》基斯隆
KSLXJM/,迦斯路希人，《思》加斯路人
KSMT/,粗麥
KSM[,剪，修剪 （頭髮）
KSP/,銀，銀子；錢，銀錢
KSPJ>/,迦西斐雅，《思》加息非雅
KSP[,渴望，渴想；嚮往；渴求
KSS[,計算；估算
KST/,帶
KSWJ/,覆蓋物；罩子
KSWLT/,基蘇律，《思》革穌羅特
KSWT/,無罪的證明；證明無罪
KSX[,砍伐；斬，割
KTBT/,切口；紋身；疤痕
KTB[,寫下來；寫；刻寫；雕刻
KTC[,擊打，搗
KTJ/,基提，《思》基廷
KTJT/,被壓榨；被打
KTL/,牆，牆壁
KTLJC/,基提利，《思》基特里士
KTM/,黃金；精金
KTNT/,內袍
KTP/,肩膀，肩
KTR/,冠冕；王冠
KTRT/,柱頂
KTR[,等待
KTT[,粉碎，打碎，壓碎
KWB/,古伯，《現》故普，《思》利比亞
KWB</,頭盔
KWC/,古實，《思》雇士
KWC=/,古實，《思》雇士
KWCJ/,古實人，《思》雇士人
KWCN/,古珊，《思》雇商
KWCN_RC<TJM/,古珊‧利薩田，《思》雇商黎沙塔殷
KWCRH/,安全；繁榮
KWH/,被燒焦；感到炙熱
KWH[,被燒焦；感到炙熱
KWJH/,燒傷
KWKB/,星，星宿
KWL[,裝載；容納
KWMZ/,項鏈
KWN/,聖餅
KWN=/,站定，穩站；堅立，立定，堅定
KWN[,站定，穩站；堅立，立定，堅定
KWR/,冶煉爐；窯
KWS/,杯
KWS=/,杯
KWT/,古他，《思》雇特
KX/,力量，氣力，力氣；大能，大能大力；能力
KX=/,力量，氣力，力氣；大能，大能大力；能力
KXC/,枯瘦，消瘦
KXC=/,撒謊，說謊
KXC[,消瘦；憔悴
KXD[,隱瞞，隱藏
KXL[,粉飾；畫；塗
KZB/,虛假；謊言；欺騙
KZB>/,哥西巴，《思》苛則巴
KZBJ/,哥斯比，《思》苛次彼
KZB[,說謊，撒謊
KZJB/,基悉，《思》革齊布
L</,喉嚨
L<B[,譏誚，嘲笑
L<DH/,拉大，《思》拉阿達
L<DN/,拉但，《思》拉丹
L<G/,譏誚，嘲笑
L<G=/,傲慢人；輕蔑者；嘲笑者
L<NH/,茵蔯；苦艾
L<V[,讓人大口地吞吃
L<Z[,說陌生語言；說外語
L>H/,利亞，《思》肋阿
L>L/,拉伊勒，《思》拉耳
L>M/,民；族；國
L>MJM/,利烏米人，利烏米族，《思》肋烏明人
L>_<MJ/,羅‧阿米，意為「不是我的子民」，《思》羅阿米
L>_RXMH/,羅‧路哈瑪，意為「沒有憐憫」，《思》羅魯阿瑪
LB/,心
LB>WT/,利巴勿，《思》肋巴敖特
LBB/,心
LBC[,穿著；穿好衣服
LBH/,火焰
LBH=/,心；心思，心意；思想
LBN=[,變白
LBNH/,磚，磚塊
LBNH=/,乳香
LBNH==/,白楊樹
LBNH====/,立拿，《思》里貝納
LBNJ/,立尼，《思》里貝尼
LBNJ=/,立尼，《思》里貝尼
LBNWN/,黎巴嫩
LBV[,絆倒；毀滅
LBWC/,衣服，服裝；袍子
LC</,拉沙，《思》肋沙
LCD/,餅
LCKH/,房間；屋子；內室；殿堂
LCM/,紅鋯石；紫瑪瑙；紫玉
LCM=/,紅鋯石；紫瑪瑙；紫玉
LCWN/,舌頭
LD/,羅德，《思》羅得
LG/,羅革
LHB/,火焰
LHBH/,火焰
LHBJM/,利哈比人，《思》肋哈賓人
LHD/,拉哈，《思》拉哈得
LHG/,學習；讀書
LHM[,美味佳餚
LHQH/,一群，一班，一隊
LHV/,熊熊燃燒
LHV[,燃燒；出現火舌
LJC/,萊煞，《思》拉依士
LJC=/,萊煞，《思》拉依士
LJC==/,萊煞，《思》拉依士
LJH/,花圈；花環
LJL/,晚上，夜晚
LJLH/,晚上，夜晚
LJLJT/,灰林鴞；角鴞；貓頭鷹
LJY[,傲慢的人
LKD/,捕獲；俘獲
LKD[,抓；抓住；捕獲
LKH/,利迦，《思》肋加
LKJC/,拉吉，《思》拉基士，拉基市
LL>T/,鈕環
LMD/,學，學習
LMD[,學，學習
LMK/,拉麥，《思》拉默客
LMW>L/,利慕伊勒，《思》肋慕耳
LPJD/,火把；火炬
LPJDWT/,拉比多，《思》拉丕多特
LPT[,摸索
LQC/,晚造
LQQ[,舔
LQV/,落穗
LQV[,收集；拾（落穗）
LQWM/,拉共，《思》拉孔
LQX/,教導，教訓
LQXJ/,利克希，《思》里刻希
LTK/,半賀梅珥
LV/,悄悄地；輕輕的；私下裡
LV=/,岩薔薇；沒藥
LV>H/,蜥蜴
LVC[,錘擊；鍛造
LVWCJM/,利都是族，《思》肋突興人
LWBJ/,路比，路比人，《現》《思》利比亞，利比亞人
LWC[,揉，搓
LWD/,路德，《思》路得
LWDJM/,路低人，《思》路丁人
LWH=[,加入；聯合
LWH[,加入；聯合
LWJ/,利未，《思》肋未
LWJ=/,利未，《思》肋未
LWJH/,花環；華冠；榮冕
LWJTN/,巨鱷；巨型海怪
LWL/,旋螺形樓梯，螺旋梯
LWVN/,羅坍，《思》羅特
LWX/,木板；板
LWXC/,哈羅黑，《思》哈羅赫士
LWXJT/,魯希坡，《思》路希特
LX/,活力；男子氣概；生殖力
LX=/,新鮮，嫩
LXC/,竊竊私語；耳語
LXJ/,下巴；腮骨；臉頰
LXJ=/,下巴；腮骨；臉頰
LXJ_R>J/,庇耳‧拉海‧萊，《思》拉海洛依
LXK[,舔
LXM/,餅；食物
LXM=/,戰士；對抗，戰鬥
LXM=[,吃
LXMJ/,拉哈米，《思》拉赫米
LXMJ=/,拉哈米，《思》拉赫米
LXMS/,拉幔，《思》拉赫瑪斯
LXM[,吃
LXWM/,肉；腸子；內臟
LXY/,欺壓；折磨
LXY[,向（某物）擠壓；使自己挨著（某物）
LYWN/,嘲弄，嘲諷，嘲笑；輕蔑
LZWT/,故弄玄虛；欺騙；不誠實
M<BH/,模具
M<DJ/,瑪玳，《思》瑪阿待
M<DJH/,瑪底雅，《思》瑪阿狄雅
M<DN/,佳餚；美事
M<DR/,鋤頭
M<FH/,行為，作為
M<FJ/,瑪賽，《思》瑪賽
M<FR/,十分之一
M<GL/,腳印
M<GL=/,腳印
M<J=/,瑪艾，《思》瑪艾
M<JL/,長袍，外袍，斗篷
M<JN/,水泉，泉源
M<KTJ/,瑪迦人，《思》瑪阿加人
M<K[,擠壓；撫弄
M<L==/,舉起
M<LH/,姑珥坡，《思》古爾
M<LH=/,上；爬上；登上
M<LL/,作為，行為
M<MD/,官職；職能；職務
M<MSH/,沉重石頭
M<NH/,居所；窩；巢穴；住所
M<NH=/,回答；回應；回覆
M<NH==/,犂溝
M<NH===/,回答；回應；回覆
M<QH/,欄杆；矮牆
M<R/,空空的空間
M<RH/,洞
M<RH=/,空地
M<RH==/,洞
M<RH===/,洞
M<RK/,計劃
M<RKT/,一行；一層
M<RT/,瑪臘，《思》瑪阿辣特
M<RYH/,恐怖
M<V/,少，稀少，微小
M<VH/,衣服；披風
M<VH=/,衣服；披風
M<V[,變少；減少
M<WG/,烘烤的東西
M<WK/,瑪俄，《思》瑪敖客
M<WN/,居所；窩；巢穴；住所
M<WNJ/,米烏尼人，《思》瑪紅人
M<WNTJ/,憫挪太，《思》毛諾泰
M<WP/,昏暗，幽暗
M<WR/,裸體，赤裸
M<WZ/,堡壘；避難所
M<Y/,瑪斯，《思》瑪阿茲
M<YBH/,痛苦；折磨
M<YD/,斧子；扁斧；鑿子
M<YWR/,自我克制；約束
M<ZJH/,瑪西亞，《思》瑪阿齊雅
M>BWS/,穀倉，倉廩
M>H/,一百，百
M>H=/,一百，百
M>KL/,食物
M>KLT/,刀
M>KLT=/,食物
M>MY/,努力
M>N[,拒絕
M>PH/,烘烤的東西
M>PL/,黑暗
M>PLJH/,黑暗
M>RB/,埋伏的地方
M>RH/,詛咒，咒詛
M>R[,傷；刺
M>S=[,拒絕；推卻
M>S[,拒絕；推卻
M>WM/,殘疾；缺陷
M>WMH/,某物件；任何物件
M>WR/,光體
M>WRH/,洞
M>ZNJM/,天平；秤
MBDLH/,分別出來的；保留的
MBFM/,米比衫，《思》米貝散
MBLJGJT/,臉部扭曲
MBNH/,結構；建築；建築物
MBNJ/,米本乃，《思》息貝開
MBRX/,逃亡的人
MBV/,盼望；希望
MBV>/,冒失說話
MBVX/,信心；倚靠；安穩
MBW</,水泉
MBW>/,來，過來
MBWKH/,擾亂不安，驚慌失措
MBWL/,洪水
MBWQH/,空虛；荒涼
MBWSH/,踐踏；蹂躪
MBXR/,特選的；精良的；上選的
MBXR=/,特選的；精良的；上選的
MBXWR/,特選的；精良的；上選的
MC/,瑪施，《思》瑪士
MC<J/,清潔；擦（身）
MC<M/,米珊，《思》米商
MC<NH/,棍棒；權杖
MC<NT/,棍棒；權杖
MC<WL/,小徑；路；道
MC>/,債
MC>=/,米沙，《思》默沙
MC>B/,飲水的地方
MC>H/,貸款；債務
MC>L/,米沙勒，《思》米沙耳
MC>LH/,請求；要求
MC>RT/,揉麵盆
MC>WN/,欺騙
MCBR/,碎浪；海浪
MCBT/,結束；毀壞
MCBYWT/,固定；鑲嵌
MCC[,感覺，觸摸，摸索
MCGH/,錯誤；過失
MCH/,借貸
MCH=/,摩西，《思》梅瑟
MCJ/,精緻衣料，綾羅綢緞
MCJX/,受膏者
MCJZB>L/,米示薩別，《思》默舍匝貝耳
MCKB/,休息
MCKN/,居所；家
MCK[,高大的
MCL/,格言；神諭；箴言；俗語；比喻
MCL=/,相似物
MCL==/,相似物
MCL===/,格言；神諭；箴言；俗語；比喻
MCLM/,米書蘭，《思》默叔藍
MCLMJT/,米實利密，《思》默史肋米特
MCLMT/,米舒利密，《思》默叔肋默特
MCLMWT/,米實利末，《思》默史肋摩特
MCLXT/,解散；允許離開
MCL[,像；變得像
MCM<T/,臣民；服從者
MCMH/,荒涼
MCMN/,肥沃；豐富
MCMNH/,彌施瑪拿，《思》米舍曼納
MCMR/,監禁
MCMRT/,看守
MCNH/,兩倍，雙倍
MCPTJM/,羊圈；羊欄
MCPV/,案件，訴訟
MCPXH/,屬；種類；宗族；家族
MCPXT/,屬；種類；宗族；家族
MCQ/,繼承人
MCQ</,清水
MCQ=/,衝向
MCQD/,杏仁狀；杏花狀
MCQH/,飲品
MCQL/,重量
MCQLT/,鉛垂線，準繩
MCQWL/,稱重
MCQWP/,門梁
MCR<J/,密來人，《思》米市辣人
MCRH/,果汁
MCTH/,飲用
MCVR/,官員；工頭；監工
MCVWX/,晾曬地
MCWBB/,米所巴，《思》默芍巴布
MCWBH/,叛逃；變節；倒退
MCWGH/,錯誤
MCWV/,槳
MCXJT/,毀滅；毀壞
MCXR/,破曉
MCXT/,毀滅的武器
MCX[,塗，抹；擦；刷；膏抹
MD/,衣服，服裝；束腰外衣；盔甲
MD</,知識；學問
MD<=/,知識；學問
MDBR/,大草原；沙漠；曠野
MDBR=/,大草原；沙漠；曠野
MDCH/,被打的禾稼
MDD[,測量；量度
MDHBH/,大膽；傲慢無禮
MDJ/,瑪代，《思》瑪待
MDJ=/,瑪代，《思》瑪待
MDJN==/,密丁，《思》米丁
MDJNH/,區；省
MDJNJ/,米甸人，《思》米德楊人，米德揚人
MDKH/,臼，研缽
MDMN/,瑪得緬，《思》瑪德門
MDMNH==/,麥瑪拿，《思》瑪德瑪納
MDMNH===/,麥瑪拿，《思》瑪德瑪納
MDQRH/,刺入；刺穿
MDRC/,故事；事跡；評傳
MDRGH/,懸崖
MDRK/,腳掌可踏之處，立足的地
MDW/,衣服，服裝；束腰外衣；盔甲
MDW<,為甚麼？為了甚麼目的？
MDWH/,疾病
MDWRH/,一堆，一疊
MDXH/,推，猛推；趕逐
MDXPH/,迅速，趕緊
MF>==/,偏袒；看情面；偏私
MF>H/,（烟氣）上騰
MF>T/,承擔；經受
MFGB/,堡壘；避難所
MFKJL/,訓誨詩
MFKJT/,石像
MFKRT/,工資；報償
MFPX/,痂；疤
MFRH/,主宰
MFRPWT_MJM/,米斯利弗‧瑪音，《思》米斯勒佛特瑪殷
MFRQH/,瑪士利加，《思》瑪斯勒卡
MFRT/,盤
MFVMH/,怨恨；仇恨
MFWF/,喜悅；歡喜；高興
MFWKH/,荊棘的籬笆
MFWR/,鋸子
MFWRH/,（液體的）度量單位
MFXQ/,嘲笑；充滿信心地面對
MG<RT/,斥責；責備
MGB<H/,帽子；頭巾
MGBJC/,末必，《思》瑪革彼士
MGBLT/,交織在一起；編織的
MGD/,上好的，佳美的
MGDJ>L/,瑪基疊，《思》瑪革狄耳
MGDL/,塔；城樓
MGDL=/,塔
MGDL_<DR/,以得台，《現》以得塔，《思》米革達耳厄德爾
MGDL_>L/,密大‧伊勒，《思》米革達肋耳
MGDL_GD/,麥大‧迦得，《思》米革達耳加得
MGDNWT/,貴重的物品；上好的東西
MGDW/,米吉多，《思》默基多
MGDWL/,塔
MGL/,鐮刀
MGN/,盾牌
MGN=/,盾牌
MGNH/,覆蓋物
MGN[,給予
MGPH/,打擊 ；瘟疫；擊殺
MGPJ<C/,抹比押，《思》瑪革丕阿士
MGRC/,郊外；牧場
MGRH/,石刨；石銼
MGRPH/,土塊
MGRWN/,米磯崙，《思》米革龍
MGWG/,瑪各，《思》瑪哥格
MGWRH=/,穀倉；糧倉
MGZRH/,斧頭
MH,甚麼，怎樣
MHH[,等候；徘徊；耽擱；磨蹭
MHJR/,迅速
MHJVB>L/,米希她别，《思》默塔貝耳
MHLL/,稱讚
MHLL>L/,瑪勒列，《思》瑪拉肋耳
MHL[,混合
MHPKH/,傾覆；毀滅
MHPKT/,枷鎖
MHR/,聘禮
MHRH/,迅速行動；趕快進行
MHRJ/,瑪哈萊，《思》瑪哈賴
MHR_CLL_XC_BZ/,瑪黑珥‧沙拉勒‧哈施‧罷斯，《思》瑪赫爾沙拉耳哈市巴次
MHWMH/,心煩意亂；不安；騷動；震動
MHWMN/,米戶幔，《思》默胡曼
MJ,誰?
MJC</,米沙，《思》瑪勒沙
MJC<=/,米沙，《思》默沙
MJC>/,米沙，《思》默沙
MJC>L/,米沙利，《思》米沙耳
MJCK/,米煞，《思》默沙客
MJCWR/,平原；高原；臺地
MJDB>/,米底巴，《思》默德巴
MJDD/,米達，《思》默達得
MJK>/,米迦，《思》米加
MJK>L/,米迦勒，《思》米加耳
MJKH/,米迦，《思》米加
MJKJH/,米該亞，《思》米加
MJKJHW/,米迦，《思》米加
MJKJHW=/,米該亞，《現》瑪迦，《思》瑪阿加
MJKL/,米甲，《思》米加耳
MJKL=/,誰?
MJM/,水
MJMN/,米雅民，《思》米雅明
MJN/,種類；物種
MJNQT/,吸，吮，啜
MJP<T/,米法押，《思》默法阿特
MJTR/,繩子；繩索
MJVB/,最好的
MJY/,擠壓
MJ_ZHB/,米‧薩合，《思》默匝哈布
MKBNJ/,末巴奈，《思》瑪革邦乃
MKBR/,網格；格子
MKBR=/,網格；格子
MKCLH/,廢墟
MKCWL/,絆腳石；障礙物
MKH/,擊打；鞭傷；傷口
MKJ/,瑪基，《思》瑪基
MKJR/,瑪吉，《思》瑪基爾
MKJRJ/,瑪吉族，《思》瑪基爾家族
MKK[,陷入；下凹；塌下
MKLL/,完美
MKLT/,食物
MKLWL/,穿著完美
MKMR/,網
MKMRT/,投網
MKMS/,密抹，《思》米革瑪斯
MKMTT/,密米他，《思》米革默塔特
MKNDBJ/,瑪拿底拜，《思》瑪革納德拜
MKNH/,米哥拿，《思》默苛納
MKNS/,短褲；貼身長褲
MKPLH/,麥比拉，《思》瑪革培拉
MKR/,貨品；商品
MKR=/,熟人
MKRH/,刀劍
MKRH=/,鹽坑；鹽堆
MKRJ/,米基立，《思》米革黎
MKRTJ/,米基拉人，《思》默革辣人
MKR[,賣
MKS/,份額；比例
MKSH/,蓋
MKSH=/,蓋；篷
MKSH==/,份額；比例
MKTB/,寫
MKTC/,臼；研鉢
MKTH/,碎片
MKTM/,金詩
MKWH/,燒傷處
MKWN/,地方；場所；基地
MKWNH/,地方；場所；基地
MKWRH/,故鄉；原籍地
ML>/,滿了，充滿
ML>=/,群
ML>H/,全部產品
ML>H=/,鑲座
ML>JM/,（寶石的）鑲嵌底座
ML>K/,使者；天使
ML>KH/,工；任務；工程；服務
ML>KJ/,瑪拉基，《思》瑪拉基亞
ML>KWT/,信息
ML>T/,（寶石的）鑲嵌底座
MLBN/,磚模；磚窯
MLBWC/,衣服；袍子
MLH/,話；話語
MLJLH/,穀穗
MLJYH/,嘲諷；奚落
MLK/,王；統治者
MLK=/,摩洛，《思》摩肋客
MLK==/,王；統治者
MLKDT/,羅網，陷阱，羈絆
MLKH/,女王
MLKH=/,密迦，《思》米耳加
MLKJ>L/,瑪結，《思》瑪耳基耳
MLKJ>LJ/,瑪結族，《思》瑪耳基耳宗族
MLKJRM/,瑪基蘭，《思》瑪爾基蘭
MLKJ_YDQ/,麥基洗德，《思》默基瑟德
MLKT/,天后，女神天后
MLKT=/,哈摩利吉，《思》摩肋革特
MLKWT/,王權；王國；統治
MLLJ/,米拉萊，《思》米拉來
MLL[,枯萎；凋謝
MLMD/,趕牛的棍子，趕牛的刺棒
MLQWC/,末後的雨；春雨
MLQ[,掐斷；扭斷
MLTXH/,衣櫃
MLV/,灰浆，灰泥
MLVJH/,米拉提，《思》默拉提雅
MLV[,逃離；逃脫
MLW>/,米羅；《現》窪地
MLWKH/,王位，王權；王國
MLWN/,營地；住宿的地方
MLWNH/,小屋；庇護所
MLWTJ/,瑪羅提，《思》瑪羅提
MLWX/,鹹草；鹽草；錦葵
MLX/,鹽
MLX=/,水手
MLX==/,鹽
MLXH/,鹽地；鹽質沙漠
MLXMH/,戰爭；戰役
MLYR/,守衛；管理者；服務人員
MLY[,令人愉快的
MMCL/,統治；管轄；主宰
MMCLH/,統治；管轄；主宰
MMCLT/,統治；管轄；主宰
MMCQ/,佔有；控制
MMCX/,膏抹
MMD/,尺寸；大小
MMGRH/,穀倉 ；倉廩
MMKR/,出售；賣
MMKRT/,出售；賣
MMLKH/,王權；王國
MMLKT/,王權；王國
MMLKWT/,王權；王國
MMR/,苦楚，愁苦
MMR>/,幔利，《思》瑪默勒
MMR>=/,幔利，《思》瑪默勒
MMSK/,調和的酒，調味酒
MMWKN/,米慕干，《思》默慕干
MMZR/,私生子
MN/,嗎哪
MN<L/,栓，閂
MN<WL/,栓，閂
MN<[,扣留；拒絕；留下不給；保留
MN=,嗎哪
MN=/,弦；弦樂器
MN==/,弦；弦樂器
MNCH/,瑪拿西，《思》默納協
MNCJ/,瑪拿西人，《思》默納協人
MNGJNH/,嘲諷的歌
MNH/,數算；數
MNH=/,彌那
MNH==/,一次；一例
MNHG/,駕駛
MNHRH/,中空的地方；洞，穴
MNH[,數算；數
MNJ/,命運之神；《現》米尼；《思》默尼
MNJ=/,米尼，《思》明尼
MNJMJN/,珉雅珉，《思》本雅明
MNJT/,米匿，《思》米尼特
MNQJT/,奠酒的容器
MNT/,部分；份額
MNWD/,搖頭＞笑柄
MNWN/,繼承人
MNWR/,織布機的軸
MNWRH/,燈台
MNWS/,逃走；逃避
MNWSH/,逃走；逃避
MNWX/,休息；心靈平靜
MNWXH/,休息；心靈平靜
MNXH/,禮物；貢物
MNXM/,米拿現，《思》默納恒
MP/,挪弗，《現》孟斐斯，《思》諾夫
MP<L/,作為
MPF<H/,臀部
MPG</,箭靶，目標
MPJBCT/,米非波設，《思》默黎巴耳
MPJM/,母平，《思》慕平
MPJY/,棍棒；大槌，大錘
MPL/,廢棄物；穀殼；垃圾
MPLF/,展開，鋪開，鋪張
MPLGH/,分組；分隊；班次
MPLH/,毀壞
MPLT/,動物屍體；死屍
MPLV/,避難所；遮蔽物
MPLYT/,可憎的偶像
MPQD/,數人數；點閱
MPRF/,帆
MPRQT/,頸椎骨
MPRY/,港口；碼頭
MPTN/,門檻
MPTX/,鑰匙
MPTX=/,所說的話
MPX/,風箱
MPX=/,氣絕身亡
MPY/,爭戰的斧子；棒槌
MPY=/,爭戰的斧子；棒槌
MQ/,腐爛的東西，腐爛，腐朽
MQCH/,錘出來的物品；打造的物品
MQCH=/,錘出來的物品；打造的物品
MQCH==/,精心打扮的頭髮
MQDC/,最聖潔的部分，分別為聖的
MQDH/,瑪基大，《思》瑪刻達
MQHL/,聚會，集會
MQHLT/,瑪吉希錄，《思》瑪刻黑羅特
MQL/,樹枝
MQL<T/,雕刻的圖案；雕工
MQLV/,避難所；庇護所
MQLWT/,米基羅，《思》米刻羅特
MQNH/,所有物；財產
MQNH=/,買
MQNJHW/,彌克尼雅，《思》米刻乃雅
MQQ[,腐爛；潰爛
MQR>/,聚會，集會
MQRH/,偶然的遭遇，巧合
MQRH=/,樑木；房頂；天花板
MQRH==/,陰涼
MQSM/,占卜，預言
MQVR/,點燃；焚燒
MQVRT/,香爐
MQWH=/,水池，蓄水池
MQWM/,地方；地點；場所
MQWR/,水泉；泉源
MQX/,接受，拿取，收取
MQY/,瑪迦斯，《思》瑪卡茲
MQY<H/,鑿子；刨子
MQYW</,角落，轉彎之處
MR/,滴
MR</,朋友；同伴
MR<=/,作惡；行惡；做邪惡的事
MR<H/,草場
MR<JT/,草場
MR<LH/,瑪拉拉，《思》瑪爾阿拉
MR=/,滴
MR==/,沒藥
MR>H/,外貌；現象；異象
MR>H=/,異象
MR>H==/,嗉囊
MRB/,米拉，《思》默辣布
MRBH=/,大量；許多
MRBJT/,大部分；大多數
MRBQ/,牲畜棚
MRBY/,（動物）歇息的地方
MRBY=/,（動物）歇息的地方
MRC<T/,惡婦，壞女人
MRCH=/,瑪利沙，《思》瑪勒沙
MRD/,悖逆，背叛
MRDK/,米羅達，《思》默洛達客
MRDKJ/,末底改，《思》摩爾德開
MRDP/,迫害；逼迫
MRDWT/,悖逆的
MRD[,悖逆；背叛
MRG<H/,安息；休息
MRGMH/,甩石機弦，投擲器，彈弓
MRGW</,安息；休息
MRH/,愁苦
MRH=/,瑪拉，《思》瑪辣
MRH[,反抗；悖逆
MRJ/,悖逆的
MRJ>/,肥畜
MRJBH/,糾紛；爭吵；衝突；爭論
MRJBH=/,糾紛；爭吵；衝突；爭論
MRJB_B<L/,米力‧巴力，《思》默黎巴耳
MRJH/,摩利亞，《思》摩黎雅
MRJH=/,米拉雅，《思》默辣雅
MRJM/,米利暗，《思》米黎盎
MRJRJ/,苦的；致命的
MRJRWT/,痛苦；絕望
MRJWT/,米拉約，《思》默辣約特
MRK/,膽怯
MRKB/,戰車隊
MRKBH/,戰車；馬車
MRKBT/,戰車；馬車
MRKLT/,市場
MRMH/,欺騙；背叛
MRMH=/,欺騙；背叛
MRMS/,踐踏；踹踏
MRMWT/,米利末，《思》默勒摩特
MRNTJ/,米崙人，《思》默洛諾特人
MRP>/,醫治；治好
MRP>=/,醫治；治好
MRPF/,使……變得渾濁
MRQ/,湯
MRQX/,芳香的草本植物
MRQXH/,香料
MRQXT/,混合油膏
MRRH/,膽汁
MRRH=/,膽汁
MRRJ/,米拉利，《思》默辣黎
MRRJ=/,米拉利，《思》默辣黎
MRS/,米力，《思》默勒斯
MRSN>/,瑪西拿，《思》瑪色納
MRTJM/,米拉大翁，《思》默辣塔因
MRV[,脫髮
MRWD/,不安；苦難
MRWM/,在高處；崇高；上升
MRWM=/,米倫，《思》默龍
MRWT/,瑪律，《思》瑪洛特
MRWX/,壓傷；挫傷；擦傷
MRWY/,賽跑
MRWYH/,跑步
MRWYH=/,跑步
MRWZ/,米羅斯，《思》默洛次
MRXB/,寬闊
MRXCT/,煎盤，煎鍋，淺鍋
MRXQ/,遠方的；遙遠的
MRX[,塗；抹
MRY</,錐子
MRYPT/,鋪道；石板地
MRY[,痛苦
MS/,被徵募的勞工
MS</,前進
MS<=/,採石場
MS<D/,支撐物
MS=/,絕望的
MSD/,地基；根基
MSDRWN/,前廳；門廊
MSGR/,鐵匠；金屬工人
MSGR=/,鐵匠；金屬工人
MSGRT/,邊緣；飾片；鑲板
MSH=/,相應的數量
MSH[,融化
MSK/,簾子；覆蓋物
MSK=/,調和的酒；調味酒
MSKH/,鑄造的像
MSKH=/,鑄造的像
MSKH==/,鑄造的像
MSKN/,貧窮
MSKNT/,貧窮
MSKNWT/,儲藏的地方
MSKT/,織物
MSLH/,大路；大道
MSLWL/,大路；大道
MSPD/,哀悼
MSPR/,報告；描述；清單
MSPR=/,報告；描述；清單
MSPRT/,米斯毗列，《思》米斯帕勒特
MSPW>/,飼料
MSPXT/,皮疹
MSRT/,束縛；義務
MSR[,選擇；提供；任命
MSS[,熔化，融化；溶解
MSTR/,藏身處；埋伏
MSTR=/,掩面；隱藏（自己的）臉
MSTWR/,庇護處
MSWH/,面紗；面罩
MSWKH/,荊棘籬笆
MSX,意思不明確
MSXR/,貿易；買賣
MT/,人
MTBN/,乾草，麥秸
MTG/,嚼環
MTJ,何時？幾時？
MTKNT/,數目；數量；體積
MTM/,完好的位置
MTN/,禮物；禮品
MTN=/,禮物；禮品
MTNH/,禮物；禮品
MTNH=/,禮物；禮品
MTNJ/,彌特尼人，《思》默騰人
MTNJ=/,瑪特乃，《思》瑪特乃
MTNJM/,腰間，兩側；腰部
MTQ/,甜美
MTQH/,密加，《思》米特卡
MTQ[,美味；甜的
MTRDT/,米提利達，《思》米特達特
MTT/,禮物
MTTH/,瑪達他，《思》瑪達達
MTWC>L/,瑪土撒利，《思》默突沙耳
MTWCLX/,瑪土撒拉，《思》默突舍拉
MTWQ/,可口；甜的
MTX[,展開
MV</,栽種；種植
MV<MJM/,美味；佳餚
MV>V>/,掃帚，掃把
MVBX/,屠宰場；屠殺的地方
MVH/,樹枝
MVH=/,臥榻；長椅；牀，牀榻
MVH===/,展開（翅膀）
MVH====/,腐敗，墮落；違反道德的行為
MVJL/,棒
MVMN/,寶藏；隱藏的珍寶
MVPXT/,披肩
MVR/,雨
MVRD/,瑪特列，《思》瑪特勒得
MVRJ/,瑪特利族，《思》瑪特黎家族
MVR[,降雨
MVWH/,紗線
MW<D/,集會；會面
MW<DH/,指定
MW<DJH/,摩亞底，《思》摩阿狄雅
MW<P/,幽暗
MW<QH/,負擔；重擔
MW<YH/,設計；計劃
MW>B/,摩押，《思》摩阿布
MW>BJ/,摩押人，《思》摩阿布人
MWB>/,進入，進去
MWCB/,地勢；坐落
MWCJ/,母示，《思》慕史
MWCJ=/,母示，《思》慕史
MWG[,融化
MWK[,漸漸貧窮
MWL/,割包皮；割禮
MWLDH/,摩拉大，《思》摩拉達
MWLDT/,出生
MWLH/,割禮
MWLJD/,摩利，《思》摩里得
MWL[,割包皮；割禮
MWPT/,紀念；標記；徵兆
MWQC/,圈套
MWQD/,爐
MWQDH/,爐牀
MWQ[,嘲笑；譏笑
MWRC/,財產；所有物
MWRC=/,財產；所有物
MWRCH/,財產；所有物
MWRCTJ/,摩利沙人，《現》摩利設人，《思》摩勒舍特人
MWRCT_GT/,摩利設‧迦特，《思》摩勒舍特加特
MWRD/,下坡的地方；坡
MWRG/,脫粒板，打穀器
MWRH=/,剃刀
MWR[,改變
MWSB/,包圍；圍住
MWSD/,根基；地基
MWSD=/,地基
MWSDH/,地基
MWSR/,管教，訓誨；懲治，責備；警告；懲罰
MWT/,死亡
MWTR/,好處，優勢
MWT[,死；去世
MWV/,移動；搖動；滑動
MWVH/,槓，杆
MWV[,移動；搖動；滑動
MWY>/,出去；出來；走開，離開，離去；出發，起程
MWY>H/,根源
MX/,肥美牲畜
MX=/,骨髓
MXBRT/,組
MXBT/,烤盤，淺盤
MXCBH/,計劃；計謀；陰謀
MXCBT/,計劃；計謀；陰謀
MXCK/,黑暗；黑暗之處
MXFP/,暴露；揭露；露出
MXGRT/,束緊；束腰
MXH==[,擦拭
MXH=[,擦拭
MXH[,擦拭
MXJ/,撞擊；衝擊
MXJD>/,米希大，《思》默希達
MXJH/,保存性命
MXJJ>L/,米戶雅利，《思》默胡雅耳
MXJR/,價格；薪水
MXJR=/,價格；薪水
MXLH=/,跳舞
MXLH==/,洞，洞穴；縫隙
MXLH====/,瑪拉，《思》瑪赫拉
MXLJ/,抹利，《思》瑪赫里
MXLJ=/,抹利，《思》瑪赫里
MXLPWT/,一縷頭髮；（髮）辮
MXLQT/,班；份
MXLTJ/,米何拉人，《思》默曷拉人
MXLWN/,瑪倫，《思》瑪赫隆
MXMD/,心愛的東西
MXML/,喜愛的東西
MXNH/,營
MXNJM/,瑪哈念，《思》瑪哈納因
MXNQ/,扼殺，窒息而死
MXQR/,深處
MXQ[,壓碎
MXR/,明天
MXRCH/,犁（頭）
MXRT/,翌日；第二天
MXSH/,避難所；藏身之處
MXSJH/,瑪西雅，《思》瑪赫色雅
MXSWM/,口絡；嚼環
MXSWR/,缺少，缺乏，短缺；衰退；消退；漸乾
MXT/,瑪哈，《思》瑪哈特
MXTH/,火鼎，火盆，燈盤，香爐
MXTH=/,廢墟；敗壞
MXTRT/,挖洞
MXWGH/,圓規
MXWJ>L/,米戶雅利，《思》默胡雅耳
MXWJM/,瑪哈未人，《思》瑪紅人
MXWZ/,避風港；海港；港口
MXY/,傷口；受傷
MXYB/,鑿出的石塊
MXYH/,半，一半
MXYJT/,半，一半
MXY[,擊打；粉碎；打碎
MXZH/,領受異象；見異象
MXZH=/,窗戶
MXZJ>WT/,瑪哈秀，《思》瑪哈齊約特
MY/,糠秕
MY</,躺椅
MY<D/,（人的）腳步；（人的）人生旅途
MY<R/,小
MY=/,糠秕
MY>[,找到
MYB/,（雙腳）站立之地
MYB=/,攻城塔
MYBH/,樹墩，殘餘樹幹
MYBH=/,駐軍
MYBJH/,米瑣八人，《現》瑣巴人，《思》祚巴人
MYD/,獵物；受害者
MYH/,無酵餅
MYH=/,無酵餅
MYH==/,摩撒，《思》摩匝
MYH[,擠出；擰出；排乾
MYLH/,鈴
MYNPT/,禮冠
MYPH=/,米斯巴，《思》米茲帕
MYR/,患難，困苦
MYRJ/,埃及人
MYRJM/,埃及人
MYRP/,坩堝，鼎
MYWH/,命令
MYWLH/,溝壑；峽谷；坑
MYWQ/,窘迫；愁苦
MYWQ=/,柱子
MYWQH/,窘迫；愁苦
MYWR=/,窘迫；愁苦
MYWRH/,防禦工事，堅固城
MYX/,額，額頭
MYXH/,護膝
MYY[,吸；吮
MZ<R/,甚少，稀少
MZBX/,祭壇
MZG/,調味酒；混合酒
MZH/,軟弱；疲憊
MZH=/,米撒，《思》米匝
MZLG/,叉子；肉叉
MZLG=/,叉子；肉叉
MZMH/,計劃；計謀
MZMRH/,修剪刀
MZMWR/,詩篇；詩歌
MZR</,播了種的田地
MZRH/,揚穀杈子
MZRQ/,灑滌盆
MZRX/,東；東方
MZW/,穀倉；糧倉
MZWN/,食物；糧食
MZWZH/,門框；門柱
N<H/,挪阿，《思》諾阿
N<H=/,尼亞，《思》乃阿
N<J>L/,尼業，《思》乃耶耳
N<JM/,可愛的；令人愉快的；甜美的
N<L/,涼鞋；鞋子
N<M/,可愛；美好
N<M=/,拿安，《思》納罕
N<MH/,拿瑪，《思》納阿瑪
N<MH=/,拿瑪，《思》納阿瑪
N<MJ/,乃幔族，《思》納阿曼家族
N<MN/,乃幔，《思》納阿曼
N<MTJ/,拿瑪人，《思》納阿瑪人
N<M[,可愛的；令人愉快的；甜美的；珍貴的
N<R/,男孩；小夥子；年輕人；侍從；僕人
N<R=/,青年
N<RH/,女孩；年輕女子；婢女
N<RH=/,女孩；年輕女子；婢女
N<RH==/,女孩；年輕女子；婢女
N<RJ/,拿萊，《思》納阿賴
N<RJH/,尼利雅，《思》乃阿黎雅
N<RN/,拿蘭，《思》納阿郎
N<RT/,麻線
N<YWY/,荊棘，蒺藜
N>=/,挪，挪亞們，《現》底比斯，《思》諾
N>D/,皮製瓶；皮袋
N>M/,宣告；言論
N>P[,姦淫
N>QH/,呻吟；哀號
N>Q[,呻吟；哀號
N>R[,拒絕
N>WH/,美麗的；迷人的
N>Y[,拒絕；輕視
NB/,挪伯，《思》諾布
NB<[,湧出；迸發
NBB[,空的；空心的
NBCN/,匿珊，《思》尼貝商
NBJ>/,先知
NBJ>H/,女先知
NBJWT/,尼拜約，《思》乃巴約特
NBK/,水泉
NBL/,愚人；不敬虔的人；放蕩愚人；邪惡愚人；惡棍
NBL===/,愚人；不敬虔的人；放蕩愚人；邪惡愚人；惡棍
NBLH/,愚蠢；愚昧；蠢行為
NBLH=/,屍身，屍體
NBLV/,尼八拉，《思》乃巴拉特
NBLWT/,婦女的私處
NBL[,枯乾，枯萎
NBV/,尼八，《思》乃巴特
NBV[,看；看到；凝視
NBW/,尼波，《思》乃波
NBW=/,尼波，《思》乃波
NBW>H/,預言；先知預言
NBWCZBN/,尼布沙斯班，《思》乃步沙次班
NBWKDN>YR/,尼布甲尼撒，《思》拿步高
NBWT/,拿伯，《思》納波特
NBWZR>DN/,尼布撒拉旦，《思》乃步匝辣當
NBX/,挪巴，《思》諾巴黑
NBX=/,挪巴，《思》諾巴黑
NBXZ/,匿哈，《思》尼貝哈次
NC>=[,鶴嘴鋤；鋤頭；犂頭
NCB[,吹
NCH/,大腿肌肉
NCJ/,債務
NCJH/,遺忘
NCJQH/,親吻
NCK/,利息
NCK=[,咬
NCKH/,房間；寢室
NCK[,咬
NCL[,脫落，掉落
NCMH/,呼吸，氣息
NCM[,喘氣
NCP/,黃昏；傍晚
NCP[,吹；使……吹
NCQ[,親吻
NCR/,大型猛禽；鷹；禿鷹
NCTWN/,信；詔書
NCT[,變乾，乾涸
ND/,（水）堆，（水）牆，（水）團
NDB/,拿答，《思》納達布
NDBH/,甘心情願；自願；充沛，大量
NDBJH/,尼大比雅，《思》乃達彼雅
NDB[,驅策，敦促，激勵
NDD[,逃跑
NDH/,不潔，不潔淨
NDH=/,工資
NDJB/,樂意
NDJBH/,尊榮；尊嚴
NDP[,吹；吹走
NDR/,誓言；諾言
NDR[,許願；鄭重承諾
NDX[,舉高
NFG[,追上；趕上
NFJ>/,首領；統治者；領袖
NFJ>=/,首領；統治者；領袖
NFW>H/,要攜帶的東西
NG</,瘟疫；疾病；中風；受傷；攻擊
NG<[,觸摸；碰到
NGB/,尼革夫，《現》南部，《思》乃革布
NGC[,連著
NGD[,告訴；告知；傳講
NGF[,監工；趕牲口者
NGH/,明亮；照耀
NGH=/,明亮；照耀
NGHH/,明亮
NGH[,發光；照耀
NGJD/,管理者；領袖；首領；指揮官
NGJNH/,弦樂器
NGN[,彈奏
NGP/,絆腳的石頭
NGP[,傷到腳（在某物上）>傷到自己；絆跌
NGR[,急流
NGX/,好頂撞的
NGX[,頂；刺傷
NH/,優勢地位
NHG=[,帶領；領導；驅趕
NHG[,帶領；領導；驅趕
NHH=[,哀號
NHH[,哀號
NHJ/,哀歌
NHL[,向前走
NHM/,吼叫；咆哮
NHMH/,咆哮
NHQ[,嘶叫
NHR/,溪流；河流
NHRH/,（日）光
NJ/,哀號
NJB/,肉
NJD/,搖動；搖擺
NJN/,後裔；後代；子孫
NJNWH/,尼尼微，《思》尼尼微
NJN[,後裔；後代；子孫
NJSN/,尼散月
NJXX/,使人平靜的；舒緩的
NJYWY/,火花
NK>/,逐出
NK>T/,黃芪樹膠
NKD/,後裔；後代；子孫
NKL/,欺騙；愚弄
NKL[,欺騙；愚弄
NKR/,外國的，外邦的
NKRJ/,外來的；陌生的
NKSJM/,錢財；財富；財產
NKT/,寶庫；金庫
NKW/,尼哥，《思》乃苛
NKX/,正；正直；正確；公正；真誠
NLH[,完成；結束
NMCJ/,寧示，《思》尼默史
NMLH/,螞蟻
NMR/,花豹
NMRD/,寧錄，《思》尼默洛得
NMRH/,寧拉，《思》尼默辣
NMRJM/,寧林，《思》尼默陵
NMW>L/,尼母利，《思》乃慕耳
NMW>LJ/,尼母利族，《思》乃慕耳家族
NPC/,喉嚨；頸部；食管
NPC[,恢復精力；休息
NPG/,尼斐，《思》乃斐格
NPH/,篩子
NPJC/,拿非施，《思》納菲士
NPJLJM/,巨人族
NPK/,綠寶石，綠松石
NPL[,落下，掉下來
NPT/,最純淨的蜂蜜
NPT=/,小山
NPTLJ/,拿弗他利，《思》納斐塔里
NPTWLJM/,角力，較力；相爭
NPTWX/,尼弗多亞，《思》乃費托亞
NPTXJM/,拿弗土希人，《思》納斐突歆人
NPWCSJM/,尼普心，《思》乃非心
NPX/,挪法，《思》諾法黑
NPX[,吹氣；呼吸；吐氣
NPY/,大暴雨，傾盆大雨
NQ<[,變得厭惡、惡心
NQBH/,母的，雌性的
NQB[,刺穿，刺破
NQC[,使……陷入圈套；被抓住；被纏住
NQD/,以養羊為業的人
NQD=/,有斑點的
NQDH/,珠子；亮片
NQDJM/,脆餅；薄餅；餅乾
NQH[,倒空；清出
NQJ/,獲得自由；免責；豁免
NQJQ/,洞穴；岩石裂縫
NQJWN/,旱災；飢餓
NQM/,復仇，報仇
NQMH/,復仇，報仇
NQM[,復仇，報仇
NQP/,敲打（以收穫樹上的果實）
NQPH/,繩子
NQP[,剝去；切除；除去
NQRH/,（岩石中的）裂縫
NQR[,啃；侵蝕
NQWD>/,尼哥大，《思》乃科達
NRD/,哪噠；甘香哪噠
NRGL/,匿甲，《思》乃爾加耳
NRJH/,尼利亞，《思》乃黎雅
NS/,旌旗
NS<[,拉出；拉起；連根拔起；挖出
NSBH/,事件的轉變
NSH[,試驗；使……經受考驗
NSJK/,奠祭
NSJK=/,奠祭
NSK/,鑄造的像
NSK[,倒出
NSRK/,尼斯洛，《思》尼色洛客
NSX[,拔出；拆毀
NT<[,敲斷，敲掉
NTJN/,殿役，聖殿僕人；聖殿工人
NTK[,傾盆而下；降（雨）
NTN/,拿單，《思》納堂
NTN>L/,拿坦業，《思》乃塔乃耳
NTQ/,皮膚感染；疥瘡
NTR/,碳酸鈉，鹼，蘇打
NTR[,給予自由；釋放
NTS[,毀壞（某人的）路
NV</,植物
NV<JM/,尼他應，《思》乃塔因
NV<[,種植
NVC[,鬆弛；鬆開
NVH[,被屈曲；傾斜
NVJ</,植物
NVJL/,稱重
NVL/,重
NVPH/,耳環
NVPH=/,尼陀法，《思》乃托法，納托法
NVP[,滴下；滴出
NVR=[,看守，看管，管理，照顧，保護，照管，保守
NW<DJH/,挪亞底，《思》諾阿狄雅
NW<[,移動；搖擺；搖動
NW>[,禁止；阻止；拒絕
NWC[,絕望
NWDB/,挪答，《思》諾達布
NWD[,搖動；搖擺
NWH=/,居住；活下來；持續存在
NWMH/,打盹；睡眠；睡意
NWM[,打盹；睡覺
NWN/,嫩，《思》農
NWP[,搖動；獻上（祭物）
NWS[,逃走；逃跑；躲避
NWV[,搖動；震動
NWXH/,挪哈，《思》諾哈
NWYH/,羽毛
NWY[,逃走；逃跑；躲避
NX/,挪亞，《思》諾厄
NXBJ/,拿比，《思》納赫彼
NXC/,蛇；毒蛇
NXC=/,預兆；法術
NXC==/,蛇；毒蛇
NXCT/,銅
NXCT=/,銅
NXCT>/,尼護施她，《思》乃胡市達
NXCTN/,銅蛇
NXCWN/,拿順，《思》納赫雄
NXC[,占卜；行占卜術；徵兆預示
NXH=[,引領；帶來
NXH[,引領；帶來
NXL/,乾河牀；小溪；溪流
NXLH/,遺產；繼承物
NXLJ>L/,拿哈列，《思》納哈里耳
NXLMJ/,尼希蘭人，《思》乃赫藍人
NXL[,取得；承受，繼承；擁有
NXM/,憐憫；安慰
NXM=/,拿含，《思》納罕
NXMH/,安慰
NXMJH/,尼希米，《思》乃赫米雅
NXMNJ/,拿哈瑪尼，《思》納哈瑪尼
NXM[,安慰；慰藉；使安心；表示同情；帶來寬慰
NXRJ/,拿哈萊，《思》納赫賴
NXT==/,信心
NXWC/,銅
NXWCH/,銅
NXWM/,那鴻，《思》納鴻
NXWM=/,尼宏，《思》勒洪
NXWR/,拿鶴，《思》納曷爾
NXY[,緊急的；急迫的
NY/,開花；花
NY=/,開花；花
NY>[,飛走
NYB/,（刀劍的）柄
NYB[,站立
NYH=/,花；花開的狀態
NYH[,打鬥，打架
NYJB/,鹽柱
NYJB=/,鹽柱
NYJX/,尼細亞，《思》乃漆亞
NYL[,（猛力地）移開；拔掉；從……奪走
NYR/,苗；芽；枝子
NYY[,閃爍
NZH[,濺；灑
NZJD/,湯；豆湯；豆羹；紅豆湯
NZJR/,選中的人；王；君王；國君
NZL[,流動；飄蕩
NZM/,環；耳環；鼻環
NZQ/,傷害；損失；危害
NZR/,奉獻
NZR[,使自己分開；遠離（某些物體）
P<H[,尖叫；呼叫；呻吟；悲嘆
P<L/,行為，作為
P<LH/,行為，作為
P<LTJ/,毗烏利太，《思》培烏肋泰
P<M/,腳
P<MWN/,鈴鐺
P<M[,不安穩；被困擾
P<RJ/,帕萊，《思》帕阿賴
P<R[,張大（嘴巴）
P<WR/,毗珥山，《思》培敖爾山
P>H/,邊；端；角落；腿
P>H=/,邊；端；角落；腿
P>H==/,邊；端；角落；腿
P>R/,頭巾
P>R=[,檢查樹枝
P>RN/,巴蘭，《思》帕蘭
P>RWR/,紅暈
P>R[,檢查樹枝
PC/,愚昧
PC</,悖逆；違法；犯罪
PCR/,解釋
PCT/,亞麻
PCV[,脫皮，蛻皮
PCXWR/,巴施戶珥，《思》帕市胡爾
PCX[,撕裂
PD<[,贖回；拯救；解救
PDH>L/,比大黑，《思》培達赫耳
PDHYWR/,比大蓿，《思》培達族爾
PDH[,贖出；贖回
PDN/,巴旦‧亞蘭，《現》美索不達米亞，《思》帕丹阿蘭
PDR/,脂油，脂肪
PDWJM/,贖價；贖金
PDWN/,巴頓，《思》帕冬
PDWT/,救贖；救恩；拯救
PF</,腳步
PFH[,擴散，蔓延
PFQ[,張開；展開
PG/,早期無花果
PG</,遭遇
PG<J>L/,帕結，《思》帕革厄耳
PG<[,遇見；碰到；發現
PGC[,遇見；碰到；發現
PGR/,屍體；屍首
PGWL/,不潔淨的肉
PH,這裡
PJCWN/,比遜河，《思》丕雄河
PJD/,不幸；麻煩；災難
PJKL/,非各，《思》非苛耳
PJMH/,脂肪；肥肉
PJNN/,比嫩，《思》丕農
PJNXS/,非尼哈，《思》丕乃哈斯
PJTWN/,毗敦，《思》丕東
PJX/,煤，煤煙
PJ_HXJRWT/,比‧哈希錄，《思》丕哈希洛特
PK/,長頸瓶；罐
PKH[,滴
PL>/,神蹟；奇蹟
PL>J/,奇妙
PL>J=/,法路族，《思》帕路家族
PLCT/,非利士，《思》培肋舍特，培勒舍特
PLCTJ/,非利士人，《思》培肋舍特人
PLC[,滾動；打滾
PLDC/,必達，《思》丕耳達士
PLGC/,妾
PLGH/,分組；宗族
PLGH=/,分組；分隊；班次
PLH[,不同的
PLJL/,法官；審判者
PLJLH/,審判；伸張正義；作出裁決
PLJLJ/,審判；裁定
PLJLJH/,審判；伸張正義；作出裁決
PLJVH/,逃離的人；逃亡的；倖存者
PLK/,紡錘輪
PLK=/,紡錘輪
PLL/,巴拉，《思》帕拉耳
PLL=[,預期
PLLJH/,毗拉利，《思》培拉里雅
PLL[,預期
PLS/,天平；秤
PLT/,比勒，《思》培肋特
PLTJ/,基利提人和比利提人，《思》革勒提和培肋提人
PLV/,毗力，《思》培肋特
PLVJ/,帕提，《思》帕耳提
PLVJ=/,帕提，《思》帕耳提
PLVJ>L/,帕鐵，《思》帕耳提耳
PLW>/,法路，《思》帕路
PLX/,片
PLX>/,毗利哈，《思》丕耳哈
PLYWT/,顫抖；發抖
PLY[,顫抖；搖動
PNG/,粗粉；膳食
PNH=/,角
PNH[,轉向，轉身
PNJMH,之內；裡面；內部
PNJMJ/,之內；裡面；內部
PNNH/,毗尼拿，《思》培尼納
PNQ[,縱容
PQDH/,數點；檢閱
PQDT/,守門官
PQDWN/,儲存；儲備
PQD[,觀察；訪問；探查；試驗
PQJD/,軍官；監督；領袖
PQX/,看見
PQX=/,比加，《思》培卡黑
PQXJH/,比加轄，《思》培卡希雅
PQX[,使看見
PR/,公牛
PR</,一綹頭髮
PR<C/,跳蚤
PR<C=/,跳蚤
PR<H/,法老，《思》法郎
PR<TWN/,比拉頓，《思》丕辣通
PR<TWNJ/,比拉頓人，《思》丕辣通人
PR<[,披散（頭髮）
PR>/,野驢；亞洲野驢
PR>M/,毗蘭，《思》丕蘭
PRBR/,庭院
PRC=/,糞便；殘渣，廢物
PRC==/,糞便；殘渣，廢物
PRCDN/,腸子；內臟
PRCH/,準確的（數目，描述）
PRCNDT>/,巴珊大他，《思》帕商大達
PRC[,分開
PRD/,騾子
PRDH/,母騾
PRDS/,園林；森林，樹林；果園
PRD[,脫離；脫節；展開；拆分
PRF[,鋪開，展開
PRH==/,普拉，《思》普辣
PRJ/,果子，果實
PRJY/,兇猛
PRJY=/,兇猛
PRK/,嚴厲；嚴苛
PRKT/,幔子，帳幔
PRMCT>/,帕瑪斯他，《思》帕瑪市達
PRM[,撕碎；撕裂
PRNK/,帕納，《思》帕爾納客
PRPR/,法珥法河，《思》帕爾帕爾河
PRQ/,掠奪；戰利品
PRQ[,折斷；撕掉；拉開；剝去；移除
PRR=[,分裂；裂開
PRR[,分裂；裂開
PRS/,狗頭鵰，鬍禿鷲，髭兀鷹
PRS=/,分享
PRSH/,蹄
PRS[,分享
PRT/,幼發拉底河，《思》幼發拉的河
PRV/,掉落的果實
PRWJM/,巴瓦音，《思》帕爾瓦因
PRWR/,壺；鍋
PRWX/,帕路亞，《思》帕魯亞
PRX/,長出花蕾
PRXX/,烏合之眾；暴民
PRX[,破土而出；發芽；長出花蕾；開花；傳播；爆發；蓬勃發展
PRY/,缺口；破裂之處，破口
PRY=/,缺口；破裂之處，破口
PRYJ/,法勒斯族，《思》培勒茲家族
PRYJM/,毗拉心山，《思》培辣親山
PRY[,破裂；盈溢
PRZ/,戰士；士兵
PRZH/,無城牆的城鎮；鄉村
PRZJ/,比利洗人，《思》培黎齊人
PRZJ=/,無城牆的城鎮；鄉村
PRZWN/,農民，鄉民
PS/,有袖子的外袍
PSGH/,毗斯迦，《思》丕斯加
PSG[,研究；察看
PSH/,大量；充裕
PSJL/,雕像
PSK/,巴薩，《思》帕撒客
PSL/,雕像
PSL[,切割；雕刻；鑿
PSPH/,毗斯巴，《思》丕斯帕
PSS[,沒有了；消失了；不見了
PSX/,逾越節
PSX=/,跛腳；瘸腿
PSX==/,巴西亞，《思》帕色亞
PSX[,跛腳；瘸腿
PT</,頃刻，忽然，突然
PT=/,插座；樞軸
PT>M,突然；立刻
PTBG/,飲食；美食
PTJGJL/,華服
PTJL/,繩子；帶子
PTJWT/,天真的；愚昧的
PTLTL/,詭計多端；狡猾；欺詐的
PTL[,奮鬥；打鬥
PTM/,比東，《思》丕通
PTN/,角蝰；眼鏡蛇
PTRSJM/,帕斯魯細人，《思》帕特洛斯人
PTRWN/,解釋
PTRWS/,巴特羅，《思》帕特洛斯
PTR[,解釋
PTT[,弄碎；粉碎
PTW>L/,毗土珥，《思》培突耳
PTWR/,毗奪，《思》培托爾
PTWX/,雕刻
PTX/,開口；入口；門口
PTX=/,解釋
PTX=[,開啟；打開，開放
PTXJH/,毗他希雅，《思》培塔希雅
PTXWN/,有能力說話
PTX[,開啟；打開，開放
PVDH/,黃玉；貴橄欖石
PVJC/,錘子
PW<H/,普阿，《思》普亞
PWC[,跺腳
PWGH/,止息；喘息
PWG[,軟弱；變得軟弱
PWK/,黑色眼影粉
PWL=/,普勒，《現》提革拉‧比列色，《思》普耳
PWL==/,普勒，《現》提革拉‧比列色，《思》普耳
PWNJ/,普瓦族，《思》普瓦家族
PWNN/,普嫩，《思》普農
PWN[,絕望
PWQH/,（在行動中）絆倒
PWR/,籤
PWRH/,酒榨
PWRT>/,破拉他，《思》頗辣達
PWTJ/,布特人，《思》普特人
PWV/,弗，《思》普特
PWVJ>L/,普鐵，《思》普提耳
PWVJPR/,波提乏，《思》普提法爾
PWVJ_PR</,波提‧非拉，《思》頗提斐辣
PWX=[,吹向
PWX[,吹向
PWY[,打碎；破碎；粉碎
PX/,陷阱
PX=/,陷阱
PXD/,顫抖，發抖
PXD=/,顫抖，發抖
PXDH/,恐懼；敬畏
PXD[,顫抖
PXH/,省長；總督
PXM/,木炭
PXT/,坑
PXTT/,腐爛
PXT_MW>B/,巴哈‧摩押，《思》帕哈特摩阿布
PXX[,陷入圈套；陷入困境
PXZ/,背信棄義；奸詐
PXZWT/,傲慢＞自吹自擂；魯莽
PXZ[,背信棄義；奸詐
PY</,瘀傷；傷口
PYH[,張大（嘴巴）
PYJRH/,使變得鋒利
PYLH/,剝皮造成的條紋
PYL[,剝去
PYM[,分裂；裂開
PYR[,推進；進逼
PYX=[,破成碎片
PYX[,破成碎片
PYY[,哈辟悉，《思》哈丕責茲
PZ/,精金
PZR[,分散；被驅散；散開
Q<JLH/,基伊拉，《思》刻依拉
Q<Q</,切口；紋身；疤痕
Q<RH/,碟子；盤子
Q>T/,寒鴉，穴鳥
QB/,卡布
QB<T/,杯；碗；酒杯
QB<[,搶奪；偷竊
QBB[,詛咒
QBH/,胃；肚腹
QBH=/,內室；帳棚
QBL[,接過來；接受
QBR/,墳墓；墓地
QBRWT_HT>WH/,基博羅‧哈他瓦，《思》克貝洛特阿塔瓦
QBR[,埋葬
QBWRH/,埋葬
QBWY/,所收集的
QBY>L/,甲薛，《思》卡貝責耳
QBYH/,積聚；儲藏；積蓄；收集
QBYJM/,基伯先，《思》克貝匝殷
QBY[,聚集；結集；集會；集合；(再)聯合
QC/,碎稭；糠秕
QC>H/,甜瓜，哈蜜瓜
QCB/,專注；反應
QCC[,聚集；集合
QCH/,堅硬
QCH[,艱辛的；困難的
QCJ/,頑固
QCJWN/,基善，《思》克史雍
QCR/,密謀背叛；陰謀
QCR[,連接起來；合併
QCT/,弓
QCT=/,弓箭手，射手
QCX[,使固執；使倔強
QDC/,聖潔；神聖
QDC===/,基低斯，《思》刻德士，卡德士
QDC[,使自己分別為聖，聖化自己
QDC_BRN</,加低斯‧巴尼亞，《思》卡德士巴爾乃亞
QDD[,低頭下拜，跪下
QDH/,桂皮
QDMH/,在東邊
QDMH==/,基底瑪，《思》刻德瑪
QDMJ>L/,甲篾，《思》卡德米耳
QDMWN/,東面
QDMWT/,基底莫，《思》刻德摩特
QDQD/,頭皮
QDR/,基達，《思》刻達爾
QDRWN/,汲淪溪，《思》克德龍谷
QDRWT/,黑暗
QDWC/,聖潔，神聖
QDWMJM/,古代的；古老的
QDXT/,發燒；熱病
QDX[,點燃，使燃燒
QFJVH/,銀子；錢幣；可錫塔
QFQFT/,鱗片
QFWH/,壺；瓶；酒壺；罐
QHH[,變鈍？，變麻木
QHLT/,Qoheleth；傳道者
QHLTH/,基希拉他，《思》刻黑拉達
QHT/,哥轄，《思》刻哈特
QHTJ/,哥轄人，《思》刻哈特人
QJ>[,嘔吐；吐出來
QJC/,基士，《思》克士
QJCJ/,基示，《思》克史
QJCWN/,基順河，《思》克雄河
QJM/,敵人；敵方；對手
QJMH/,起來
QJNJ/,基尼人，《思》刻尼人
QJNN/,該南，《思》刻南
QJQJWN/,蓖麻
QJQLWN/,羞辱，羞恥
QJR/,牆；邊；柵欄
QJR=/,牆；邊；柵欄
QJRS/,基綠，《思》刻洛斯
QJVWR/,（濃）煙
QJY/,夏季
QJYWN/,最外層的
QJY[,夏季
QL/,輕巧；快速；迅速；焦躁
QL</,甩石機弦，投石器，彈弓
QL<=/,甩石的兵
QL<==/,甩石機弦，投石器，彈弓
QL<[,用機弦甩，用彈弓射擊
QLCWN/,三齒叉
QLH[,焚燒；灼熱
QLJ/,烘熟的穀物；烘了的麥穗
QLJH/,基拉雅，《思》刻拉雅
QLJV>/,基利他，《思》刻里達
QLL/,擦亮的；磨光的
QLLH/,詛咒
QLL[,輕巧；快速；迅速；焦躁
QLQL/,拙劣的；糟糕的
QLS/,嘲笑
QLSH/,嘲笑對象
QLV[,發育不健全；太短
QLWN/,恥辱；羞恥；侮辱；辱罵
QLXT/,煮食鍋；大鍋 / 釜
QMH/,直立的莊稼，成熟的禾稼
QML[,枯乾；枯萎
QMV[,抓住；奪去
QMW>L/,基摩利，《現》基母利，《思》刻慕耳
QMWF/,荊棘；蕁麻，蒺藜
QMWN/,加們，《思》卡孟
QMX/,麵粉；粗粉
QMY/,一把
QMY[,取（一把東西）
QN/,巢窩
QN>/,嫉妒，忌邪
QN>H/,熱心；熱情；盛怒，憤怒
QNH/,蘆葦
QNH=/,獲取，得到；購買，買；取回
QNH=[,獲取，得到；購買，買；取回
QNH[,獲取，得到；購買，買；取回
QNJN/,財物；貨財
QNMWN/,肉桂
QNN[,築巢
QNT/,基納，《思》刻納特
QNW>/,嫉妒，忌邪
QNY/,圈套；網絡；陷阱
QNZ/,基納斯，《思》刻納次
QNZJ/,基尼洗人，《思》刻納次人
QPD/,捲起（一塊布）
QPDH/,恐懼，驚駭
QPD[,捲起（一塊布）
QPWZ/,貓頭鷹
QPY[,關閉
QR/,寒冷
QR<[,撕開；撕裂；切斷；分開
QR=/,清涼
QR>[,喊叫，叫喚
QRB=/,接近，靠近，近前來
QRB==/,戰鬥；戰爭
QRB[,接近，靠近，近前來
QRC/,框架；支柱
QRDM/,錛子，平頭斧
QRH=/,夢遺
QRJ/,作對
QRJ>/,被召喚的，被揀選的
QRJ>H/,信息
QRJH/,城鎮
QRJT/,基列‧耶琳，《思》克黎雅特耶阿陵
QRJTJM/,基列亭，《思》克黎雅塔殷，克黎雅塔因
QRJT_>RB</,基列‧亞巴，《思》克黎雅特阿爾巴
QRJT_B<L/,基列‧巴力，《思》克黎雅特巴耳
QRJT_J<RJM/,基列‧耶琳，《思》克黎雅特耶阿陵
QRJT_XYWT/,基列‧胡瑣，《思》克黎雅特胡祚特
QRJWT/,加略，《思》克黎約特
QRM[,放置（在上面）；覆蓋
QRN[,照耀；發光
QRN_HPWK/,基連‧哈樸，《思》刻楞哈普客
QRQ</,地；底部
QRQ<=/,地；底部
QRQR=/,加各，《思》卡爾科爾
QRS/,鈎子；扣子
QRSL/,腳踝
QRT/,城市；城鎮
QRTH/,加珥他，《思》卡爾達
QRTN/,加珥坦，《思》卡爾堂
QRX/,寒冷，寒霜
QRX=/,禿頭
QRX==/,可拉，《思》科辣黑
QRX===/,加利亞，《思》卡勒亞
QRXH/,光禿部位
QRXJ/,可拉人，可拉族，《思》科辣黑族
QRXT/,禿頭
QRX[,光禿部位
QRY/,牛虻
QSM/,占卜
QSS[,剝去；摘去；除去（植物上的果子）
QST/,墨盒
QVB/,災禍；瘟疫；致命疾病；毀滅
QVL/,殺害，殺戮
QVN/,減少；降低
QVN==/,小指頭
QVP[,摘掉；採摘
QVR/,香薰；香料
QVRT/,（焚燒祭牲產生的）煙霧
QVRWN/,基倫，《思》克特龍
QVT/,加他，《思》卡塔特
QVWRH/,（從獻給上帝的香火產生的）煙霧
QVWRH=/,基土拉，《思》刻突辣
QW/,靜默，緘默，沉默，不作聲
QW</,哥亞人，《思》科亞（人）
QW>/,嘔吐；吐出來
QWB</,頭盔
QWCJHW/,古沙雅，《思》谷沙雅
QWC[,用網捕捉；誘捕
QWH=[,等候，等待；盼望
QWH[,等候，等待；盼望
QWLJH/,哥賴雅，《思》科拉雅
QWMH/,高度；身材
QWMMJWT/,挺身
QWM[,靜默，緘默，沉默，不作聲
QWP/,狒狒；猿猴
QWR>/,岩鷓鴣；黑鷓鴣；沙鷓鴣
QWRH/,木料
QWY/,荊棘，蒺藜，刺草
QWY[,厭煩；討厭；憎恨；拒絕；反對；恨惡
QY/,結束；最終的
QY<[,割下；除去；刮下
QYB/,形狀
QYH[,砍掉；切斷
QYJN/,首領；領袖
QYP/,憤怒，怒火
QYP=/,憤怒，怒火
QYPH/,裂成碎片
QYP[,憤怒
QYX/,肉豆蔻花；黑色小茴香
QYY[,砍掉；切斷；脫掉
R<<[,做壞事；行惡，作惡
R<===/,壞的；醜陋的
R<B/,飢餓；旱災
R<B=/,飢餓；挨餓
R<BWN/,旱災；飢餓
R<B[,飢餓；挨餓
R<C[,搖動；搖擺
R<H/,吃草；放牧
R<H=/,朋友
R<H==/,（女性）同
R<H=[,吃草；放牧
R<J/,草場
R<J=/,利以，《思》勒依
R<JH/,（我的）朋友；（我的）佳偶，（我的）愛人；（我的）良人
R<L/,走路踉蹌；搖搖幌幌；東倒西歪
R<LH/,面紗；圍巾
R<LJH/,利來雅，《思》勒厄拉雅
R<MJH/,拉米，《現》拉末，《思》辣阿米雅
R<MSS/,蘭塞，《思》辣默色斯
R<P[,滿溢
R<W/,拉吳，《思》勒伍
R<W>L/,流珥，《思》勒烏耳
R<WT/,追求；追趕
R<WT=/,追求；追趕
R<Y[,粉碎
R>C/,頭
R>C=/,頭
R>C==/,頭
R>CH/,首先的；先前的
R>CH=/,基石
R>CJT/,開始
R>CWN/,首先的；先前的；最重要的；之前的
R>H/,先見
R>H=/,看見；觀看；留意
R>H==/,先見
R>H[,看見；觀看；留意
R>J/,看見
R>J=/,銅鏡
R>JH/,利亞雅，《思》勒阿雅
R>M/,野牛
R>WBN/,呂便，《思》勒烏本
R>WBNJ/,呂便人，《思》勒烏本人
R>WMH/,流瑪，《思》勒烏瑪
RB/,大的
RB</,第四代子孫
RB<=/,第四，四分之一
RB<==/,第四，四分之一
RB<===/,第四，四分之一
RB<====/,第四，四分之一
RB<=[,躺下
RB==/,大的
RB===/,大的
RBBH/,千萬；無數的
RBD[,覆蓋；裝飾
RBH/,拉巴，《思》辣巴
RBJ<J/,第四
RBJBJM/,驟雨
RBJD/,鏈子；項鏈
RBJT/,拉璧，《思》多貝辣特
RBK[,混合
RBLH/,利比拉，《思》黎貝拉
RBQH/,利百加，《思》黎貝加
RBY/,休息的地方
RBY[,躺臥；蹲伏；坐下
RB_CQH/,大的
RC</,邪惡的；有罪的；有錯誤
RC<=/,邪惡的行為；邪惡
RC<H/,邪惡的行為；邪惡
RC<[,有罪
RCC[,打碎；壓碎
RCJWN/,許可，批准
RCP/,火焰；閃光；火花
RCP=/,火焰；閃光；火花
RCT/,網
RDD[,覆蓋；塗
RDH=[,管轄，管理；統治
RDH[,管轄，管理；統治
RDJ/,拉代，《思》辣待
RDJD/,面紗；披肩；披巾
RDM[,熟睡，沉睡
RDP[,追隨；追，追趕，追逐，追蹤
RG</,片刻；瞬間
RG<=/,安靜，寧靜
RG<[,片刻，一會兒；暫時
RGB/,土塊
RGL/,腳；腿
RGLJ/,步行的人
RGLJM/,羅基琳，《思》洛革林
RGL[,教走路
RGM/,利健，《思》勒根
RGMH/,人群；一群人
RGM[,用石頭擲
RGM_MLK/,利堅‧米勒，《思》君王的官員
RGZ/,動蕩；激動
RGZ=/,顫抖的心
RGZH/,發抖
RGZ[,顫抖，發抖；震動；被干擾；被擾亂；興奮；振動
RHJV/,樑；椽木
RJ/,水分
RJB/,爭執，爭吵，衝突，爭論；（法律）訴訟，案件，起訴書
RJBH/,爭執，爭吵，衝突，爭論；（法律）訴訟，案件，起訴書
RJBJ/,利拜，《思》黎拜
RJB[,吵架；爭辯；指責
RJC/,貧窮
RJQ/,空的
RJQ=/,空的
RJQM,無故，無緣無故；無辜
RJX/,味道，氣味，香氣
RK/,膽小，膽怯
RK=/,溫柔，溫順，彬彬有禮
RKB/,上磨石
RKB=/,趕車的人；騎兵
RKB==/,利甲，《思》勒加布
RKBH/,乘騎
RKB[,乘騎
RKC/,快馬
RKK[,軟化
RKL/,拉哈勒，《思》加爾默耳【《思》源於另一個抄本？】
RKLH/,交易；貿易；買賣
RKS=/,設計，計劃；謀害；圖謀
RKWB/,戰車；馬車
RM/,蘭
RMF/,爬行動物；小動物
RMH/,蟲；蛆
RMH=/,扔，投
RMH==/,扔，投
RMH=[,扔，投
RMH[,扔，投
RMJH/,懶惰；怠惰；偷懶；鬆懈
RMJH=/,懶惰；怠惰；偷懶；鬆懈
RMJH==/,拉米，《思》辣米雅
RMLJHW/,利瑪利，《思》勒瑪里雅
RMS[,踐踏，踩碎
RMT/,利篾，《思》勒默特
RMT=/,利篾，《思》勒默特
RMTJ/,拉瑪人，《思》辣瑪人
RMWN/,石榴樹
RMWN=/,臨摩挪，《思》黎孟
RMWN_PRY/,臨門‧帕烈，《思》黎孟培勒茲
RMWT/,廢物，垃圾
RMX/,矛，槍
RP>/,巨人（音譯：拉法），《思》辣法巨人【《和》的“巨人”不是名字，需要標註音譯嗎？】
RP>JM=/,巨人（音譯：拉法），《思》辣法巨人【《和》的“巨人”不是名字，需要標註音譯嗎？】
RP>JM==/,巨人（音譯：拉法），《思》辣法巨人【《和》的“巨人”不是名字，需要標註音譯嗎？】
RP>L/,利法益，《思》勒法耳
RP>WT/,得醫治
RP>[,醫治；治愈；愈合
RPC/,淤泥；污垢
RPJDJM/,利非訂，《思》勒非丁
RPJH/,利法雅，《思》勒法雅
RPJWN/,灰心喪氣；氣餒
RPT/,動物棚，牲畜棚
RPW>/,拉孚，《思》辣富
RPX/,利法，《思》勒法黑
RQ/,唾沫
RQ</,捶打而成的薄板
RQ<[,頓（足），跺（腳）
RQB/,腐敗；腐爛
RQBWN/,腐敗；腐爛
RQD[,跳舞；跳躍；蹦跳
RQH/,太陽穴；鬢角
RQJ</,天空，穹蒼；半球形物；拱頂；廣闊區域
RQJQ/,薄餅
RQM/,利堅，《思》勒耿
RQM=/,利堅，《思》勒耿
RQMH/,繡花布；刺繡品
RQM[,刺繡師
RQQ[,啐唾沫，吐口水
RQT/,拉甲，《思》辣卡特
RQWN/,拉昆，《思》辣孔
RQX/,配製；調和；混合
RQX==/,製造香膏的人
RQX===/,香料調製的
RSH/,勒撒，《思》黎撒
RSJS/,潮濕，潮氣
RSJS=/,潮濕，潮氣
RSS[,弄濕；滋潤
RTMH/,利提瑪，《思》黎特瑪
RTQ[,用鎖鏈鎖住
RTT/,顫抖；戰戰兢兢
RTWQ/,鎖鏈；鏈子
RVB/,精力充沛；蓬勃發展
RVC[,屠殺
RVPC[,精力充沛；健康
RVV/,顫抖 > 受驚嚇，震驚；戰兢
RW<[,喊叫；呼喊
RWC[,忍受缺乏
RWD[,焦躁不安；不守規矩；想要掙脫束縛
RWH/,濕潤的；澆了水的
RWJH/,溢出；滿溢
RWMH=/,度瑪，魯瑪，《思》杜瑪，魯瑪
RWMM/,讚美；高舉（上帝）
RWT/,路得，《思》盧德
RWX/,靈
RWX=/,空間；距離
RWXH/,輕鬆；如釋重負
RWY[,跑；趕緊跑；賽跑
RXB/,大的，寬闊的；寬敞的
RXB<M/,羅波安，《思》勒哈貝罕
RXB=/,寬度；廣度；厚度
RXB==/,寬闊的地方；街，街市；廣場，市場
RXB===/,大的，寬闊的；寬敞的
RXB====/,寬闊的地方；街，街市；廣場，市場
RXB=====/,寬闊的地方；街，街市；廣場，市場
RXB======/,廣闊，遼闊
RXBWT/,利河伯，《思》寬大
RXB[,大的；廣闊的
RXC[,滿腦子都是想法
RXJM/,石磨
RXM=/,埃及禿鷹
RXM==/,憐憫；仁慈
RXMH/,女性；女孩；婦女；少女
RXMH=/,女性；女孩；婦女；少女
RXMH==/,女性；女孩；婦女；少女
RXMNJ/,慈悲
RXM[,愛
RXP[,顫抖，發顫，發抖
RXQ/,遠離（某人）
RXQ[,遠；走遠；保持遠距離
RXT/,揚穀鏟
RXWM/,憐憫
RXWM=/,利宏，《思》勒洪
RXWQ/,遠的；遙遠；有距離
RXY/,洗濯盆
RXYH/,洗滌
RXY[,洗澡；沐浴；清洗
RY/,（銀）塊
RY<[,刺穿
RY>[,奔跑
RYH=[,可接受的；悅納的
RYH[,可接受的；悅納的
RYJ>/,利寫，《思》黎茲雅
RYJN/,利汛，《思》勒斤
RYP/,熱石
RYP=/,熱石
RYPH/,燃燒的炭
RYPH==/,燃燒的炭
RYWN/,接納；青睞
RYX/,謀殺
RYX[,謀殺，兇殺，殺害
RYY[,打破
RZH/,瘦
RZJ/,消瘦下去；痛苦
RZM[,眼冒火光；怒視；瞪眼
RZN[,統治者
S<D[,加強；支持；維持
S<H[,狂怒；肆虐
S<JP/,（岩石的）裂縫
S<JP=/,（岩石的）裂縫
S<P/,三心兩意，猶豫不決
S<PH/,樹枝；分枝
S>H/,細亞
S>N[,重步行走
S>WN/,靴子
SB>/,烈性酒；酒
SB>==/,西巴，《思》色巴
SB>[,烈性酒；酒
SBB[,轉動；搖擺
SBH/,事件的轉折
SBK/,灌木叢
SBKJ/,西比該，《思》息貝開
SBL/,背重擔者；扛抬的人
SBL=/,強迫勞役
SBL==/,重擔 > 壓迫
SBLT/,西播列
SBLWT/,重擔 > 強迫勞役
SBL[,攜帶；承擔
SBRJM/,西伯蓮，《思》息貝辣因
SBT>/,撒弗他，《思》撒貝達
SBTK>/,撒弗提迦，《思》撒貝特加
SD/,木枷
SDJN/,細麻內衣
SDM/,所多瑪，《思》索多瑪
SDR/,秩序
SGN/,長官；官員
SGR[,關；關閉
SGWR/,胸廓
SGWR=/,胸廓
SHR/,監獄
SHR=/,圓；球形
SJG/,浮渣，礦渣
SJN/,汛的曠野，《思》欣曠野
SJN=/,汛的曠野，《思》欣曠野
SJNJ/,西尼人，《思》息尼人
SJNJ=/,西奈，《思》西乃
SJNJM/,色弗尼，《思》色威乃
SJSR>/,西西拉，《思》息色辣
SJWN/,西彎月
SJXWN/,西宏，《思》息紅
SK/,棚屋；草寮
SK=/,人群；群眾
SKH/,遮蔽物；棚屋；草寮
SKJ/,蘇基人，《思》穌基因人
SKKH/,西迦迦，《思》色加加
SKL/,（行為像）愚昧的人；愚蠢的
SKL=/,愚昧；愚蠢
SKLWT/,愚昧；愚蠢
SKL[,行事愚蠢，做事糊塗
SKN[,受益；有利
SKR=[,關閉；被關閉
SKR[,關閉；被關閉
SKT[,保持沉默
SKWT/,疏割，《思》穌苛特
SKWT=/,撒古特，《現》撒固，《思》撒雇特
SKWT_BNWT/,疏割‧比訥，《思》穌苛特貝諾特
SL/,籃子
SL</,磐石
SL<=/,磐石
SL<M/,蚱蜢
SL>/,悉拉，《思》未譯出
SLD/,西列，《思》色肋得
SLH,細拉
SLJXH/,赦免；饒恕
SLKH/,撒迦，《思》撒耳加
SLLH/,攻城坡
SLL[,堆高
SLM/,梯子；樓梯
SLP/,乖僻；彎曲；狡詐
SLP[,顛覆；破壞
SLSLH/,樹枝
SLT/,細麵；最好的麵粉
SLWN/,刺
SLX/,樂意饒恕；樂意赦免
SLX[,饒恕；赦免
SM/,芳香香料
SMDR/,葡萄樹的花
SMGR_NBW/,三甲‧尼波，《思》乃步沙次班【《思》的翻譯是根據不同的原文名字】
SMKJHW/,西瑪迦，《思》色瑪革雅
SMK[,按（手）；把（手）放在（頭上）
SML/,神像
SMN[,放置
SMR/,刺毛直豎的蝗蟲
SNBLV/,參巴拉，《思》桑巴拉特
SNH/,灌木叢；灌木
SNPJR/,鰭
SNSNH/,三撒拿，《思》桑森納
SNSNH=/,三撒拿，《思》桑森納
SNW>H/,哈西努亞，《現》哈西努，《思》哈斯奴阿
SNWRJM/,致盲；失明
SNXRJB/,西拿基立，《思》散乃黑黎布
SP/,碗；盆
SP=/,碗；盆
SP==/,碗；盆
SPD[,哀悼
SPH[,添加；增加
SPJ/,細派，《思》息派
SPJNH/,船
SPJR/,藍寶石
SPJX/,洪流；激流
SPJX=/,洪流；激流
SPL/,碗
SPN/,天花板
SPN[,覆蓋；鑲
SPP[,站在門檻
SPRD/,西法拉，《現》薩狄斯，《思》色法辣得
SPRH/,數目；總數
SPRT/,瑣斐列，《思》索費勒特
SPRWJ/,西法瓦音人，《思》色法瓦因人
SPRWJM=/,西法瓦音，《思》色法瓦因
SPXT/,皮疹
SQL[,向……連續投擲
SR/,悖逆的；頑梗的
SR<PH/,樹枝；分枝
SRB/,刺
SRD/,西烈，《思》色勒得
SRDJ/,西烈族，《思》色勒得家族
SRGWN/,撒珥根，《思》撒爾貢
SRH/,停止；終止
SRH=/,停止；終止
SRJS/,太監
SRN/,軸
SRN=/,軸
SRPD/,蕁麻
SRP[,燃燒；燒毀
SRR[,悖逆的；頑梗的
SRX/,懸掛
SS/,蛀蟲
SSMJ/,西斯買，《思》息斯買
STRJ/,西提利，《思》息特黎
STR[,隱藏
STW/,雨季；冬天
STWR/,西帖，《思》色突爾
SW>/,梭，《思》索阿
SWD/,議會；同伴
SWDJ/,梭底，《思》索狄
SWGR/,籠子
SWG[,後退；撤退
SWK=[,（用油）膏自己；抹油在自己身上；修飾自己
SWK[,（用油）膏自己；抹油在自己身上；修飾自己
SWP/,香蒲；紙莎草
SWP==/,香蒲；紙莎草
SWPH/,暴風
SWPH=/,暴風
SWS/,馬
SWSH/,母馬
SWSJ/,穌西，《思》穌息
SWT/,衣服；服裝；長袍
SWVJ/,瑣太，《思》索泰
SWX/,書亞，《思》穌亞
SWXH/,廢棄物；垃圾
SXB[,拖走
SXH[,掃除；刮淨
SXJ/,垃圾；渣滓，碎屑
SXR/,所得；收入
SXRH/,防禦；防禦物
SXRH=/,商品；市場
SXRT/,石頭；礦物
SXR[,自由地走動 > 經商；做買賣
T<<[,嘲笑；譏諷
T<LMH/,隱藏的事；秘密
T<NJT/,謙卑禁食
T<NK/,他納，《思》塔納客
T<NWG/,舒適；樂事；奢華
T<R/,剃刀，剃頭刀；小刀
T>/,房間；休息室；凹室；守衛房
T>BH/,切慕；渴慕
T>CWR/,松樹，柏樹，杉樹
T>H[,劃界
T>LH/,詛咒，咒詛
T>M[,懷有雙胎；成雙成對
T>NH/,無花果樹；無花果
T>NJH/,悲傷；哀悼
T>NT_CLH/,他納‧示羅，《思》塔納特史羅
T>R/,容貌；外形
T>R</,他利亞，《思》塔勒亞
T>R[,轉向
T>W/,劍羚
T>WH/,貪慾；慾望
TB<RH/,他備拉，《思》塔貝辣
TBH/,籃子；方舟
TBH=/,籃子；方舟
TBL/,地；大地；世界
TBL=/,變態的；可憎的
TBL==/,土巴，《思》突巴耳
TBLJT/,磨損；耗盡；漸漸變舊；漸漸破爛
TBLL/,殘疾；瑕疵；缺點
TBN/,草，乾草；草秸
TBNJ/,提比尼，《思》提貝尼
TBNJT/,建造，建築
TBW>H/,出產；農產品；農作物
TBWNH/,理解；領會；洞察力；聰明；智慧
TBWR/,他泊，《思》塔波爾
TBWSH/,倒台；敗亡；遇害
TBY/,提備斯，《思》特貝茲
TC</,九
TC>H/,吶喊；噪音；騷動
TCBJ/,提斯比人，《思》提市貝人
TCBY/,彩色的布
TCJ<J/,第九
TCW<H/,救恩；拯救；得勝
TCWBH/,再次發生
TCWQH/,把注意力轉向；戀慕；把精力集中在
TCWRH/,禮物，報酬
TD<L/,提達，《思》提達耳
TDHR/,月桂
TDMR/,達莫，《思》塔瑪爾，塔德摩爾
TFWMT/,抵押品；保證金
TGLT_PL>SR/,提革拉‧毗列色，《思》提革拉特丕肋色爾
TGMWL/,行動；作為
TGRH/,責打
THLH/,讚美
THPKWT/,行為歪曲
THW/,廢墟；荒涼之地；空虛混沌
THWM/,海洋；深淵
TJC/,公山羊
TJM>/,提瑪，《思》特瑪
TJMNJ/,提幔人，《思》特曼人
TJMNJ=/,提米尼，《思》特曼
TJMRH/,柱
TJRJ>/,提利，《思》提黎雅
TJRS/,提拉，《思》提辣斯
TJRWC/,待發酵的葡萄汁；（新）酒
TJYJ/,提洗人，《思》提漆人
TK/,欺騙；背叛
TKH[,跟隨（某人的）腳步
TKLH/,完美
TKLJT/,限制
TKLT/,紅紫色；藍色
TKN/,數目；數量；體積
TKN=/,數目；數量；體積
TKNJT/,計劃；結構；佈局
TKRJK/,長袍；披風；斗篷
TL/,小山崗
TL<[,穿深紅色的衣服
TL>FR/,提拉撒，《思》特拉撒爾
TL>H/,令人不安的；重擔；麻煩
TL>[,懸掛，吊
TLBCT/,衣服
TLH[,懸掛，吊著
TLJ/,箭袋
TLM/,犂溝
TLMJ/,撻買，《思》塔耳買
TLMJD/,學生；為徒的
TLNWT/,發怨言；埋怨
TLTL/,卷曲的（頭髮）
TLX/,他拉，《思》特拉黑
TL_>BJB/,提勒‧亞畢，《思》特耳阿彼布
TL_MLX/,特‧米拉，《思》特耳默拉
TL_XRC>/,特‧哈薩，《思》特耳哈爾沙
TM/,連在一起
TM=/,正直；無可指責
TMH/,正直；無可指責
TMHWN/,恐慌；混亂
TMJM/,整個的；完整的
TMJM=/,烏陵和土明
TMM[,即將完成；有待完成；結束；停止
TMN</,亭納，《思》提默納
TMNH/,亭拿，《思》提默納黑
TMNJ/,亭拿人，《思》提默納人
TMR=/,棗椰樹
TMR==/,棗椰樹
TMRWQ/,用塗抹的香膏來按摩
TMS/,流動
TMWZ/,搭模斯，《思》塔慕次
TMX/,答瑪，《思》特瑪赫，塔瑪赫
TNCMT/,倉鴞，貓頭鷹
TNCMT=/,倉鴞，貓頭鷹
TNJN/,海怪
TNW>H/,阻礙；反對
TNWMH/,打盹
TNWPH/,搖動；獻上（祭物）
TNWR/,烤爐
TNXMT/,單戶蔑，《現》單戶默，《思》堂胡默特
TP/,鼓；手鼓
TPL/,淡而無味的食物
TPL=/,淡而無味的食物
TPL==/,陀弗，《思》托費耳
TPLH/,祈禱
TPLH=/,非理性；毫無意義
TPLYT/,顫抖；搖動
TPR[,縫合
TPSX/,提弗薩，《思》提斐撒
TPTH/,焚燒的地方
TQ</,吹
TQP/,力量；權柄；能力
TQW<J/,提哥亞人，《思》特科亞人
TQWH/,帶子；繩子
TQWH=/,帶子；繩子
TQWH==/,帶子；繩子
TQWPH/,（太陽的）轉向點
TR<LH/,走路踉蹌；搖搖幌幌；東倒西歪
TR<TJ/,特拉人，《思》提辣人
TR>LH/,他拉拉，《思》塔辣拉
TRBJT/,利息
TRBWT/,增長；後裔
TRC/,提列，《思》特勒士
TRCT>/,省長
TRDMH/,沉睡，酣睡
TRHQH/,特哈加，《思》提爾哈卡
TRN/,旗杆
TRPJM/,家中的神像
TRTN/,元帥
TRTQ/,他珥他，《思》塔爾塔克
TRW<H/,喊叫；呼叫，呼喊；吹角；示警
TRWPH/,得醫治
TRX/,他拉，《思》特辣黑
TRX=/,他拉，《思》特辣黑
TRXNH/,特哈拿，《思》提爾哈納
TRYH/,得撒，《思》提爾匝
TRYH=/,得撒，《思》提爾匝
TRZH/,石松
TW/,標記
TW<BH/,可厭惡的行為；可憎惡的事
TWBL_QJN/,土八‧該隱，《思》突巴耳加音
TWCB/,寄居者，旅居者
TWDH/,認罪，承認罪孽、過犯，承認所犯的罪
TWGH/,悲傷，悲痛
TWGRMH/,陀迦瑪，《思》托加爾瑪
TWL<J/,陀拉族，《思》托拉家族
TWLD/,陀臘，《思》托拉得
TWLDWT/,出生順序
TWLL/,壓迫者；折磨者
TWR[,窺探
TWTX/,棍子，棍棒
TWX/,陀亞，《思》托亞
TWXLT/,盼望；希望
TWY>WT/,出口
TXKMNJ/,他革捫人，哈革摩尼人
TXLH/,開始；展開
TXMS/,短耳貓頭鷹
TXN/,他罕，《思》塔罕
TXNH/,施恩；憐憫
TXNH=/,施恩；憐憫
TXNJ/,他罕族，《思》塔罕家族
TXNWN/,懇求（憐憫）
TXPNJS/,答比匿，《思》塔培乃斯
TXPNXS/,答比匿，《思》塔黑培乃斯
TXR</,他利亞，《思》塔勒亞
TXR>/,鎧甲
TXW/,託戶，《思》托胡
TZNWT/,濫交；放蕩；賣淫；嫖娼；淫亂；墮落
TZZ[,砍掉；削去
V<H[,誤導；引入歧途
V<M/,味道
V<N[,裝載；使擔負
VB<T/,戒指；印戒
VB<WT/,答巴俄，《思》塔巴敖特
VB<[,陷入；沉沒
VBLJHW/,底巴利雅，《思》特巴里雅
VBL[,蘸；沾染；浸
VBT/,他巴，《思》塔巴特
VBWR/,肚臍；中央，中心點
VBX=/,廚子，廚師；屠夫
VBXH/,宰殺
VBXH=/,廚師
VBXT/,提巴，《思》貝塔
VHR/,潔淨的
VHR=/,明淨；清澈
VHRH/,潔淨
VHR[,成為潔淨的
VJRH/,營地；營寨；村；住處，居所
VJV/,泥土；塵土；淤泥；泥沼；黏土
VJX/,灰泥；石膏
VL/,甘霖；露水
VL>JM/,提拉因，《現》提煉，《思》特冷
VL>[,補；縫補
VLM/,提鍊，《思》特冷
VLM=/,提鍊，《思》特冷
VLMWN/,達們，《思》塔耳孟
VLVLH/,扔，拋，投
VM>/,變得不潔淨
VM>H/,污穢；不潔之物，不潔淨的
VM>[,變得不潔淨
VMH[,被看為愚笨；被視為不潔
VMN[,藏匿；隱藏自己
VN>/,筐子，籃子
VNP[,弄髒；玷污
VP/,孩童；小孩子
VPC[,肥的；油膩的
VPL[,掩飾；塗抹
VPP[,矯揉做作細步走路；走路装腔作势；以誘惑人的姿態走路；俏步徐行
VPSR/,元帥；招募官；軍長，將軍；首領；抄寫員；書記
VPT/,她法，《思》塔法特
VPX=/,一掌寬；手掌寬度
VRJ/,新鮮的；未乾的
VRJPH/,獵物；受害者；被撕碎的，被撕裂的
VRM/,之前
VRP/,獵物；受害者
VRP=/,新生的；剛萌芽生長的
VRP==/,獵物；受害者
VRP[,撕碎；撕裂；撕咬；撕爛
VRX/,擔子，重擔；重任；負荷
VWB=/,美好；美善；美麗
VWF[,俯衝；猛撲
VWH[,紡紗，紡線
VWL[,扔；拋；投
VWR/,行；層
VWVPT/,護符；經匣；頭巾；頭飾帶
VXH[,一箭之遠
VXNH/,推磨；磨穀
VXN[,磨；磨碎
VXRJM/,痔瘡；腫瘤；潰瘍
VXWN/,磨坊；手推磨石
WCNJ/,瓦希尼，約珥，《思》約厄耳
WCTJ/,瓦實提，《思》瓦市提
WDN/,威但，《思》丹
WHB/,哇哈伯，《思》瓦赫布
WJZT>/,瓦耶撒他，《思》耶匝達
WLD/,孩子
WNJH/,瓦尼雅
WPSJ/,縛西，《思》沃斐息
WW/,鈎子
WZR/,邪惡；有罪，犯罪的
XB/,（衣服的）摺袋
XB>[,凝結成冰
XBB/,何巴，《思》曷巴布
XBB[,鍾愛，疼愛，喜愛
XBC[,被繫住；被纏裹
XBH/,耶戶巴，《思》胡巴
XBJH/,哈巴雅
XBJWN/,隱藏
XBL==/,水手，船員，舵手，掌舵者
XBL=====/,桅杆
XBQ/,抱着手，抱着雙臂 > 遊手好閒
XBQWQ/,哈巴谷，《思》哈巴谷
XBQ[,抱著，抱住；擁抱，懷抱
XBR/,會員，同伴；朋友；合伙人，伙伴；同類
XBR==/,合伙的，搭伙的，伙伴
XBRH/,團體；同伴；結伴
XBRJ/,希別族，《思》赫貝爾家族
XBRNJ/,希伯倫族，希伯倫人，《思》赫貝龍家族
XBRT/,一套，一組
XBRT=/,配偶；伴侶；同伴，伙伴
XBRWN/,希伯崙，《思》赫貝龍
XBRWN=/,希伯崙，《思》赫貝龍
XBR[,相連，相接，連接；（互相）觸碰
XBV[,打，敲打；打穀
XBWR/,哈博河，《思》哈波爾
XBWRH/,傷口，損傷；創傷，碰傷，瘀傷
XBYLT/,水仙
XBYNJH/,哈巴洗尼雅，《思》哈巴漆尼雅
XCB/,腰帶，束腰帶，帶子
XCBDNH/,哈拔大拿，《思》哈協巴達納
XCBH/,哈舒巴，《思》哈叔巴
XCBNH/,哈沙拿，《思》哈沙貝納
XCBNJH/,哈沙尼，《思》哈沙貝乃雅
XCB[,思想；考慮
XCC/,乾草；糠粃
XCH[,靜默，緘默，沉默，不作聲
XCK/,黑暗
XCK=/,無名的，不著名的
XCKH/,黑暗
XCK[,變得昏暗，變黑暗
XCL[,疲乏；困倦；力竭
XCM/,戶珊，《思》胡商
XCM=/,哈順，《思》哈雄
XCM==/,哈順，《思》哈雄
XCML/,發光的銅，擦亮的銅；閃耀的金屬
XCMNH/,哈摩拿，《思》哈市摩納
XCMWN/,黑實門，《思》赫市孟
XCN/,胸袋
XCQ/,渴望；想要
XCQ=/,輻，輪輻
XCQ[,用桿連接
XCR/,轂
XCRH/,（雲）充滿水
XCTJ/,戶沙人，《思》胡沙人
XCWB/,哈述，《思》哈叔布
XDC/,新，新的
XDC=/,月，月份
XDC==/,月，月份
XDCH/,哈大沙，《思》哈達沙
XDD/,哈大，《思》哈達得
XDH/,歡喜，喜樂，高興
XDH[,歡喜，喜樂，高興
XDJD/,哈第，《思》哈狄得
XDL/,虛弱的，脆弱的；轉瞬即逝的，短暫的
XDL=/,（短暫的）世界；（會再次過去的）世界
XDLJ/,哈得萊，《思》哈德來
XDL[,不復存在，終止存在
XDQ/,荊棘
XDQL/,底格里斯，《思》底格里斯
XDR/,房間；內室
XDRK/,哈得拉，《思》哈得辣客
XDWH/,喜樂，快樂
XFK[,保留；留下不給
XFP/,小群
XFWP>/,哈蘇巴，《思》哈穌法
XG/,宴會，筵席；節慶，節期
XG>/,驚恐
XGB/,蝗蟲，蚱蜢
XGB=/,蝗蟲，蚱蜢
XGG[,走路踉蹌；搖搖幌幌；東倒西歪
XGJ/,哈基
XGJ=/,哈該，《思》哈蓋
XGJ==/,哈基
XGJH/,哈基雅
XGJT/,哈及，《思》哈基特
XGLH/,曷拉，《思》曷革拉
XGR[,束上，束緊；穿著（衣服 ， 盔甲）
XGW/,岩石的裂隙；山穴，石穴，岩洞，岩石的洞穴
XJ>L/,希伊勒，《思》希耳
XJC/,迅速地來臨，速速來到；急速地發生
XJDH/,謎語
XJH=/,健康；強壯，健壯；有活力
XJH[,活著；成為有生命的；得生命；存活
XJL==/,外牆；外層防禦工事；外郭
XJL==[,等候，等待
XJLM/,希蘭，《思》赫藍
XJL[,等候，等待
XJN/,美麗；優雅
XJQ/,身體；胸膛；懷中，懷裡；（坐著時的）大腿上面
XJRH/,希拉，《思》希辣
XJRM/,希蘭
XJWT/,活著，存活
XJY/,危牆；不穩固的牆
XJYWN/,外，外面，向外
XK/,上顎，上膛
XKH/,魚叉，魚矛
XKJLH/,哈基拉山，《思》曷勒士山，哈基拉山
XKLJH/,哈迦利亞，《思》哈加里雅
XKLJLJ/,充血的眼睛；眼睛發紅
XKLLWT/,充血的眼睛；眼目紅赤
XKM/,有智慧，聰明；能幹；技巧熟練；靈巧；狡猾
XKMH/,智慧；聰明；技能
XKMWNJ/,哈革摩尼，《思》哈革摩尼
XKM[,有能力；熟練；明智，有智慧，聰明
XL/,普通的，平常的；世俗的，俗的
XL>[,生病，患病
XLB/,奶
XLBH/,黑巴，《思》赫耳巴
XLBNH/,白松香，喜利比拿
XLBWN/,黑本，《思》赫耳朋
XLC/,軟弱
XLC[,虛弱；變得軟弱；氣絕，斷氣
XLD/,世界，世上
XLD=/,貓鼬，鼬鼠，虎鼬
XLD==/,希立，《思》赫肋得
XLDH/,户勒大，《思》胡耳達
XLDJ/,黑玳，《思》赫耳待
XLH/,餅（細麵餅，細麥麵餅）
XLH[,虛弱，軟弱；沒有力量；生病；受傷
XLJ/,病症，疾病；傷患
XLJH/,飾物，妝飾，首飾；珠寶
XLJL/,笛子
XLJLH,上帝不容許 ！一定不會；決不！絕不！
XLJPH/,套
XLJYH/,所有物；財物
XLL/,刺殺；被刺傷；被殺；傷重而死；受致命的傷
XLL[,玷污自己
XLMJC/,燧石，火石，打火石；堅石 ；磐石，岩石
XLMWT/,馬齒莧汁，錦葵
XLM[,變得強壯，漸漸肥壯
XLN/,希倫，《思》赫隆，厄隆
XLN=/,何崙，《思》曷隆
XLP/,作為酬報，作為酬勞
XLP=/,作為酬報，作為酬勞
XLP=[,浮現，出現；更新；再次興起；生長
XLP[,浮現，出現；更新；再次興起；生長
XLQ/,部分；份，一份
XLQ=/,光滑
XLQ==/,光滑
XLQ===/,部分；份，一份
XLQ====/,部分；份，一份
XLQH/,產業，地業；份
XLQH=/,產業，地業；份
XLQH==/,分隊，班次
XLQJ/,希勒族，《思》赫肋克家族
XLQJ=/,希勒愷，《思》赫耳凱
XLQJH/,希勒家，《思》希耳克雅
XLQT/,黑甲，《思》赫耳卡特
XLQ[,分開；劃分
XLV[,接納，接受
XLWCH/,打敗仗
XLWM/,夢
XLWN/,窗戶
XLWP/,無助的人；貧困的人；孤苦無助者
XLX/,哈臘，《思》哈拉黑，哈辣
XLXLH/,顫抖，戰兢；憂愁，悲痛；極度痛苦
XLXWL/,哈忽，《思》哈耳胡耳
XLY/,希利斯，《思》赫肋茲
XLY=/,希利斯，《思》赫肋茲
XLY[,脫去，脫下；取出；除去；拔出
XM/,熱
XM>H/,凝乳，奶油，乳酪
XMC/,五
XMC=/,第五份；五分之一
XMC==/,第五份；五分之一
XMD/,令人渴求的東西；美好；豐碩；肥沃；多結果子
XMDN/,欣但，《思》赫默丹
XMD[,渴求，想要；貪愛，貪戀，貪圖
XMH/,毒物，毒液；攻擊
XMH=/,熱氣，熱量
XMJCJ/,第五
XMJCJT/,第五
XMJY/,（用鹽）調味的；加了鹽的
XMLH/,憐恤，憐憫；仁慈
XMLH=/,憐恤，憐憫；仁慈
XMN/,焚香的壇，香壇
XMQ[,轉身
XMR/,泥漿；陶土；灰漿，灰泥
XMR=/,泥漿；陶土；灰漿，灰泥
XMR==/,瀝青；柏油
XMR===/,（發酵中的）酒
XMRN/,哈默蘭，《現》欣但，《思》哈默郎
XMS/,強暴，兇暴，暴力，殘暴
XMT/,皮袋
XMT=/,哈馬，《思》哈瑪特
XMT==/,哈末，《思》哈瑪特
XMT===/,哈末，《思》哈瑪特
XMTJ/,哈馬人，《思》哈瑪特人
XMT_D>R/,哈末·多珥，《思》哈摩特多爾
XMV/,小蜥蜴
XMVH/,宏他，《思》胡默達
XMW>L/,哈母利，《思》哈慕耳
XMWL/,哈母勒，《思》哈慕耳
XMWLJ/,哈母勒族，《思》哈慕耳家族
XMWN/,哈們，《思》哈孟
XMWQ/,弧形，曲線
XMWR/,驢
XMWT/,婆婆，岳母
XMWY/,欺壓者
XMWY=/,欺壓者
XMY=/,酸酒；醋
XN/,美麗；優雅；有魅力
XN=/,美麗；優雅；有魅力
XNDD/,希拿達，《思》赫納達得
XNH/,哈拿，《思》亞納
XNH[,安營，扎營
XNJ>L/,漢尼業，《現》漢聶，《思》哈尼耳
XNJK/,受過訓練的；精練的，熟練的；富有經驗的
XNJNH/,以仁慈對待，以慈悲對待，施憐憫，憐憫
XNJT/,矛，槍
XNKH/,奉獻
XNKJ/,哈諾族，《思》哈諾客家族
XNK[,奉獻
XNM,不用付款，免費，不用花錢，白白
XNM>L/,哈拿篾，《思》哈納默耳
XNML/,洪水；暴雨 ；霜；雨夾雪或雹，凍雨
XNN/,哈難，《思》哈南
XNN>L/,哈楠業，《思》哈納乃耳
XNNJ/,哈拿尼，《思》哈納尼
XNNJH/,哈拿尼雅，《思》哈納尼雅
XNN[,被仁慈對待；寬宏大量；憐憫；恩待，施恩；眷顧；同情
XNP/,污染；玷污；使污穢
XNP=/,生活不敬虔；行褻瀆的事；一言一行都侮辱上主
XNPH/,不敬虔；褻瀆
XNP[,污染；玷污；使污穢
XNQ[,勒死（用繩子纏繞頸項）自己；吊死自己，上吊自殺
XNS/,哈內斯，《思》哈乃斯
XNTN/,哈拿頓，《思》哈納通
XNWK/,以諾，《思》哈諾客
XNWK=/,以諾，《思》哈諾客
XNWN/,寬宏大量；仁慈；有恩惠的
XNWN=/,哈嫩，《思》哈農
XNWT/,地窖；地牢，地下室
XP/,純潔，清潔；無辜
XP>[,暗中行事
XPC/,布；毯子
XPCH/,自由
XPCJ/,自由
XPF/,策劃，圖謀
XPF[,搜尋，搜查；鑒察；察看；檢查；省察
XPJM/,戶平，《思》胡平
XPN/,雙手，兩手，兩掌
XPNJ/,何弗尼，《思》曷弗尼
XPP[,遮蔽，庇護；給予保護
XPR=[,用爪子搔地，用蹄子刨地，用蹄挖地
XPRJ/,希弗族，《思》赫斐爾家族
XPRJM/,哈弗連，《思》哈法辣殷
XPY/,喜悅，喜歡
XPY=/,喜愛，喜悅，喜歡；愛慕
XPYJ_BH/,協西巴，《思》赫斐漆巴
XPY[,喜愛，喜悅，喜歡；愛慕
XPZWN/,匆忙，急忙
XPZ[,懼怕，驚惶，驚慌，恐慌，慌張，膽戰心驚
XQ/,任務，工作
XQH/,風俗，習俗；習慣，慣例
XQQ/,戶割，《思》胡科克
XQQ[,雕刻；描繪，繪畫；書寫，記錄
XQR/,測度，測量；調查
XQR[,尋找；察驗；搜索；鑒察；查究；考察；偵查；仔細詢問；試探；測試；查明；探聽
XQWP>/,哈古巴，《思》哈谷法
XRB/,鑿子；刀
XRB=/,乾的
XRB==/,乾的
XRB===/,何烈山，《思》曷勒布
XRBH/,旱地，乾地，陸地
XRBWN/,乾旱
XRBWN>/,哈波拿，《思》哈波納
XRB[,變乾，乾涸
XRC/,匠人，工匠
XRC=/,耳聾
XRC===/,匠人，工匠
XRC====/,匠人，工匠
XRC=====/,匠人，工匠
XRC======/,匠人，工匠
XRC>/,哈沙，《思》哈爾沙
XRCT/,銘刻，雕刻
XRC[,銘刻，雕刻
XRD/,顫抖，戰兢
XRDH/,顫抖，戰兢；震驚
XRDH=/,顫抖，戰兢；震驚
XRDJ/,哈律人，《思》哈洛得人
XRD[,搖晃；震動，颤抖
XRF/,瓦器；瓦罐
XRGL/,蝗蟲
XRG[,顫抖，戰兢，戰慄
XRH=[,減少
XRHJH/,哈海雅，《思》未譯出
XRH[,減少
XRJ=/,發怒，氣憤
XRJC/,犁地；耕種
XRJCJ/,炎熱的（風），灼熱的（風）
XRJP/,哈拉，《思》哈黎夫，哈黎布
XRJV/,錢包，皮包，荷包；口袋，袋子
XRJY/,奶餅，乳酪
XRJY=/,奶餅，乳酪
XRM/,拖網；網羅；網
XRM=/,拖網；網羅；網
XRM==/,哈琳，《思》哈陵
XRM===/,和璉，《思》曷楞
XRM=[,（人）殘疾；（耳朵、鼻子或嘴唇）受損的
XRMC/,鐮刀
XRMH/,何珥瑪，《思》曷爾瑪
XRMWN/,黑門，《思》赫爾孟
XRM[,（人）殘疾；（耳朵、鼻子或嘴唇）受損的
XRN/,哈蘭，《思》哈郎，哈蘭
XRN=/,哈蘭，《思》哈郎，哈蘭
XRNJ/,和倫人，《思》曷龍人
XRNPR/,哈尼弗，《思》哈爾乃費爾
XRP/,秋季；冬天
XRP=/,秋季；冬天
XRP==/,哈勒，《思》哈勒夫
XRP=[,責備；嘲諷，譏笑；侮辱；毀謗；藐視；褻瀆
XRPH/,羞恥；侮辱，羞辱
XRP[,責備；嘲諷，譏笑；侮辱；毀謗；藐視；褻瀆
XRQ[,咬牙切齒
XRS/,疥瘡，疥癬
XRS=/,疥瘡，疥癬
XRT/,哈列，《思》赫勒特
XRT[,刻
XRV/,鑿子?；模具?
XRVM/,行法術的 ， 術士；巫師
XRWL/,雜草，野草；蕁麻，刺草，荊棘
XRWMP/,哈路抹，《思》哈魯瑪夫
XRWN/,枯萎；乾燥
XRXR/,灼熱，炙熱
XRXS/,哈珥哈斯，《思》哈爾哈斯
XRXWR/,哈忽，《思》哈爾胡爾
XRYN/,（葡萄的）種子，葡萄核
XRY[,說話（反對）；說（某人或某事）不好；犬吠；低吼，咆哮
XR_HGDGD/,曷‧哈及甲，《思》曷爾哈基加得
XSD/,忠誠；信實；恩待，厚待
XSD=/,忠誠；信實；恩待，厚待
XSD==/,忠誠；信實；恩待，厚待
XSDJH/,哈撒底，《思》哈撒狄雅
XSH/,何薩，《思》曷撒
XSH=/,何薩，《思》曷撒
XSH[,避難，尋找避難所，尋求庇護
XSJD/,忠誠的人，忠貞的人；忠信的人；可靠的人；敬虔的人，虔誠人；聖民
XSJDH/,鸛
XSJL/,蝻子，小蝗蟲
XSJN/,強有力的，大能
XSL[,吞噬；吃盡，吃光
XSM[,給……戴口套；籠住……的嘴
XSN/,強大；有權勢
XSN=/,財寶，財富
XSPS[,像小薄片
XSR/,缺少，缺乏，短缺；衰退；消退；漸乾
XSR=/,缺乏，短缺；窮乏，貧窮
XSR==/,欠缺，缺少
XSRH/,哈斯拉，《思》哈色辣
XSRWN/,缺乏；缺少的東西
XSR[,缺少，缺乏，短缺；衰退；消退；漸乾
XSWT/,避難；尋求庇護
XT/,折斷
XT=/,折斷
XT==/,赫，《思》赫特
XTH/,驚嚇；使驚恐，使驚慌，使驚懼
XTJ/,赫人，《思》赫特人
XTJT/,使驚恐，使恐懼
XTK[,決定；判決
XTLH/,包裹布，襁褓
XTLN/,希特倫，《思》赫特隆
XTL[,用布包裹
XTMT/,印，印戒，印章
XTM[,密封，封緘，封住，封閉；蓋上印
XTN/,新郎
XTNH/,結婚，成婚；婚筵
XTN[,通婚；彼此結親
XTP/,強盜
XTR[,挖
XTT[,破裂；裂開
XTWL/,繃帶
XV>/,有罪
XV>=/,因……而有罪；為……受責備
XV>H/,有罪
XVB=[,砍（下）；雕刻；鑿
XVB[,砍（下）；雕刻；鑿
XVH/,小麥，麥子
XVJL/,哈替，《思》哈堤耳，哈提耳
XVJP>/,哈提法
XVJV>/,哈底大，《思》哈提達
XVM[,克制自己，約束自己；忍耐
XVP[,搶奪；抓住
XVR/,幼芽，嫩芽，嫩枝；樹枝
XVWC/,哈突，《思》哈突士
XWBH/,何把，《思》曷巴
XWC=[,迅速地來臨，速速來到；急速地發生
XWCH/,戶沙，《思》胡沙
XWCJ/,戶篩，《思》胡瑟
XWCJM/,戶伸，《思》胡生
XWCJM=/,戶伸，《思》胡生
XWC[,迅速地來臨，速速來到；急速地發生
XWD[,出謎語
XWG/,圓圈；水平線；拱頂，圓頂；頂篷
XWH/,定居點（村莊，鄉鎮，城邑）
XWH=/,定居點（村莊，鄉鎮，城邑）
XWH[,屈身；趴下
XWJ/,希未人，《思》希威人，曷黎人
XWJLH/,哈腓拉，《思》哈威拉
XWL/,沙，沙土
XWL==/,等候，等待
XWL[,等候，等待
XWM/,深色；黑色
XWMH/,牆垣，牆壁；城牆
XWP/,海岸，沿海一帶，海邊
XWPM/,戶反，《思》胡番
XWPMJ/,戶反族，《思》胡番家族
XWRJ=/,戶利，《思》胡黎
XWRJ==/,戶萊，《思》胡賴
XWRM/,戶蘭，《思》胡番
XWRN/,浩蘭，《思》豪郎
XWS[,憐憫，憐恤；愛惜，顧惜，寬待；在意
XWTM/,印，印章；圖章
XWV/,線，線繩，繩子
XWY/,外邊，外面，外頭
XX/,鈎子
XY/,箭
XYB[,鑿；砍 ；挖掘；切割；修整；開採
XYH[,分開
XYJ/,（物體或物質的）一半
XYJ=/,（物體或物質的）一半
XYR/,村莊，鄉村；定居點
XYRMWT/,哈薩瑪非，《思》哈匝瑪委特
XYRWN/,希斯倫，《思》赫茲龍
XYRWN=/,希斯倫，《思》赫茲龍
XYRWNJ/,希斯倫族，《思》赫茲龍家族
XYRWT/,哈洗錄，《思》哈茲洛特，哈責洛特，哈則洛特
XYR_<JNN/,哈薩‧以難，《思》哈匝爾厄南
XYR_<JNWN/,哈薩‧以難，《思》哈匝爾厄南
XYR_>DR/,哈薩‧亞達，《思》哈匝爾阿達爾
XYR_CW<L/,哈薩‧書亞，《思》哈匝爾叔阿耳，哈匝叔阿耳
XYR_GDH/,哈薩‧迦大，《思》哈匝爾加達
XYR_SWSH/,哈薩‧蘇撒，《思》哈匝爾穌撒
XYR_SWSJM/,哈薩‧蘇撒，《思》哈匝爾穌心
XYWR/,夏瑣，《思》哈祚爾
XYWR_XDTH/,夏瑣‧哈大他，《思》哈祚爾哈達大
XYWT/,（時間的）中間；半（夜）
XYY/,砂礫，碎石，沙石
XYYN_TMR/,哈洗遜‧他瑪，《思》哈匝宗塔瑪爾
XYYRH/,小號，號，號筒
XYY[,列隊行進；分隊而出
XZ>L/,哈薛，《思》哈匝耳
XZH/,胸
XZH=/,先見，先知
XZH[,看見；活著看見
XZJ>L/,哈薛，《思》哈齊耳
XZJH/,哈賽雅，《思》哈匝雅
XZJR/,（野生的）豬
XZJR=/,希悉，《思》赫齊爾
XZJZ/,風暴雲
XZQ/,強大，強盛；強而有力，大有能力，大能的
XZQ=/,力量；權力；勢力；大能
XZQ==/,強大，強盛，強而有力，大有能力
XZQ===/,力量
XZQH/,修理
XZQH=/,力量；權力；大能；強盛
XZQJ/,希西基，《思》希次克
XZQJH/,希西家，《思》希則克雅
XZQ[,強大，剛強，強盛；優勝，勝過；壓倒
XZW/,哈瑣，《思》哈左
XZWN/,夢
XZWT/,顯眼的，引人注意的
Y<D/,腳步，步伐
Y<DH/,臂鐲；手鐲
Y<D[,走一步
Y<H[,俯伏在地；跪下，跪拜；敬拜
Y<JP/,帕子
Y<JR/,小的；不重要的
Y<JR=/,小的；不重要的
Y<JRH/,小的
Y<N/,瑣安，《思》左罕
Y<NNJM/,撒拿音，《思》匝納寧，匝阿納寧
Y<QH/,喊叫；求助
Y<Q[,召集在一起；聚集；集合
Y<R/,瑣珥，《思》左哈爾
Y>H/,鶴嘴鋤；鋤頭；犂頭
Y>H=/,排泄物；糞
Y>N/,羊群；小牛；綿羊和山羊
Y>NN/,撒南，《思》匝南
YB/,車，手推車；牛車，馬車
YB</,染布；彩衣
YB<JM/,洗編，《思》責波殷
YB<WN/,祭便，《思》漆貝紅
YB=/,車，手推車；牛車，馬車
YB>/,工作，辦事；事奉
YB>=/,工作，辦事；事奉
YB>JM/,洗扁，《思》責波殷
YBH/,腫脹了，脹大了
YBH[,腫脹，脹大
YBJ>/,洗比雅，《思》漆彼雅
YBJH/,羚羊，瞪羚
YBR/,堆；疊
YBT/,禾捆
YBW</,有斑點的
YD/,肋下；身旁；側邊
YD=/,肋下；身旁；側邊
YDD/,西達達，《思》責辣得，責達得
YDH=[,埋伏
YDH[,埋伏
YDJH/,埋伏
YDJM/,西丁，《思》漆丁
YDJQ/,公義；公正；正直；守義；無辜，清白
YDQ/,公正的；正確的
YDQH/,公義；公正；拯救；勝利；辯護；繁榮
YDQJH/,西底家，《思》漆德克雅
YDQ[,公義的；證明是正直的；公正的；對的；無辜的
YDWQ/,撒督，《思》匝多克
YHB/,發黃的（頭髮；表示生病）
YJ/,船隻
YJ<R/,洗珥，《思》漆敖爾
YJ=/,船隻
YJB>/,洗巴，《思》漆巴
YJD/,狩獵
YJD=/,狩獵
YJD==/,獵人
YJDH/,糧食，食物
YJDNJ/,西頓人，《思》漆冬人
YJDWN/,西頓，《思》漆冬
YJH/,乾旱
YJNQ/,鐵枷鎖；頸枷鎖
YJR/,像，偶像
YJR=/,像，偶像
YJR==/,像，偶像
YJR===/,像，偶像
YJWN=/,標竿；標記；記號
YJWN==/,錫安，《思》熙雍
YJX>/,西哈，《思》漆哈
YJY/,開花；花
YJY=/,開花；花
YJYH/,開花；花
YJYT/,繸子；髮束
YL<=/,肋骨
YLH/,洗拉，《思》漆拉
YLJ/,烤過的
YLM/,像，偶像
YLMN</,撒慕拿，《思》匝耳慕納
YLMNH/,撒摩拿，《思》匝耳摩納
YLMWN/,撒們，《思》匝耳孟
YLMWN=/,撒們，《思》匝耳孟
YLMWT/,深沉黑暗
YLP/,薩拉，《思》匝拉弗
YLPXD/,西羅非哈，《思》責羅斐哈得
YLQ/,洗勒，《思》責肋克
YLTJ/,洗勒太，《思》漆耳泰
YLXJT/,碗；盤
YLX[,衝向；臨到；纏住；對……產生強有力的影響；控制
YLYX/,謝撒，《現》泄撒，《思》未譯出
YM>/,口渴
YM>=/,口渴
YM>H/,口渴
YM>WN/,乾旱的大地；枯焦的大地
YM>[,口渴
YMD/,一對；軛
YMD[,綁住；佩帶
YMH/,面紗
YMJD/,手鐲
YMJD=/,手鐲
YMJM/,口渴
YMR/,羊毛
YMRJ/,洗瑪利人，《思》責瑪黎人
YMRJM/,洗瑪臉，《思》責瑪辣因
YMT[,消失；不見
YMX/,芽；生長；植被
YMX[,發芽；長起來；突然出現
YN/,刺；荊棘
YN=/,尋，《思》親
YN>/,羊群；小牛；綿羊和山羊
YNH/,冷
YNH=/,冷
YNH==/,冷
YNJNJM/,刺；荊棘
YNM/,乾掉；枯萎
YNN/,洗楠，《思》責南
YNPH/,頭巾
YNP[,捲起來
YNWR/,水道；引水溝
YNX[,下到
YP</,眼鏡蛇
YPH/,看守；鑒察
YPJH/,守望；等待
YPJR/,公山羊
YPJRH/,冠冕；王冠
YPJT/,布；地毯
YPJWN/,洗非芸，《思》漆斐雍
YPJXT/,薄餅
YPNJH/,西番雅，《思》責法尼雅
YPNT_P<NX/,撒發那特‧巴內亞，《思》匝斐納特帕乃亞
YPN[,潛伏；伺機；埋伏
YPP[,嘰嘰喳喳；呢喃；鳴叫
YPRD</,蛙（災）
YPRH/,西坡拉，《思》漆頗辣
YPRN/,指甲
YPR[,轉頭；離開
YPT/,柱頂
YPT=/,洗法，《思》責法特
YPWJ/,覆蓋；電鍍
YPWN/,北方，北面（音譯：撒分山）
YPWN==/,洗分，《思》責豐
YPWR/,麻雀
YPXT/,瓶；罐；水壺
YPYPH/,柳樹
YQLG/,洗革拉，《思》漆刻拉格
YR<H/,黃蜂；胡蜂
YR<H=/,瑣拉，《思》祚辣
YR<T/,皮膚病；黴菌
YR<[,患皮膚病；受到黴菌的影響
YR=====/,側耳，《思》責爾
YRB/,被燒毀；被燒焦
YRB[,被燒毀；被燒焦
YRDH/,洗利達，《思》責勒達
YRH/,困難；苦惱；痛苦
YRH=/,困難；苦惱；痛苦
YRJ=/,推羅人，《現》泰爾人，《思》提洛人
YRJ==/,蘇合香；香脂
YRJX/,地窖；地穴
YRK/,需求
YRPJ/,金匠，銀匠
YRPT/,撒勒法，《思》匝爾法特
YRP[,試驗
YRRH/,西利拉，《思》責勒達
YRT/,洗列，《思》責勒特
YRTN/,撒拉但，撒拉他拿，《思》匝爾堂
YRT_HCXR/,細列‧沙轄，《思》責勒特沙哈爾
YRW<H/,洗魯阿，《思》責魯阿
YRWJH/,洗魯雅，《思》責魯阿
YRWR/,袋子；捆；錢袋；香囊
YRWR=/,袋子；捆；錢袋；香囊
YRWR==/,袋子；捆；錢袋；香囊
YRX[,大叫
YW/,命令；教訓
YW<R/,蘇押，《思》族阿爾
YWB>/,瑣巴，《思》祚巴，祚爾
YWLH/,深處
YWM[,禁食
YWP/,流動
YWP=/,流動
YWPX/,瑣法，《思》祚法黑
YWP[,流動
YWQ[,嘮叨；纏繞；壓迫；引起困擾
YWR/,磐石
YWR=/,磐石
YWR==/,磐石
YWR=[,圍起來
YWRH/,計劃；設計
YWRJ>L/,蘇列，《思》族黎耳
YWRJCDJ/,蘇利沙代，《思》族黎沙待
YWR[,圍起來
YWT[,焚燒
YWXH/,哭
YWX[,大叫
YWY=[,開花；盛放；繁榮
YWY[,開花；盛放；繁榮
YX/,明亮的白色
YXH/,虛弱；乾燥
YXH[,虛弱；乾燥
YXJX/,光禿的表面
YXJXH/,乾旱之地，沙漠地
YXNH/,臭氣
YXQ/,笑，笑聲
YXQ[,笑
YXR/,黃褐色；白色
YXR=/,瑣轄，《思》祚哈爾
YXYXH/,乾旱之地
Z<H/,汗；汗水
Z<JR/,小，細
Z<K[,耗盡，消耗；完了
Z<M/,憤怒，烈怒；惱怒，惱恨
Z<M[,表達憤怒，發洩怒氣；向……發怒
Z<P/,烈怒，氣憤，惱怒，怒氣沖天
Z<P=/,狂怒的；憂悶生氣
Z<P[,發烈怒
Z<QH/,喊叫；求助
Z<Q[,喊叫；求助
Z<WN/,撒番，《思》匝汪
Z>B/,狼
Z>B=/,狼
ZBD=/,撒拔，《思》匝巴得
ZBDJ/,撒底，《思》匝貝狄
ZBDJ>L/,撒巴第業，《思》匝貝狄爾
ZBD[,送給貴重的禮物，賜給厚禮，賜予厚賞
ZBJ/,薩拜，《思》匝拜
ZBJN>/,西比拿，《思》則彼納
ZBWB/,蒼蠅
ZBWD/,撒布得，《思》匝步得
ZBWLN/,西布倫，《思》則步隆
ZBWLNJ/,西布倫人，《思》則步隆人
ZBX/,獻祭
ZBX=/,獻祭
ZBX[,屠宰；宰殺
ZD/,狂傲，驕傲，傲慢；狂妄自大；任意妄為
ZDWN/,狂傲，驕傲，傲慢；狂妄自大；任意妄為
ZG/,（葡萄）皮
ZHB/,金，金子
ZHM/,抗拒；厭惡，厭棄
ZHR/,明亮；閃耀；輝煌；發光，放光
ZHR[,發光；明亮；耀眼
ZJ</,細亞，《思》齊雅
ZJDWN/,洶湧的；沸騰的；動盪的
ZJD[,熬，煮
ZJN>/,細拿，《思》齊匝
ZJP/,西弗，《思》齊弗
ZJP=/,西弗，《思》齊弗
ZJPH/,西法，《思》齊法
ZJPJ/,西弗人，《思》齊弗人
ZJQH/,鎖鏈，鐵鐐；腳鐐
ZJT/,橄欖樹
ZJTN/,細坦，《思》則堂
ZJZ/,田野的動物，田野的走獸，野地的走獸
ZJZ=/,田野的動物，田野的走獸，野地的走獸
ZJZ>/,細撒，《思》齊匝
ZJZH/,細撒，《思》齊匝
ZK/,純淨
ZKH[,公正的；正義的
ZKK[,潔淨的；純淨的
ZKR/,紀念，記念；紀念活動；回憶；聲望
ZKR=/,公，雄性；男人，男子，男丁
ZKR==/,紀念，記念；紀念活動；回憶；聲望
ZKRJ/,細基利，《思》齊革黎
ZKRWN/,紀念，記念；回憶
ZKWKJT/,玻璃
ZKWR=/,男人，男子，男丁
ZKWR==/,撒刻，《思》匝雇爾
ZL<PH/,熱，高溫
ZLL[,貪吃的人
ZLPH/,悉帕，《思》齊耳帕
ZMH/,計劃
ZMH=/,計劃
ZMJR/,歌唱，唱歌；歌，詩歌
ZMJR=/,歌唱，唱歌；歌，詩歌
ZMJRH/,細米拉，《思》則米辣
ZMM[,計劃，定意；圖謀，設計惡謀，心懷詭計，懷有惡念
ZMR/,山綿羊；鹿
ZMRJ/,心利，《思》齊默黎
ZMRJ=/,心利，《思》齊默黎
ZMRN/,心蘭，《思》齊默郎
ZMR[,歌頌，歌唱讚美
ZMWRH/,葡萄樹枝
ZMZMJM/,散送冥，《現》散組明，《思》匝默組明
ZN/,種類；品種
ZNB/,尾巴；後面
ZNB[,攻擊在後面的，從後面襲擊
ZNQ[,向前躍出
ZNWNJM/,行淫，行淫亂
ZNWT/,淫行，淫亂，邪淫，姦淫
ZNWX/,撒挪亞，《思》匝諾亞
ZNWX=/,撒挪亞，《思》匝諾亞
ZNX=[,發臭，變臭；令人厭惡
ZNX[,發臭，變臭；令人厭惡
ZPT/,瀝青，柏油，焦油
ZQN/,年老，老年，年紀老邁，壽高年邁
ZQN=/,鬍鬚，鬍子
ZQN==/,年紀老邁，年紀大了
ZQNH/,年老
ZQNJM/,年老，老年
ZQN[,年老，衰老，年紀老邁；老了，已老
ZQQ[,精煉的；純，純淨的；澄清的
ZR</,種子；果子；穀物，穀粒，穀種
ZR<[,撒種，播種；種植，栽種；耕種
ZR=/,邊，牙邊
ZR>/,使人厭惡的東西；令人嘔吐的東西
ZRBBL/,所羅巴伯，《思》則魯巴貝耳
ZRB[,溶化
ZRC/,細利斯，《思》則勒士
ZRD/,撒烈，《思》則勒得
ZRM/,暴雨，暴風雨；豪雨；狂風暴雨
ZRMH/,射出（精子）
ZRQ=[,撒；灑
ZRQ[,撒；灑
ZRT/,一虎口，一掌
ZRW</,手臂，膀臂
ZRW<=/,種子
ZRXJ/,謝拉族，《思》則辣黑家族
ZRXJH/,西拉希雅，《思》則辣希雅
ZRX[,上升；（太陽）出來；日出
ZRZJP/,澆水，澆灌；濕潤，滋潤
ZRZJR/,公雞，雄雞
ZTM/,西坦，《思》則堂
ZTR/,西達，《思》則塔爾
ZTW>/,薩土，《思》匝突
ZW/,西弗月
ZW<H/,驚駭，驚恐
ZWB[,流，流動；湧出
ZWJT/,角
ZWLH/,除……以外；除了；只是；此外
ZWL[,拿出，取出
ZWR=[,擠出
ZWXT/,梭黑，《思》左赫特
ZWZJ/,蘇西人，《思》組斤
ZXLT/,蛇
ZXL[,爬行
ZXX[,鬆脫
ZZ>/,撒蕯，《思》匝匝
